dataset,model,reasoning,labels,feature_cap,n_train,balanced_accuracy__mean,balanced_accuracy__std,balanced_accuracy__count,matthews_corrcoef__mean,matthews_corrcoef__std,matthews_corrcoef__count,f1_macro__mean,f1_macro__std,f1_macro__count,f1_score__mean,f1_score__std,f1_score__count,roc_auc__mean,roc_auc__std,roc_auc__count
APSFailure,DUMMY,off,hidden,full,50,0.5,0.0,5,0.0,0.0,5,0.494949494949495,0.0,5,0.97010101010101,0.0,5,0.5,0.0,5
APSFailure,DUMMY,off,visible,full,50,0.5,0.0,5,0.0,0.0,5,0.494949494949495,0.0,5,0.97010101010101,0.0,5,0.5,0.0,5
APSFailure,QWEN,off,hidden,full,50,0.5,0.0,2,0.0,0.0,2,0.494949494949495,0.0,2,0.97010101010101,0.0,2,,,0
APSFailure,REALTABPFN-V2,off,hidden,full,50,0.5989795918367347,0.13787787423990344,5,0.27853905165755305,0.38800293699623933,5,0.6287750602471414,0.18442133947426,5,0.9763991180843972,0.011108622594559272,5,0.9693877551020409,0.038009348024875864,5
APSFailure,REALTABPFN-V2,off,visible,full,50,0.5989795918367347,0.13787787423990344,5,0.27853905165755305,0.38800293699623933,5,0.6287750602471414,0.18442133947426,5,0.9763991180843972,0.011108622594559272,5,0.9693877551020409,0.038009348024875864,5
APSFailure,RF,off,hidden,full,50,0.4989795918367347,0.0022817020178569477,5,-0.00287153661502632,0.006420951071078496,5,0.4944367533200021,0.0011465251384402033,5,0.9690960365072039,0.002247189271342668,5,0.976530612244898,0.015135098953256517,5
APSFailure,RF,off,visible,full,50,0.4989795918367347,0.0022817020178569477,5,-0.00287153661502632,0.006420951071078496,5,0.4944367533200021,0.0011465251384402033,5,0.9690960365072039,0.002247189271342668,5,0.976530612244898,0.015135098953256517,5
Amazon_employee_access,DUMMY,off,hidden,full,50,0.5,0.0,5,0.0,0.0,5,0.48453608247422675,0.0,5,0.9109278350515464,0.0,5,0.5,0.0,5
Amazon_employee_access,DUMMY,off,visible,full,50,0.5,0.0,5,0.0,0.0,5,0.48453608247422675,0.0,5,0.9109278350515464,0.0,5,0.5,0.0,5
Amazon_employee_access,GEMMA,off,hidden,full,50,0.4787234042553192,0.018806031414535854,5,-0.0441555479830378,0.031267261528631574,5,0.473538362216743,0.009797853573070017,5,0.890252120967477,0.01841996471737161,5,,,0
Amazon_employee_access,GEMMA,off,visible,full,50,0.47127659574468084,0.021802022906297038,5,-0.053362134949771,0.03349103008946114,5,0.4695771404233505,0.011514305970714941,5,0.8828050239958991,0.02164689522494413,5,,,0
Amazon_employee_access,LOCAL-GEMMA-3-27B,off,hidden,full,50,0.5035460992907801,0.05932434405787806,5,-0.005359898384509981,0.08770477189028278,5,0.4898756266067562,0.03833766316086829,5,0.8857661780207018,0.022888650499092614,5,,,0
Amazon_employee_access,LOCAL-LLAMA-3.1-8B,off,hidden,full,50,0.5,0.0,5,0.0,0.0,5,0.48453608247422675,0.0,5,0.9109278350515464,0.0,5,,,0
Amazon_employee_access,LOCAL-MISTRAL-7B-FP16,off,hidden,full,50,0.498936170212766,0.0023787957207444302,5,-0.00507836716119024,0.01135557418712401,5,0.48400192297420014,0.00119441695288704,5,0.9099236151914962,0.0022455038714276994,5,,,0
Amazon_employee_access,LOCAL-MISTRAL-7B-FP16,off,visible,full,50,0.5,0.0,5,0.0,0.0,5,0.48453608247422675,0.0,5,0.9109278350515464,0.0,5,,,0
Amazon_employee_access,LOCAL-MISTRAL-SMALL-3.1-24B-FP16,off,hidden,full,50,0.4829787234042553,0.01895588263958029,5,-0.034943935367035814,0.034662807154792585,5,0.47574402300751606,0.0098356131768719,5,0.8943987632541301,0.018490952772519196,5,,,0
Amazon_employee_access,LOCAL-MISTRAL-SMALL-3.1-24B-FP16,off,visible,full,50,0.5014184397163121,0.04374440833869367,5,0.00135703658821862,0.08655420064626702,5,0.4981654550144192,0.04329995153548777,5,0.8849954998715527,0.022177041686233967,5,,,0
Amazon_employee_access,LOCAL-QWEN3-30B-A3B,off,hidden,full,50,0.48723404255319147,0.016221224129762676,5,-0.029255324788439563,0.0309408396734988,5,0.47797246043201846,0.008393519028603042,5,0.8985882256121949,0.0157798157737737,5,,,0
Amazon_employee_access,LOCAL-QWEN3-30B-A3B,off,visible,full,50,0.48829787234042554,0.010231587266846481,5,-0.032775193843700076,0.02185124140723988,5,0.4785814591180747,0.0052484094394505895,5,0.8997331431419806,0.009867009746167109,5,,,0
Amazon_employee_access,LOCAL-QWEN3-32B-FP8,off,hidden,full,50,0.5141843971631206,0.06814141436374338,5,0.014819661542781882,0.08852501042350518,5,0.49194304435997155,0.04002464883031025,5,0.8494373636244505,0.04284138005063599,5,,,0
Amazon_employee_access,LOCAL-QWEN3-32B-FP8,off,visible,full,50,0.5865248226950355,0.13387053204545535,5,0.08994523997068904,0.14622328435304743,5,0.509249935251274,0.0416937680579665,5,0.8288332343880773,0.020086265918461108,5,,,0
Amazon_employee_access,LOCAL-QWEN3-8B,off,hidden,full,50,0.49787234042553197,0.004757591441488941,5,-0.00721844503771302,0.016140933796172346,5,0.4834621993127148,0.0024012757490332708,5,0.9089089347079039,0.004514398408182557,5,,,0
Amazon_employee_access,LOCAL-QWEN3-8B,off,visible,full,50,0.5,0.0,5,0.0,0.0,5,0.48453608247422675,0.0,5,0.9109278350515464,0.0,5,,,0
Amazon_employee_access,QWEN,off,hidden,full,50,0.4960992907801418,0.06464219013800306,5,-0.0190032126912932,0.09759827360121004,5,0.4871250387754181,0.0437100145859833,5,0.8787424413188386,0.016118263530216646,5,,,0
Amazon_employee_access,QWEN,off,visible,full,50,0.5283687943262411,0.13323261814095425,5,0.018636521083589635,0.17737743616993187,5,0.5011795648600653,0.07362292313740926,5,0.8810001906325752,0.019695141259083854,5,,,0
Amazon_employee_access,REALTABPFN-V2,off,hidden,full,50,0.5,0.0,5,0.0,0.0,5,0.48453608247422675,0.0,5,0.9109278350515464,0.0,5,0.475177304964539,0.06078677748727815,5
Amazon_employee_access,REALTABPFN-V2,off,visible,full,50,0.5,0.0,5,0.0,0.0,5,0.48453608247422675,0.0,5,0.9109278350515464,0.0,5,0.475177304964539,0.06078677748727815,5
Amazon_employee_access,RF,off,hidden,full,50,0.49361702127659574,0.0069353217076624,5,-0.02118301978358136,0.020481147061689724,5,0.48130878143302597,0.00351555002279747,5,0.9048605090940889,0.0066092340428592425,5,0.5154255319148936,0.08820498760294866,5
Amazon_employee_access,RF,off,visible,full,50,0.49361702127659574,0.0069353217076624,5,-0.02118301978358136,0.020481147061689724,5,0.48130878143302597,0.00351555002279747,5,0.9048605090940889,0.0066092340428592425,5,0.5154255319148936,0.08820498760294866,5
Bank_Customer_Churn,DUMMY,off,hidden,full,50,0.5,0.0,5,0.0,0.0,5,0.4444444444444445,0.0,5,0.7111111111111111,0.0,5,0.5,0.0,5
Bank_Customer_Churn,DUMMY,off,visible,full,50,0.5,0.0,5,0.0,0.0,5,0.4444444444444445,0.0,5,0.7111111111111111,0.0,5,0.5,0.0,5
Bank_Customer_Churn,GEMMA,off,hidden,full,50,0.5900000000000001,0.04731047716943888,5,0.24807765100096918,0.03735602604975348,5,0.589108493125768,0.05664638337258206,5,0.762146659608782,0.01749059297071272,5,,,0
Bank_Customer_Churn,GEMMA,off,visible,full,50,0.5974999999999999,0.05669959215020863,5,0.23258488137908623,0.10895995268268434,5,0.5973779942508689,0.072223400516299,5,0.7598901662495658,0.03438736161071237,5,,,0
Bank_Customer_Churn,LOCAL-GEMMA-3-27B,off,hidden,full,50,0.51875,0.036443449342783096,5,0.0544150901349227,0.14638169912048604,5,0.4951522311103405,0.062417968334002955,5,0.7231526606856356,0.027949971376426644,5,,,0
Bank_Customer_Churn,LOCAL-MISTRAL-7B-FP16,off,hidden,full,50,0.5025000000000001,0.012960275845829804,5,0.02010075630518424,0.10420453856999636,5,0.45322337501108445,0.023152351269236288,5,0.7137288285891638,0.011672530011554405,5,,,0
Bank_Customer_Churn,LOCAL-MISTRAL-7B-FP16,off,visible,full,50,0.5,0.015934435979977457,5,0.012564823004959896,0.11166006202583094,5,0.4519608683040176,0.0241144275956891,5,0.7117088178578568,0.013962358035806819,5,,,0
Bank_Customer_Churn,LOCAL-MISTRAL-SMALL-3.1-24B-FP16,off,hidden,full,50,0.53625,0.05836308764964375,5,0.07720139543924653,0.13675203916126144,5,0.5263296707987435,0.0714011424787458,5,0.7206833564192386,0.033221655267216564,5,,,0
Bank_Customer_Churn,LOCAL-MISTRAL-SMALL-3.1-24B-FP16,off,visible,full,50,0.5337500000000001,0.0804770930140994,5,0.05486348348241278,0.16718057661846986,5,0.5179861446161234,0.0902058857931926,5,0.7187678413758074,0.036998683857448554,5,,,0
Bank_Customer_Churn,LOCAL-QWEN3-30B-A3B,off,hidden,full,50,0.49874999999999997,0.0027950849718747233,5,-0.01005037815259212,0.022473328748774734,5,0.44382371198013654,0.0013879999860333845,5,0.7101179391682185,0.00222079997765342,5,,,0
Bank_Customer_Churn,LOCAL-QWEN3-30B-A3B,off,visible,full,50,0.5075000000000001,0.01677050983124846,5,0.030618621784789718,0.06846531968814575,5,0.4608585858585858,0.03670313599431474,5,0.7173737373737373,0.014003658040907696,5,,,0
Bank_Customer_Churn,LOCAL-QWEN3-32B-FP8,off,hidden,full,50,0.5475,0.0675462804305315,5,0.12312826478966574,0.15510671495831765,5,0.5359679857328179,0.08976743121283293,5,0.7399499838090093,0.041256564166661513,5,,,0
Bank_Customer_Churn,LOCAL-QWEN3-32B-FP8,off,visible,full,50,0.5075000000000001,0.023962861890851048,5,0.0045175418906823,0.070887197853967,5,0.4650283763412255,0.049521391445027936,5,0.7140454021459608,0.012365126430568247,5,,,0
Bank_Customer_Churn,LOCAL-QWEN3-8B,off,hidden,full,50,0.505,0.011180339887498926,5,0.04020151261036848,0.08989331499509894,5,0.4544648399397002,0.022406285488824673,5,0.715715172474949,0.010294994182121837,5,,,0
Bank_Customer_Churn,LOCAL-QWEN3-8B,off,visible,full,50,0.5,0.0,5,0.0,0.0,5,0.4444444444444445,0.0,5,0.7111111111111111,0.0,5,,,0
Bank_Customer_Churn,QWEN,off,hidden,full,50,0.51875,0.022963966338592285,5,0.0851877170855031,0.12874121926995405,5,0.488963810920632,0.04616904474602645,5,0.7256148247457386,0.01929834638479133,5,,,0
Bank_Customer_Churn,QWEN,off,visible,full,50,0.52,0.013549677117924213,5,0.10402435220194968,0.07114581121075292,5,0.4907474441172452,0.03251300800988683,5,0.7271215711339425,0.00938771996113099,5,,,0
Bank_Customer_Churn,REALTABPFN-V2,off,hidden,full,50,0.54,0.07403018809918016,5,0.1259311825840127,0.21920865133760312,5,0.5188404774411189,0.11162328501502172,5,0.7409139946750212,0.054534330373667714,5,0.7676875,0.0723933752580303,5
Bank_Customer_Churn,REALTABPFN-V2,off,visible,full,50,0.54,0.07403018809918016,5,0.1259311825840127,0.21920865133760312,5,0.5188404774411189,0.11162328501502172,5,0.7409139946750212,0.054534330373667714,5,0.7676875,0.0723933752580303,5
Bank_Customer_Churn,RF,off,hidden,full,50,0.56875,0.039031237489989996,5,0.2531827293457575,0.14132627957220734,5,0.5744038402188691,0.05783289426191463,5,0.7659794776835238,0.03136595439908295,5,0.7531874999999999,0.08715260278313557,5
Bank_Customer_Churn,RF,off,visible,full,50,0.56875,0.039031237489989996,5,0.2531827293457575,0.14132627957220734,5,0.5744038402188691,0.05783289426191463,5,0.7659794776835238,0.03136595439908295,5,0.7531874999999999,0.08715260278313557,5
Bioresponse,DUMMY,off,hidden,full,50,0.5,0.0,5,0.0,0.0,5,0.3548387096774194,0.0,5,0.3903225806451613,0.0,5,0.5,0.0,5
Bioresponse,DUMMY,off,visible,full,50,0.5,0.0,5,0.0,0.0,5,0.3548387096774194,0.0,5,0.3903225806451613,0.0,5,0.5,0.0,5
Bioresponse,REALTABPFN-V2,off,hidden,full,50,0.6494949494949495,0.0682846213380023,5,0.31738454767828567,0.13859231158261487,5,0.6452404399023846,0.07525241657958337,5,0.6536388012511726,0.07195542041589217,5,0.7216969696969697,0.09720831331702563,5
Bioresponse,REALTABPFN-V2,off,visible,full,50,0.6494949494949495,0.0682846213380023,5,0.31738454767828567,0.13859231158261487,5,0.6452404399023846,0.07525241657958337,5,0.6536388012511726,0.07195542041589217,5,0.7216969696969697,0.09720831331702563,5
Bioresponse,RF,off,hidden,full,50,0.6135353535353536,0.07011148875194986,5,0.23521858597799367,0.14469873468404995,5,0.612553443122593,0.07150779903101719,5,0.6197374323722962,0.07040573996630439,5,0.6930505050505051,0.0933375529239876,5
Bioresponse,RF,off,visible,full,50,0.6135353535353536,0.07011148875194986,5,0.23521858597799367,0.14469873468404995,5,0.612553443122593,0.07150779903101719,5,0.6197374323722962,0.07040573996630439,5,0.6930505050505051,0.0933375529239876,5
Diabetes130US,DUMMY,off,hidden,full,50,0.5,0.0,5,0.0,0.0,5,0.4764397905759162,0.0,5,0.8671204188481676,0.0,5,0.5,0.0,5
Diabetes130US,DUMMY,off,visible,full,50,0.5,0.0,5,0.0,0.0,5,0.4764397905759162,0.0,5,0.8671204188481676,0.0,5,0.5,0.0,5
Diabetes130US,GEMMA,off,hidden,full,50,0.5124542124542124,0.03535267713974871,5,0.021546267995991197,0.09612936395714561,5,0.5028627947016082,0.04529351486458371,5,0.8566388577854983,0.013962539249921286,5,,,0
Diabetes130US,GEMMA,off,visible,full,50,0.5124542124542124,0.03765012256138143,5,0.030496896598941097,0.11747627490988204,5,0.5043723174877267,0.049005917247587336,5,0.8569013407713856,0.016582022350555406,5,,,0
Diabetes130US,LOCAL-GEMMA-3-27B,off,hidden,full,50,0.5,0.0,5,0.0,0.0,5,0.4764397905759162,0.0,5,0.8671204188481676,0.0,5,,,0
Diabetes130US,LOCAL-LLAMA-3.1-8B,off,hidden,full,50,0.5,0.0,4,0.0,0.0,4,0.4764397905759162,0.0,4,0.8671204188481676,0.0,4,,,0
Diabetes130US,LOCAL-LLAMA-3.1-8B,off,visible,full,50,0.49725274725274726,0.0038852020944315662,2,-0.01580348853102535,0.02234950781338371,2,0.4750620005511159,0.0019484893391748359,2,0.8646128410030312,0.0035462505972982594,2,,,0
Diabetes130US,LOCAL-MISTRAL-7B-FP16,off,hidden,full,50,0.5113553113553113,0.04173252855275055,5,0.0059426930727814,0.07193260025497476,5,0.48844438057639844,0.034946960630385354,5,0.8525243282046008,0.02024533324163641,5,,,0
Diabetes130US,LOCAL-MISTRAL-7B-FP16,off,visible,full,50,0.47557997557997556,0.049874574518925754,5,-0.03250373180059872,0.09598063577170932,5,0.4300895411540768,0.1240211323987708,5,0.7354198361190887,0.2505631613591882,5,,,0
Diabetes130US,LOCAL-MISTRAL-SMALL-3.1-24B-FP16,off,hidden,full,50,0.5036630036630036,0.0570238290502831,5,0.017951882453288815,0.15797372404202534,5,0.5032955130554481,0.07294268646866871,5,0.8491362952993772,0.02892061638328243,5,,,0
Diabetes130US,LOCAL-MISTRAL-SMALL-3.1-24B-FP16,off,visible,full,50,0.4559218559218559,0.021176540550601978,5,-0.06151730327357604,0.03855003976653012,5,0.44622104709168664,0.011634150976194997,5,0.742440624025188,0.030751626407163973,5,,,0
Diabetes130US,LOCAL-QWEN3-30B-A3B,off,hidden,full,50,0.4967032967032967,0.0073716526730762295,5,-0.0110612781779139,0.024733769923850492,5,0.47476885373732863,0.003736328357190243,5,0.8640793138019383,0.006800117610086317,5,,,0
Diabetes130US,LOCAL-QWEN3-30B-A3B,off,visible,full,50,0.4956043956043956,0.006018929203353469,5,-0.01797059720094716,0.024607253646994894,5,0.4742236627053381,0.0030345580625788164,5,0.8630870661237153,0.00552289567389354,5,,,0
Diabetes130US,LOCAL-QWEN3-32B-FP8,off,hidden,full,50,0.48571428571428565,0.008332830158298433,5,-0.04938169855338894,0.01662675819951991,5,0.46918696217161404,0.004266481631824251,5,0.8539202711523375,0.007764996569920219,5,,,0
Diabetes130US,LOCAL-QWEN3-32B-FP8,off,visible,full,50,0.4978021978021978,0.003009464601676726,5,-0.012642790824820279,0.01731185431143353,5,0.475337558556076,0.0015092933521773989,5,0.8651143565720585,0.002746913900962848,5,,,0
Diabetes130US,LOCAL-QWEN3-8B,off,hidden,full,50,0.5167277167277167,0.04716211062364716,5,0.047426655798577536,0.1390443445388976,5,0.5054372921667774,0.06960487258074276,5,0.8694343332819964,0.015176814869354453,5,,,0
Diabetes130US,LOCAL-QWEN3-8B,off,visible,full,50,0.4989010989010989,0.0024572175576920677,5,-0.0063213954124101395,0.01413506985480439,5,0.4758886745659961,0.0012323328616697798,5,0.8661173877101132,0.0022428458082390103,5,,,0
Diabetes130US,QWEN,off,hidden,full,50,0.5057387057387057,0.0387910569824502,5,-0.0006764470603710992,0.08563332512641063,5,0.491207727209825,0.04583184987150198,5,0.857553619077437,0.009695860626315162,5,,,0
Diabetes130US,QWEN,off,visible,full,50,0.49862637362637363,0.0027472527472527375,4,-0.007901744265512675,0.01580348853102535,4,0.4757508955635161,0.0013777900248002429,4,0.8658666299255994,0.002507577845136444,4,,,0
Diabetes130US,REALTABPFN-V2,off,hidden,full,50,0.5,0.0,5,0.0,0.0,5,0.4764397905759162,0.0,5,0.8671204188481676,0.0,5,0.5567765567765568,0.07806176029046327,5
Diabetes130US,REALTABPFN-V2,off,visible,full,50,0.5,0.0,5,0.0,0.0,5,0.4764397905759162,0.0,5,0.8671204188481676,0.0,5,0.5567765567765568,0.07806176029046327,5
Diabetes130US,RF,off,hidden,full,50,0.5,0.0,5,0.0,0.0,5,0.4764397905759162,0.0,5,0.8671204188481676,0.0,5,0.5304029304029305,0.09620993770653305,5
Diabetes130US,RF,off,visible,full,50,0.5,0.0,5,0.0,0.0,5,0.4764397905759162,0.0,5,0.8671204188481676,0.0,5,0.5304029304029305,0.09620993770653305,5
E-CommereShippingData,DUMMY,off,hidden,full,50,0.5,0.0,5,0.0,0.0,5,0.375,0.0,5,0.45,0.0,5,0.5,0.0,5
E-CommereShippingData,DUMMY,off,visible,full,50,0.5,0.0,5,0.0,0.0,5,0.375,0.0,5,0.45,0.0,5,0.5,0.0,5
E-CommereShippingData,GEMMA,off,hidden,full,50,0.5858333333333333,0.05200827925543308,5,0.18721237844995153,0.10550480602090598,5,0.5784722570415421,0.06197550385417619,5,0.605856514355262,0.053240520835533545,5,,,0
E-CommereShippingData,GEMMA,off,visible,full,50,0.6158333333333333,0.036609804394148,5,0.2371657884112973,0.07151070707540685,5,0.6094569644017869,0.0353201269238014,5,0.6239313582986428,0.03402748094110567,5,,,0
E-CommereShippingData,LOCAL-GEMMA-3-27B,off,hidden,full,50,0.4991666666666667,0.024366985862022402,5,0.007571974855328597,0.0744624036967949,5,0.4483194646223721,0.03744164517032256,5,0.49985717153810183,0.028538573734662696,5,,,0
E-CommereShippingData,LOCAL-MISTRAL-7B-FP16,off,hidden,full,50,0.53,0.04577647988990759,5,0.06654299915041519,0.10442029529931722,5,0.5184125945949697,0.05343948444515666,5,0.5519544681247415,0.047413233301788434,5,,,0
E-CommereShippingData,LOCAL-MISTRAL-7B-FP16,off,visible,full,50,0.5,0.0,5,0.0,0.0,5,0.375,0.0,5,0.45,0.0,5,,,0
E-CommereShippingData,LOCAL-MISTRAL-SMALL-3.1-24B-FP16,off,hidden,full,50,0.5625,0.033333333333333354,5,0.148597202838492,0.06477616655498801,5,0.5443695396852631,0.05630140436317675,5,0.5796633986631838,0.0447786799992017,5,,,0
E-CommereShippingData,LOCAL-MISTRAL-SMALL-3.1-24B-FP16,off,visible,full,50,0.5716666666666667,0.04118471264383854,5,0.1657999184661184,0.08331003471977808,5,0.5601625388640891,0.04823551078694311,5,0.5909377417561983,0.04244239347463176,5,,,0
E-CommereShippingData,LOCAL-QWEN3-30B-A3B,off,hidden,full,50,0.5641666666666667,0.023124061542519322,5,0.14578658840402864,0.047472282128568855,5,0.5512318612983299,0.03516948825548346,5,0.5767121851330026,0.034131305858381825,5,,,0
E-CommereShippingData,LOCAL-QWEN3-30B-A3B,off,visible,full,50,0.5858333333333333,0.04162497914580725,5,0.17358876957607397,0.08621504698619845,5,0.5679153019663289,0.033859542595646594,5,0.5729949420835556,0.034085851819817506,5,,,0
E-CommereShippingData,LOCAL-QWEN3-32B-FP8,off,hidden,full,50,0.5675,0.01650967729679909,5,0.18204528699329575,0.03846169023111057,5,0.5442484459282008,0.03637900998587692,5,0.5826240797126083,0.02628794217505377,5,,,0
E-CommereShippingData,LOCAL-QWEN3-32B-FP8,off,visible,full,50,0.5858333333333332,0.05493051165892334,5,0.1722060122407778,0.10264104960904673,5,0.5735817801404003,0.06624280514600503,5,0.5927697558054719,0.05095574338058183,5,,,0
E-CommereShippingData,LOCAL-QWEN3-8B,off,hidden,full,50,0.5866666666666667,0.03935239651039198,5,0.18982481826298478,0.06927842033306446,5,0.5742491155908629,0.04851014371064309,5,0.6003362597626093,0.034463589893790704,5,,,0
E-CommereShippingData,LOCAL-QWEN3-8B,off,visible,full,50,0.5850000000000001,0.04728753653037038,5,0.20154240840063933,0.08693250316745879,5,0.529569613668465,0.10156084368127942,5,0.5232670225238794,0.12492459416897643,5,,,0
E-CommereShippingData,QWEN,off,hidden,full,50,0.5475,0.04645412910722916,5,0.11739826549459778,0.10238028878919134,5,0.525472527582923,0.06720114538720662,5,0.5624056210473095,0.05612622594188972,5,,,0
E-CommereShippingData,QWEN,off,visible,full,50,0.5599999999999999,0.03779972810013913,5,0.1535314852875905,0.10382610940099896,5,0.5432091047053204,0.0425508430375757,5,0.5791159437788005,0.03853687831253193,5,,,0
E-CommereShippingData,REALTABPFN-V2,off,hidden,full,50,0.6008333333333333,0.050121380445651904,5,0.24256211928077712,0.10436607757404491,5,0.5888648759232893,0.059497139925857714,5,0.6188460185854646,0.05007375768460184,5,0.7457499999999999,0.02830022575489069,5
E-CommereShippingData,REALTABPFN-V2,off,visible,full,50,0.6008333333333333,0.050121380445651904,5,0.24256211928077712,0.10436607757404491,5,0.5888648759232893,0.059497139925857714,5,0.6188460185854646,0.05007375768460184,5,0.7457499999999999,0.02830022575489069,5
E-CommereShippingData,RF,off,hidden,full,50,0.5966666666666667,0.02436698586202244,5,0.206730187209907,0.04557724395987134,5,0.5944384338831856,0.028588152391694113,5,0.61865672933009,0.02333039145554363,5,0.7284166666666667,0.0224152532082261,5
E-CommereShippingData,RF,off,visible,full,50,0.5966666666666667,0.02436698586202244,5,0.206730187209907,0.04557724395987134,5,0.5944384338831856,0.028588152391694113,5,0.61865672933009,0.02333039145554363,5,0.7284166666666667,0.0224152532082261,5
Fitness_Club,DUMMY,off,hidden,full,50,0.5,0.0,5,0.0,0.0,5,0.4117647058823529,0.0,5,0.5764705882352941,0.0,5,0.5,0.0,5
Fitness_Club,DUMMY,off,visible,full,50,0.5,0.0,5,0.0,0.0,5,0.4117647058823529,0.0,5,0.5764705882352941,0.0,5,0.5,0.0,5
Fitness_Club,GEMMA,off,hidden,full,50,0.6047619047619047,0.033460641244179044,5,0.23632807466487077,0.07517734610144576,5,0.608555931286061,0.03827708684899631,5,0.6836456029782211,0.03357074104444676,5,,,0
Fitness_Club,GEMMA,off,visible,full,50,0.6090476190476191,0.03807291012335111,5,0.25412112905259165,0.07736387652821072,5,0.6132938878931639,0.04300397063463518,5,0.6918616351085957,0.03206824701273077,5,,,0
Fitness_Club,LOCAL-GEMMA-3-27B,off,hidden,full,50,0.579047619047619,0.056328522919841105,5,0.18809568879775035,0.12227957147304827,5,0.5739840049888689,0.05958903175456411,5,0.6609049058785235,0.04142277194933518,5,,,0
Fitness_Club,LOCAL-MISTRAL-7B-FP16,off,hidden,full,50,0.52,0.024490268324997722,5,0.05165102868151876,0.059495962763517415,5,0.5012145653011505,0.042702666786421366,5,0.6113463707186553,0.024113296828976154,5,,,0
Fitness_Club,LOCAL-MISTRAL-7B-FP16,off,visible,full,50,0.5033333333333333,0.054048143483925094,5,-0.006449087930314882,0.11757087650613282,5,0.4283792498393127,0.1087301060064346,5,0.4767797790819316,0.16687033369513798,5,,,0
Fitness_Club,LOCAL-MISTRAL-SMALL-3.1-24B-FP16,off,hidden,full,50,0.5714285714285714,0.04526941271864652,5,0.17107855000371255,0.11139938912652678,5,0.5708222136914836,0.05392503759909409,5,0.6563197083366863,0.048767117844824834,5,,,0
Fitness_Club,LOCAL-MISTRAL-SMALL-3.1-24B-FP16,off,visible,full,50,0.5585714285714285,0.051220921179142294,5,0.1426234636036722,0.12475719371294708,5,0.548957077302673,0.07066728209385556,5,0.6476976812760574,0.047982535450460814,5,,,0
Fitness_Club,LOCAL-QWEN3-30B-A3B,off,hidden,full,50,0.5328571428571429,0.0416292348870228,5,0.1075790002856547,0.15202575990331435,5,0.4904828123827768,0.07247659527665413,5,0.6228913316976233,0.047471291514807244,5,,,0
Fitness_Club,LOCAL-QWEN3-30B-A3B,off,visible,full,50,0.5276190476190477,0.04297602558997526,5,0.08411063539208419,0.16512559662536122,5,0.47968315164217323,0.07703254079752835,5,0.6161914264077408,0.050387488274978354,5,,,0
Fitness_Club,LOCAL-QWEN3-32B-FP8,off,hidden,full,50,0.5580952380952381,0.036289026220557095,5,0.13159160752279886,0.07717265717864397,5,0.5544731374448366,0.04493793354577646,5,0.6418854578819022,0.0330973287938551,5,,,0
Fitness_Club,LOCAL-QWEN3-32B-FP8,off,visible,full,50,0.5504761904761905,0.057078336590483315,5,0.13292533626486844,0.1805119058255227,5,0.5271749648378595,0.09091280862791047,5,0.6425112937562284,0.06112880718193934,5,,,0
Fitness_Club,LOCAL-QWEN3-8B,off,hidden,full,50,0.5180952380952382,0.043954212416054586,5,0.05173538327056546,0.14087454181028755,5,0.47529823749945377,0.07476331713047397,5,0.6017713019922653,0.041900860049653245,5,,,0
Fitness_Club,LOCAL-QWEN3-8B,off,visible,full,50,0.5095238095238095,0.025477303046467517,5,0.02191665693429988,0.09039483843021534,5,0.4363442315439167,0.05692720595245413,5,0.5903691036486629,0.033867884537786816,5,,,0
Fitness_Club,QWEN,off,hidden,full,50,0.599047619047619,0.07335883910188613,5,0.2262534045520357,0.16954964292707442,5,0.592528815911852,0.10178771172799944,5,0.6813337127522291,0.06789621960513328,5,,,0
Fitness_Club,QWEN,off,visible,full,50,0.5976190476190476,0.059642738332739746,5,0.22900407464209205,0.12652619126085007,5,0.5959396846592755,0.07679063979862757,5,0.6828716956877031,0.05139963755455871,5,,,0
Fitness_Club,REALTABPFN-V2,off,hidden,full,50,0.5971428571428572,0.06781326902444913,5,0.2709752638196109,0.16074878713901905,5,0.5807502530237798,0.1101054499303365,5,0.6833836100652688,0.06952390705251009,5,0.773952380952381,0.02614801753215103,5
Fitness_Club,REALTABPFN-V2,off,visible,full,50,0.5971428571428572,0.06781326902444913,5,0.2709752638196109,0.16074878713901905,5,0.5807502530237798,0.1101054499303365,5,0.6833836100652688,0.06952390705251009,5,0.773952380952381,0.02614801753215103,5
Fitness_Club,RF,off,hidden,full,50,0.6371428571428572,0.05794574833900147,5,0.3170593370152416,0.11343397981588477,5,0.6423743555743018,0.06919907867722253,5,0.7167110525859354,0.04692094812728418,5,0.735,0.044040539971686665,5
Fitness_Club,RF,off,visible,full,50,0.6371428571428572,0.05794574833900147,5,0.3170593370152416,0.11343397981588477,5,0.6423743555743018,0.06919907867722253,5,0.7167110525859354,0.04692094812728418,5,0.735,0.044040539971686665,5
GiveMeSomeCredit,DUMMY,off,hidden,full,50,0.5,0.0,5,0.0,0.0,5,0.4818652849740932,0.0,5,0.8962694300518134,0.0,5,0.5,0.0,5
GiveMeSomeCredit,DUMMY,off,visible,full,50,0.5,0.0,5,0.0,0.0,5,0.4818652849740932,0.0,5,0.8962694300518134,0.0,5,0.5,0.0,5
GiveMeSomeCredit,GEMMA,off,hidden,full,50,0.6059907834101382,0.06320675909836501,5,0.23057664588457735,0.13570147810573063,5,0.6134632803533446,0.06801729140057405,5,0.9026129302284496,0.018422340884680664,5,,,0
GiveMeSomeCredit,GEMMA,off,visible,full,50,0.6291858678955453,0.08518665821135754,5,0.2585472496306556,0.16320920832520733,5,0.6279535254959698,0.08160014310153851,5,0.9015038138327605,0.02477335658167189,5,,,0
GiveMeSomeCredit,LOCAL-GEMMA-3-27B,off,hidden,full,50,0.6081413210445469,0.06237155011525255,5,0.27746339456193064,0.14844918608693813,5,0.6217300304816289,0.06898439568993024,5,0.9055544534324266,0.02362726257564528,5,,,0
GiveMeSomeCredit,LOCAL-MISTRAL-7B-FP16,off,hidden,full,50,0.6251920122887864,0.04326714779402625,5,0.2795090097239564,0.12239712660183752,5,0.608298410687411,0.0654795988743207,5,0.8807473433438252,0.054961420771443344,5,,,0
GiveMeSomeCredit,LOCAL-MISTRAL-7B-FP16,off,visible,full,50,0.5552995391705069,0.08017381089349297,5,0.09297832136270803,0.1407162575441861,5,0.5361711587348098,0.07563098517909597,5,0.8938197086302049,0.0056837973522708704,5,,,0
GiveMeSomeCredit,LOCAL-MISTRAL-SMALL-3.1-24B-FP16,off,hidden,full,50,0.6923195084485407,0.053503871976774114,5,0.2966877318119218,0.07015345749428535,5,0.635151427767593,0.0357570703687517,5,0.8866088995149669,0.018784288360920182,5,,,0
GiveMeSomeCredit,LOCAL-MISTRAL-SMALL-3.1-24B-FP16,off,visible,full,50,0.7161290322580645,0.057990508676074914,5,0.2858890940804032,0.09172071527282663,5,0.6078289680463831,0.05643172307704582,5,0.8528347742948469,0.039073522754413455,5,,,0
GiveMeSomeCredit,LOCAL-QWEN3-30B-A3B,off,hidden,full,50,0.5374807987711213,0.03717468990736067,5,0.14470415704313605,0.16504884629088576,5,0.5460586045043191,0.061705952379658716,5,0.903174054883084,0.011336650174506335,5,,,0
GiveMeSomeCredit,LOCAL-QWEN3-30B-A3B,off,visible,full,50,0.5485407066052227,0.027922574655445367,5,0.16716936943602706,0.13123461070792858,5,0.560877357518856,0.04743122919603132,5,0.9032864304396175,0.009057578274264923,5,,,0
GiveMeSomeCredit,LOCAL-QWEN3-32B-FP8,off,hidden,full,50,0.727342549923195,0.07221704453404919,5,0.36885282068686914,0.13478917490703013,5,0.6744534512404814,0.0716871309773637,5,0.9000138540899041,0.029689252923249716,5,,,0
GiveMeSomeCredit,LOCAL-QWEN3-32B-FP8,off,visible,full,50,0.5906298003072197,0.09525667526010352,5,0.18936511326072372,0.20472349037495266,5,0.5889142050748196,0.1056341115209266,5,0.8971026436613867,0.028491638233509836,5,,,0
GiveMeSomeCredit,LOCAL-QWEN3-8B,off,hidden,full,50,0.5903225806451613,0.0989809473800257,5,0.23665127795336924,0.24555227281608394,5,0.5952645309134141,0.1184555673142935,5,0.9096679633278271,0.021584725471870098,5,,,0
GiveMeSomeCredit,LOCAL-QWEN3-8B,off,visible,full,50,0.5121351766513056,0.03023032108186756,5,0.04263683540568468,0.1113945599215926,5,0.5035098050740429,0.049920870061159625,5,0.8983060152154977,0.007674110802001748,5,,,0
GiveMeSomeCredit,QWEN,off,hidden,full,50,0.578494623655914,0.06348241052762713,5,0.2185042296147496,0.18754801085542072,5,0.5894804338885682,0.07803834458500487,5,0.8982963521307761,0.024674049685224478,5,,,0
GiveMeSomeCredit,QWEN,off,visible,full,50,0.5695852534562211,0.07028719920534751,5,0.2231864613293575,0.2010247979150117,5,0.5916157554576215,0.08617272014654455,5,0.9026053051511758,0.02727608452108773,5,,,0
GiveMeSomeCredit,REALTABPFN-V2,off,hidden,full,50,0.5221198156682028,0.03330801703085324,5,0.06601476536849245,0.11246992329943309,5,0.5184842658097206,0.0529431591269047,5,0.8974918455171916,0.008145652393168135,5,0.8046082949308755,0.08364615977788475,5
GiveMeSomeCredit,REALTABPFN-V2,off,visible,full,50,0.5221198156682028,0.03330801703085324,5,0.06601476536849245,0.11246992329943309,5,0.5184842658097206,0.0529431591269047,5,0.8974918455171916,0.008145652393168135,5,0.8046082949308755,0.08364615977788475,5
GiveMeSomeCredit,RF,off,hidden,full,50,0.51321044546851,0.032628080485509144,5,0.06775172472490594,0.16733793971034241,5,0.5068275043177892,0.05733770137078911,5,0.8996991580310881,0.010698163781855806,5,0.7127496159754224,0.11717218557687666,5
GiveMeSomeCredit,RF,off,visible,full,50,0.51321044546851,0.032628080485509144,5,0.06775172472490594,0.16733793971034241,5,0.5068275043177892,0.05733770137078911,5,0.8996991580310881,0.010698163781855806,5,0.7127496159754224,0.11717218557687666,5
HR_Analytics_Job_Change_of_Data_Scientists,DUMMY,off,hidden,full,50,0.5,0.0,5,0.0,0.0,5,0.4285714285714285,0.0,5,0.6428571428571428,0.0,5,0.5,0.0,5
HR_Analytics_Job_Change_of_Data_Scientists,DUMMY,off,visible,full,50,0.5,0.0,5,0.0,0.0,5,0.4285714285714285,0.0,5,0.6428571428571428,0.0,5,0.5,0.0,5
HR_Analytics_Job_Change_of_Data_Scientists,GEMMA,off,hidden,full,50,0.6293333333333333,0.1067291483668408,5,0.2586541881896748,0.20934626887148025,5,0.6273717693359997,0.10712109290244824,5,0.7276730455810635,0.06975677095166952,5,,,0
HR_Analytics_Job_Change_of_Data_Scientists,GEMMA,off,visible,full,50,0.664,0.08334666560017065,5,0.3254514147583766,0.15460315923246515,5,0.6598061244238156,0.08147894414886395,5,0.7477744547009915,0.0514480613677646,5,,,0
HR_Analytics_Job_Change_of_Data_Scientists,LOCAL-GEMMA-3-27B,off,hidden,full,50,0.584,0.04386849033696561,5,0.2009424389023065,0.07690003659015382,5,0.5839341260013075,0.05180057410942789,5,0.7108265706378691,0.0238487307356637,5,,,0
HR_Analytics_Job_Change_of_Data_Scientists,LOCAL-MISTRAL-7B-FP16,off,hidden,full,50,0.5386666666666666,0.04173993557999607,5,0.08496958486589161,0.12326908845728451,5,0.509305915078111,0.07684554486913349,5,0.6636868020664581,0.034217087264954885,5,,,0
HR_Analytics_Job_Change_of_Data_Scientists,LOCAL-MISTRAL-7B-FP16,off,visible,full,50,0.4973333333333333,0.04152643067305984,5,0.0048475458920159585,0.13788919089839874,5,0.46077034312110615,0.05718114311828136,5,0.6202267435278319,0.07526460220610735,5,,,0
HR_Analytics_Job_Change_of_Data_Scientists,LOCAL-MISTRAL-SMALL-3.1-24B-FP16,off,hidden,full,50,0.576,0.03875851160999636,5,0.21125898870047313,0.09495865658743766,5,0.5736976760496019,0.04815037854625823,5,0.7074365058031041,0.02943609142748737,5,,,0
HR_Analytics_Job_Change_of_Data_Scientists,LOCAL-MISTRAL-SMALL-3.1-24B-FP16,off,visible,full,50,0.5626666666666666,0.030037014202850158,5,0.1699425371634597,0.05286322412326165,5,0.556571570601964,0.040954751174401866,5,0.6968378753834654,0.016938130433478315,5,,,0
HR_Analytics_Job_Change_of_Data_Scientists,LOCAL-QWEN3-30B-A3B,off,hidden,full,50,0.504,0.010110500592068758,5,0.00546432142300302,0.04187990147467101,5,0.45104673382645777,0.03726217609196285,5,0.6483746120178822,0.01052934609290518,5,,,0
HR_Analytics_Job_Change_of_Data_Scientists,LOCAL-QWEN3-30B-A3B,off,visible,full,50,0.5026666666666666,0.01115546702045436,5,0.01529561598910352,0.09514165909468539,5,0.4571440731727391,0.030269210047487973,5,0.6492359232789222,0.011805577428131856,5,,,0
HR_Analytics_Job_Change_of_Data_Scientists,LOCAL-QWEN3-32B-FP8,off,hidden,full,50,0.5986666666666667,0.04930629889893493,5,0.2046364421956805,0.09911480018986298,5,0.5976266027448657,0.047515000009029154,5,0.7013145939708434,0.034744649233050005,5,,,0
HR_Analytics_Job_Change_of_Data_Scientists,LOCAL-QWEN3-32B-FP8,off,visible,full,50,0.5653333333333334,0.03783002922429632,5,0.1566677821731018,0.08126527536057307,5,0.5632166997060439,0.046338601816971386,5,0.6951198341395648,0.02378925856046199,5,,,0
HR_Analytics_Job_Change_of_Data_Scientists,LOCAL-QWEN3-8B,off,hidden,full,50,0.5293333333333333,0.04437216344611661,5,0.10044416702446361,0.15799266024036185,5,0.4909585874538445,0.07725971728780237,5,0.6721584824186093,0.039327082781466204,5,,,0
HR_Analytics_Job_Change_of_Data_Scientists,LOCAL-QWEN3-8B,off,visible,full,50,0.5013333333333334,0.010954451150103347,5,0.0116051770637132,0.0953462589245592,5,0.43544271820133884,0.01910706308315735,5,0.6454717696097007,0.011618126120788242,5,,,0
HR_Analytics_Job_Change_of_Data_Scientists,QWEN,off,hidden,full,50,0.5666666666666667,0.06200358412579428,5,0.16348812129389326,0.14663120507286737,5,0.5651232120662946,0.07797312482575906,5,0.6965450588006428,0.053061901784343626,5,,,0
HR_Analytics_Job_Change_of_Data_Scientists,QWEN,off,visible,full,50,0.5813333333333334,0.040110957217310186,5,0.22128899916830794,0.11426181560061709,5,0.5839431892490049,0.054354011210807046,5,0.7140050001088849,0.036500736697337055,5,,,0
HR_Analytics_Job_Change_of_Data_Scientists,REALTABPFN-V2,off,hidden,full,50,0.5946666666666667,0.09278409825443631,5,0.2676110769930193,0.19327588077871916,5,0.5763002691756757,0.12829846075742052,5,0.7206947324042021,0.06834156370347477,5,0.7406400000000001,0.09382680971994212,5
HR_Analytics_Job_Change_of_Data_Scientists,REALTABPFN-V2,off,visible,full,50,0.5946666666666667,0.09278409825443631,5,0.2676110769930193,0.19327588077871916,5,0.5763002691756757,0.12829846075742052,5,0.7206947324042021,0.06834156370347477,5,0.7406400000000001,0.09382680971994212,5
HR_Analytics_Job_Change_of_Data_Scientists,RF,off,hidden,full,50,0.5986666666666667,0.05742628124628805,5,0.2693909068151849,0.14754847161495396,5,0.6033968665761031,0.07817726313610061,5,0.7316705615477754,0.04641471723722093,5,0.7397866666666666,0.11335457055922646,5
HR_Analytics_Job_Change_of_Data_Scientists,RF,off,visible,full,50,0.5986666666666667,0.05742628124628805,5,0.2693909068151849,0.14754847161495396,5,0.6033968665761031,0.07817726313610061,5,0.7316705615477754,0.04641471723722093,5,0.7397866666666666,0.11335457055922646,5
Is-this-a-good-customer,DUMMY,off,hidden,full,50,0.5,0.0,5,0.0,0.0,5,0.4680851063829786,0.0,5,0.8238297872340425,0.0,5,0.5,0.0,5
Is-this-a-good-customer,DUMMY,off,visible,full,50,0.5,0.0,5,0.0,0.0,5,0.4680851063829786,0.0,5,0.8238297872340425,0.0,5,0.5,0.0,5
Is-this-a-good-customer,GEMMA,off,hidden,full,50,0.5863636363636363,0.10302925857313734,5,0.15384469117997743,0.16792347664258295,5,0.5672480000532737,0.08235424802751305,5,0.8283217462002043,0.010387838248261522,5,,,0
Is-this-a-good-customer,GEMMA,off,visible,full,50,0.5541666666666666,0.08058261435604747,5,0.09349440013079167,0.16755531822181868,5,0.5436055584333471,0.08627946684823107,5,0.8208304389273471,0.018178705390650807,5,,,0
Is-this-a-good-customer,LOCAL-GEMMA-3-27B,off,hidden,full,50,0.5132575757575758,0.023881667069921408,5,0.07729295371991496,0.13683257940547355,5,0.4970435246586888,0.04243058816515435,5,0.8296977023003912,0.013468531724642402,5,,,0
Is-this-a-good-customer,LOCAL-LLAMA-3.1-8B,off,hidden,full,50,0.5,,1,0.0,,1,0.4680851063829787,,1,0.8238297872340425,,1,,,0
Is-this-a-good-customer,LOCAL-MISTRAL-7B-FP16,off,hidden,full,50,0.5181818181818182,0.040655781409087044,5,0.041291181927400736,0.09232988966097884,5,0.49465962540965513,0.05942243101301001,5,0.8271723692924215,0.0074742407029067415,5,,,0
Is-this-a-good-customer,LOCAL-MISTRAL-7B-FP16,off,visible,full,50,0.5257575757575758,0.07406489674745523,5,0.028542666967364398,0.10253951488321249,5,0.4660480977482709,0.05306544325572947,5,0.7449220138907892,0.12058898082342852,5,,,0
Is-this-a-good-customer,LOCAL-MISTRAL-SMALL-3.1-24B-FP16,off,hidden,full,50,0.5189393939393939,0.07733907950414931,5,0.023297270955444357,0.1492627510161585,5,0.5077217352298253,0.07604039093748963,5,0.8012426756569143,0.02582789866118674,5,,,0
Is-this-a-good-customer,LOCAL-MISTRAL-SMALL-3.1-24B-FP16,off,visible,full,50,0.5147727272727274,0.07520394294778965,5,0.04419762324949468,0.14378329396745287,5,0.5113591571506706,0.0633856917228529,5,0.79192065462031,0.03928128768102004,5,,,0
Is-this-a-good-customer,LOCAL-QWEN3-30B-A3B,off,hidden,full,50,0.5,0.0,5,0.0,0.0,5,0.4680851063829786,0.0,5,0.8238297872340425,0.0,5,,,0
Is-this-a-good-customer,LOCAL-QWEN3-30B-A3B,off,visible,full,50,0.484469696969697,0.011156573087138735,5,-0.053723909308821295,0.027710192323752717,5,0.46537798265832714,0.014448737821638575,5,0.8052470676604739,0.012184403998156648,5,,,0
Is-this-a-good-customer,LOCAL-QWEN3-32B-FP8,off,hidden,full,50,0.4924242424242424,0.06657136352584064,5,-0.017416029428410862,0.12396125966401508,5,0.48173706641955627,0.06455790948428687,5,0.7565691209563902,0.06164086248344671,5,,,0
Is-this-a-good-customer,LOCAL-QWEN3-32B-FP8,off,visible,full,50,0.4943181818181818,0.008035304331665334,5,-0.023539051012124498,0.03251895137487722,5,0.465216074001249,0.004060723533967396,5,0.8187802902421982,0.007146873419782651,5,,,0
Is-this-a-good-customer,LOCAL-QWEN3-8B,off,hidden,full,50,0.5,0.0,5,0.0,0.0,5,0.4680851063829786,0.0,5,0.8238297872340425,0.0,5,,,0
Is-this-a-good-customer,LOCAL-QWEN3-8B,off,visible,full,50,0.5,0.0,5,0.0,0.0,5,0.4680851063829786,0.0,5,0.8238297872340425,0.0,5,,,0
Is-this-a-good-customer,QWEN,off,hidden,full,50,0.5034090909090908,0.0380535740101964,5,0.008794752949085882,0.11361151127439668,5,0.4920443899064716,0.053702866415561046,5,0.815033420353037,0.02042406416004752,5,,,0
Is-this-a-good-customer,QWEN,off,visible,full,50,0.49962121212121213,0.033059958538780077,5,-0.011460590073002075,0.09104003633932657,5,0.4814452187198577,0.04644083525846541,5,0.8153435849469496,0.014192982824437527,5,,,0
Is-this-a-good-customer,REALTABPFN-V2,off,hidden,full,50,0.5,0.0,5,0.0,0.0,5,0.4680851063829786,0.0,5,0.8238297872340425,0.0,5,0.6321969696969697,0.14702844372200558,5
Is-this-a-good-customer,REALTABPFN-V2,off,visible,full,50,0.5,0.0,5,0.0,0.0,5,0.4680851063829786,0.0,5,0.8238297872340425,0.0,5,0.6321969696969697,0.14702844372200558,5
Is-this-a-good-customer,RF,off,hidden,full,50,0.49886363636363634,0.002540986338067926,5,-0.00742269619025204,0.016597653257732273,5,0.4675162134486289,0.0012720832731253498,5,0.822828535669587,0.0022388665607006642,5,0.5918560606060606,0.153533257364163,5
Is-this-a-good-customer,RF,off,visible,full,50,0.49886363636363634,0.002540986338067926,5,-0.00742269619025204,0.016597653257732273,5,0.4675162134486289,0.0012720832731253498,5,0.822828535669587,0.0022388665607006642,5,0.5918560606060606,0.153533257364163,5
MIC,DUMMY,off,hidden,full,50,0.125,0.0,5,0.0,0.0,5,0.1103351955307262,0.0,5,0.69731843575419,0.0,5,0.5,0.0,5
MIC,DUMMY,off,visible,full,50,0.125,0.0,5,0.0,0.0,5,0.1103351955307262,0.0,5,0.69731843575419,0.0,5,0.5,0.0,5
MIC,GEMMA,off,hidden,full,50,0.1282775768535262,0.007646472941903747,4,0.06957562002890608,0.04891010584324768,4,0.1167734557847682,0.01174290021820329,4,0.7020082405597353,0.003560410437424852,4,,,0
MIC,GEMMA,off,visible,full,50,0.1765935804701627,0.0023734177215189575,4,0.30809657081315095,0.05334031511495449,4,0.17437877706083893,0.009732908842534494,4,0.7438540908047223,0.009651127392643689,4,,,0
MIC,LOCAL-GEMMA-3-27B,off,hidden,full,50,0.12002712477396019,0.013362182656251123,5,0.03055414911330302,0.10352767819444329,5,0.11266113496017845,0.014405864671697317,5,0.680018372948328,0.03342205559096453,5,,,0
MIC,LOCAL-MISTRAL-7B-FP16,off,hidden,full,50,0.12890295358649786,0.019566728634280176,5,0.05008760532617024,0.053200598944041166,5,0.11909740474863846,0.02256401099331949,5,0.6918955980113953,0.011268914299630981,5,,,0
MIC,LOCAL-MISTRAL-7B-FP16,off,visible,full,50,0.144382911392405,0.031886935544013645,2,0.0984339833122042,0.1112482396008724,2,0.11272099875930519,0.004731956825092956,2,0.6827813275434245,0.01197651144338468,2,,,0
MIC,LOCAL-MISTRAL-SMALL-3.1-24B-FP16,off,hidden,full,50,0.12929475587703435,0.009090903052527237,5,0.09838665359561007,0.08962815087981806,5,0.12036279995732187,0.015404973289616012,5,0.7041214671588459,0.016307735909319863,5,,,0
MIC,LOCAL-MISTRAL-SMALL-3.1-24B-FP16,off,visible,full,50,0.1591470765521398,0.02577202696575623,5,0.17358851214929655,0.09609434401314255,5,0.15305463142668235,0.03334580382992863,5,0.7154009396534782,0.017351501980215983,5,,,0
MIC,LOCAL-QWEN3-30B-A3B,off,hidden,full,50,0.12341772151898729,0.0015822784810127018,5,0.01500893117766448,0.0185988661347202,5,0.10991797651737523,0.0005002624826824895,5,0.6946816115898116,0.003161658890553507,5,,,0
MIC,LOCAL-QWEN3-30B-A3B,off,visible,full,50,0.19125226039782994,0.037621230596817955,5,0.2200827142236851,0.06805253109698667,5,0.1419635399477612,0.026302116460607077,5,0.6558663862367913,0.05264704483126147,5,,,0
MIC,LOCAL-QWEN3-32B-FP8,off,hidden,full,50,0.1299276672694394,0.012860849248187166,5,0.0361023482055209,0.07155164461214593,5,0.11585196138387255,0.012879341982859832,5,0.6983020430048983,0.006178411275586274,5,,,0
MIC,LOCAL-QWEN3-32B-FP8,off,visible,full,50,0.1728300180831826,0.013256226365366811,5,0.2170497380998591,0.0870407791670627,5,0.14994793557587202,0.02127740767085479,5,0.6936349243518702,0.060183424991661814,5,,,0
MIC,LOCAL-QWEN3-8B,off,hidden,full,50,0.12192585895117539,0.006043341741573623,5,0.02346927798420152,0.0423936179018623,5,0.11123233557257303,0.005929253035689949,5,0.6860471843480737,0.010682516514075265,5,,,0
MIC,LOCAL-QWEN3-8B,off,visible,full,50,0.13661844484629287,0.022122239989506163,5,0.07068668643224973,0.07003694195543916,5,0.11921814954051795,0.013582503356594396,5,0.6854587050960734,0.013536058048632428,5,,,0
MIC,QWEN,off,hidden,full,50,0.125,,1,0.0,,1,0.1103351955307262,,1,0.69731843575419,,1,,,0
MIC,REALTABPFN-V2,off,hidden,full,50,0.22819846292947554,0.024815697818870514,5,0.45208546943475475,0.08108927893757575,5,0.22067246660713083,0.013948437167532829,5,0.7813928460999241,0.021242460141652587,5,0.8334473299631651,0.07481114301916367,5
MIC,REALTABPFN-V2,off,visible,full,50,0.22819846292947554,0.024815697818870514,5,0.45208546943475475,0.08108927893757575,5,0.22067246660713083,0.013948437167532829,5,0.7813928460999241,0.021242460141652587,5,0.8334473299631651,0.07481114301916367,5
MIC,RF,off,hidden,full,50,0.1675406871609403,0.03653686803337495,5,0.27790826715726913,0.1392690104659921,5,0.1641774225599402,0.03889028480836042,5,0.738216695194207,0.0284185698876436,5,0.8167706317469949,0.05525874268799059,5
MIC,RF,off,visible,full,50,0.1675406871609403,0.03653686803337495,5,0.27790826715726913,0.1392690104659921,5,0.1641774225599402,0.03889028480836042,5,0.738216695194207,0.0284185698876436,5,0.8167706317469949,0.05525874268799059,5
Marketing_Campaign,DUMMY,off,hidden,full,50,0.5,0.0,5,0.0,0.0,5,0.4594594594594595,0.0,5,0.7810810810810811,0.0,5,0.5,0.0,5
Marketing_Campaign,DUMMY,off,visible,full,50,0.5,0.0,5,0.0,0.0,5,0.4594594594594595,0.0,5,0.7810810810810811,0.0,5,0.5,0.0,5
Marketing_Campaign,GEMMA,off,hidden,full,50,0.6698039215686273,0.10025534489074316,5,0.29668026043341017,0.17051679038960982,5,0.6374782889913796,0.08104429970906639,5,0.7979922305319842,0.046053443236817836,5,,,0
Marketing_Campaign,GEMMA,off,visible,full,50,0.7274509803921568,0.0953050102707038,5,0.381939172197631,0.15755191233299493,5,0.6783297911167937,0.07753731305147223,5,0.8154658924964797,0.04683155239681406,5,,,0
Marketing_Campaign,LOCAL-GEMMA-3-27B,off,hidden,full,50,0.6474509803921569,0.04947630394498869,5,0.37251137268469414,0.05468314587365726,5,0.6642612481434287,0.05144901608499729,5,0.8424523706605969,0.017096677977517294,5,,,0
Marketing_Campaign,LOCAL-LLAMA-3.1-8B,off,hidden,full,50,0.5,0.0,5,0.0,0.0,5,0.4594594594594595,0.0,5,0.7810810810810811,0.0,5,,,0
Marketing_Campaign,LOCAL-MISTRAL-7B-FP16,off,hidden,full,50,0.5909803921568628,0.05291575279160737,5,0.20838419919929346,0.0659954226526446,5,0.5892989258193648,0.0389668561228717,5,0.8028159711638754,0.014839982307208274,5,,,0
Marketing_Campaign,LOCAL-MISTRAL-7B-FP16,off,visible,full,50,0.547843137254902,0.06828485916762016,5,0.1148066414727051,0.1499261257298719,5,0.5257817904680449,0.09007294661152027,5,0.7793915524870961,0.05410566108605785,5,,,0
Marketing_Campaign,LOCAL-MISTRAL-SMALL-3.1-24B-FP16,off,hidden,full,50,0.6290196078431373,0.040904799405193114,5,0.2254764336853305,0.06245137170879397,5,0.5977310508821017,0.03573637043017197,5,0.770236098651085,0.04262124751008382,5,,,0
Marketing_Campaign,LOCAL-MISTRAL-SMALL-3.1-24B-FP16,off,visible,full,50,0.6650980392156862,0.09458015443646564,5,0.2618192890503571,0.14064300268612068,5,0.6000029039768608,0.06717865747404038,5,0.7509251898124321,0.060294113996421185,5,,,0
Marketing_Campaign,LOCAL-QWEN3-30B-A3B,off,hidden,full,50,0.5666666666666667,0.04307035811076237,5,0.18844738280837683,0.12019415810071028,5,0.5702907603754268,0.06835024616511194,5,0.8091115175186083,0.022310563582092244,5,,,0
Marketing_Campaign,LOCAL-QWEN3-30B-A3B,off,visible,full,50,0.6,0.07203047328126232,5,0.19140155231240283,0.14095431778962159,5,0.5838090331444581,0.08473407140687544,5,0.7899821436758954,0.03868164890304968,5,,,0
Marketing_Campaign,LOCAL-QWEN3-32B-FP8,off,hidden,full,50,0.676078431372549,0.10361033676178648,5,0.33064573340591635,0.17766582356800203,5,0.6587688733829113,0.0964621889210036,5,0.8282266942585895,0.03259976496650549,5,,,0
Marketing_Campaign,LOCAL-QWEN3-32B-FP8,off,visible,full,50,0.556078431372549,0.06677615000821226,5,0.16544926724154202,0.19970953252849413,5,0.5530919555776752,0.10348070910561327,5,0.8087411729668965,0.03652614696118305,5,,,0
Marketing_Campaign,LOCAL-QWEN3-8B,off,hidden,full,50,0.6078431372549019,0.02616012561593395,5,0.30141652902271054,0.057363069945270025,5,0.6312359025059671,0.030628550528853556,5,0.8327387154195645,0.011851135205554216,5,,,0
Marketing_Campaign,LOCAL-QWEN3-8B,off,visible,full,50,0.5066666666666666,0.014907119849998558,5,0.04784937083768488,0.10699444587365944,5,0.4724588719153937,0.029067569919026297,5,0.7856800822561693,0.010283679256098462,5,,,0
Marketing_Campaign,QWEN,off,hidden,full,50,0.5984313725490196,0.059609133112976775,5,0.23149981247123314,0.14817909148096972,5,0.6031490742675368,0.08617057514889334,5,0.817304373857934,0.027412993402366918,5,,,0
Marketing_Campaign,QWEN,off,visible,full,50,0.6450980392156863,0.09045147133075136,5,0.31241557645713547,0.1914716457642422,5,0.6467837391434005,0.11195834688510643,5,0.8356243105667694,0.035604362506787904,5,,,0
Marketing_Campaign,REALTABPFN-V2,off,hidden,full,50,0.5576470588235294,0.04610137101077835,5,0.194989252973066,0.09241058441450671,5,0.555456181313892,0.0551956129265062,5,0.8021985851566933,0.013137340805387678,5,0.7060392156862745,0.0928101997602975,5
Marketing_Campaign,REALTABPFN-V2,off,visible,full,50,0.5576470588235294,0.04610137101077835,5,0.194989252973066,0.09241058441450671,5,0.555456181313892,0.0551956129265062,5,0.8021985851566933,0.013137340805387678,5,0.7060392156862745,0.0928101997602975,5
Marketing_Campaign,RF,off,hidden,full,50,0.5462745098039216,0.07158339895908794,5,0.13505184654322017,0.21443672493744675,5,0.5350244213250808,0.10820328941800589,5,0.8044614247194565,0.03728516589485125,5,0.7415686274509804,0.09578265798235777,5
Marketing_Campaign,RF,off,visible,full,50,0.5462745098039216,0.07158339895908794,5,0.13505184654322017,0.21443672493744675,5,0.5350244213250808,0.10820328941800589,5,0.8044614247194565,0.03728516589485125,5,0.7415686274509804,0.09578265798235777,5
NATICUSdroid,DUMMY,off,hidden,full,50,0.5,0.0,5,0.0,0.0,5,0.3939393939393939,0.0,5,0.5121212121212121,0.0,5,0.5,0.0,5
NATICUSdroid,DUMMY,off,visible,full,50,0.5,0.0,5,0.0,0.0,5,0.3939393939393939,0.0,5,0.5121212121212121,0.0,5,0.5,0.0,5
NATICUSdroid,GEMMA,off,hidden,full,50,0.8175824175824176,0.037804433872021065,5,0.622390736807701,0.08147769441153488,5,0.8048396844791966,0.04708007342153422,5,0.8182938503762998,0.0470794022957887,5,,,0
NATICUSdroid,GEMMA,off,visible,full,50,0.7907692307692308,0.05247526027058971,5,0.5775652160484318,0.11677824591355962,5,0.7849281969277117,0.06102613096687269,5,0.8015346603960014,0.05892364941477227,5,,,0
NATICUSdroid,REALTABPFN-V2,off,hidden,full,50,0.8991208791208791,0.02788048743331761,5,0.7847216356325837,0.04873904624953579,5,0.8900028179115071,0.02416147560174335,5,0.8988205736658624,0.02181301200403678,5,0.9620219780219781,0.020082188330195743,5
NATICUSdroid,REALTABPFN-V2,off,visible,full,50,0.8991208791208791,0.02788048743331761,5,0.7847216356325837,0.04873904624953579,5,0.8900028179115071,0.02416147560174335,5,0.8988205736658624,0.02181301200403678,5,0.9620219780219781,0.020082188330195743,5
NATICUSdroid,RF,off,hidden,full,50,0.8958241758241758,0.025986164841947126,5,0.7932146693445914,0.03124031489089538,5,0.8942790652759068,0.016647558692736944,5,0.903776288051932,0.014266882763080605,5,0.9575824175824176,0.009814115851325814,5
NATICUSdroid,RF,off,visible,full,50,0.8958241758241758,0.025986164841947126,5,0.7932146693445914,0.03124031489089538,5,0.8942790652759068,0.016647558692736944,5,0.903776288051932,0.014266882763080605,5,0.9575824175824176,0.009814115851325814,5
SDSS17,DUMMY,off,hidden,full,50,0.3333333333333333,0.0,5,0.0,0.0,5,0.2525879917184265,0.0,5,0.4622360248447205,0.0,5,0.5,0.0,5
SDSS17,DUMMY,off,visible,full,50,0.3333333333333333,0.0,5,0.0,0.0,5,0.2525879917184265,0.0,5,0.4622360248447205,0.0,5,0.5,0.0,5
SDSS17,GEMMA,off,hidden,full,50,0.9402550091074682,0.018268490387703413,5,0.9075779424557041,0.03810314739893459,5,0.9392895561731706,0.0236368723999235,5,0.9479309665339819,0.021336099237573736,5,,,0
SDSS17,GEMMA,off,visible,full,50,0.945719489981785,0.012332317479782274,5,0.924868428806122,0.0254402626894865,5,0.9495268930976575,0.016239333546770953,5,0.9576611523190435,0.01438722221150385,5,,,0
SDSS17,LOCAL-GEMMA-3-27B,off,hidden,full,50,0.7559545493971724,0.04273147451584004,5,0.6819738137787834,0.061216320889382295,5,0.7837689120161622,0.04381669936917942,5,0.8191130400466843,0.0347536412625466,5,,,0
SDSS17,LOCAL-LLAMA-3.1-8B,off,visible,full,50,0.4865990111891751,,1,0.3740373699300268,,1,0.5091971165796668,,1,0.6279418344519015,,1,,,0
SDSS17,LOCAL-MISTRAL-7B-FP16,off,hidden,full,50,0.63976060369503,0.04241072905851466,5,0.5572948353724139,0.06612999379482079,5,0.6504075270316296,0.06200701499729955,5,0.7207224193557265,0.04654864180747846,5,,,0
SDSS17,LOCAL-MISTRAL-7B-FP16,off,visible,full,50,0.832136351808483,0.03595563429372106,5,0.6966242087038484,0.06625237095324923,5,0.8038245635834207,0.04637343790070125,5,0.8182582514644141,0.04727381994977178,5,,,0
SDSS17,LOCAL-MISTRAL-SMALL-3.1-24B-FP16,off,hidden,full,50,0.8617399601006159,0.053467991851345854,5,0.8040501652085025,0.07761558493496776,5,0.8732367194400921,0.048579185435594995,5,0.8903075528061617,0.042300525999105144,5,,,0
SDSS17,LOCAL-MISTRAL-SMALL-3.1-24B-FP16,off,visible,full,50,0.9077023158990372,0.01953621701594482,5,0.854868414340201,0.026053058094553164,5,0.9053517755844978,0.017384787377872545,5,0.9176483560429656,0.015927640804203457,5,,,0
SDSS17,LOCAL-QWEN3-30B-A3B,off,hidden,full,50,0.6255789747593026,0.013415668650551254,5,0.5495394404396567,0.01802985570004163,5,0.6411874822562271,0.023333081113102987,5,0.7137886752137438,0.020560821928456024,5,,,0
SDSS17,LOCAL-QWEN3-30B-A3B,off,visible,full,50,0.7237921762511926,0.07599670101598488,5,0.6086627619225404,0.11578594231494696,5,0.7299138036079325,0.08659816801488535,5,0.7706748316540109,0.07041862023684711,5,,,0
SDSS17,LOCAL-QWEN3-32B-FP8,off,hidden,full,50,0.9093243126030011,0.022813634564400134,5,0.8580745923575245,0.05479402428780248,5,0.9068161197628559,0.036485182426558814,5,0.9201321997194185,0.03343254703745744,5,,,0
SDSS17,LOCAL-QWEN3-32B-FP8,off,visible,full,50,0.9117269494318675,0.047929444797824405,5,0.8494769834666485,0.10673786014223471,5,0.9018158774747093,0.06869769689843865,5,0.9124256826456044,0.06570253758109175,5,,,0
SDSS17,LOCAL-QWEN3-8B,off,hidden,full,50,0.6515742909185531,0.06664954148361467,5,0.5920141581715084,0.08354489525081367,5,0.6765431108710959,0.08408434470845462,5,0.7443601044038463,0.0638709349273227,5,,,0
SDSS17,LOCAL-QWEN3-8B,off,visible,full,50,0.7044583224911094,0.0744554937616074,5,0.6099773486706065,0.11747997096232668,5,0.7242131989686982,0.09054288141241952,5,0.7738278120830072,0.07078074730567864,5,,,0
SDSS17,QWEN,off,hidden,full,50,0.7557355364732414,0.09048809950800116,4,0.7175384959044034,0.11269002118027503,4,0.8002257630006061,0.08673909296849623,4,0.8360612861767903,0.06844532116885577,4,,,0
SDSS17,QWEN,off,visible,full,50,0.8918639951426837,0.023743205010853863,5,0.8387751815241916,0.05586434453350689,5,0.8971784063878754,0.031507153998255745,5,0.9098804833149815,0.03042209023495561,5,,,0
SDSS17,REALTABPFN-V2,off,hidden,full,50,0.958348512446873,0.02492648934334688,5,0.9326471055286198,0.04447145208161291,5,0.9554364041550564,0.029276220875150614,5,0.9620981212648824,0.025435818442405278,5,0.9868005003126953,0.021052240794285068,5
SDSS17,REALTABPFN-V2,off,visible,full,50,0.958348512446873,0.02492648934334688,5,0.9326471055286198,0.04447145208161291,5,0.9554364041550564,0.029276220875150614,5,0.9620981212648824,0.025435818442405278,5,0.9868005003126953,0.021052240794285068,5
SDSS17,RF,off,hidden,full,50,0.8597276433342007,0.02144061452103644,5,0.8138553860999311,0.023409360379317175,5,0.8715651605445498,0.019979682256034123,5,0.8958411668734492,0.014016240728936253,5,0.9735680607341614,0.010398700121065061,5
SDSS17,RF,off,visible,full,50,0.8597276433342007,0.02144061452103644,5,0.8138553860999311,0.023409360379317175,5,0.8715651605445498,0.019979682256034123,5,0.8958411668734492,0.014016240728936253,5,0.9735680607341614,0.010398700121065061,5
anneal,DUMMY,off,hidden,full,50,0.25,0.0,5,0.0,0.0,5,0.2142857142857142,0.0,5,0.6428571428571428,0.0,5,0.5,0.0,5
anneal,DUMMY,off,visible,full,50,0.25,0.0,5,0.0,0.0,5,0.2142857142857142,0.0,5,0.6428571428571428,0.0,5,0.5,0.0,5
anneal,GEMMA,off,hidden,full,50,0.8029999999999999,0.08860532025661759,5,0.7654100981670324,0.07382023249511786,5,0.8223780237805872,0.07587101337777946,5,0.8952583890814247,0.03562108501338445,5,,,0
anneal,GEMMA,off,visible,full,50,0.8273333333333334,0.06694576992694251,5,0.7577545169237399,0.05744689732149556,5,0.8342310668742521,0.04849017771204651,5,0.8959293996027293,0.02741051691022631,5,,,0
anneal,LOCAL-GEMMA-3-27B,off,hidden,full,50,0.8230833333333333,0.07964526386142218,5,0.6564347776563157,0.07393510253253714,5,0.7578636195228359,0.04885248549037891,5,0.8471022421162353,0.030779265278104637,5,,,0
anneal,LOCAL-MISTRAL-7B-FP16,off,hidden,full,50,0.7149166666666666,0.06210598020945955,5,0.6362655135713655,0.11351770566288298,5,0.7338838468181167,0.07785808002858031,5,0.8337443254471351,0.0513349418022469,5,,,0
anneal,LOCAL-MISTRAL-7B-FP16,off,visible,full,50,0.49074999999999996,0.07681676882180233,5,0.49452746455881336,0.08085926777811091,5,0.5034943521677869,0.06373733204020324,5,0.7660053564256607,0.036146768804809395,5,,,0
anneal,LOCAL-MISTRAL-SMALL-3.1-24B-FP16,off,hidden,full,50,0.8036666666666668,0.07222012550375254,5,0.7125968478717598,0.08236137537898329,5,0.7983169962773694,0.06367628339200843,5,0.8735694763988929,0.03901294172870157,5,,,0
anneal,LOCAL-MISTRAL-SMALL-3.1-24B-FP16,off,visible,full,50,0.7929166666666667,0.055647233384359146,5,0.6797662847747276,0.05942909966947414,5,0.7808643000151593,0.052287607757711484,5,0.860706701070734,0.028235056711367848,5,,,0
anneal,LOCAL-QWEN3-30B-A3B,off,hidden,full,50,0.6522500000000001,0.06763848961780396,5,0.6498096892679145,0.04745046565161394,5,0.6825098175360375,0.08788408913671907,5,0.8390461915142013,0.029124232921592906,5,,,0
anneal,LOCAL-QWEN3-30B-A3B,off,visible,full,50,0.6580833333333334,0.045698285890537864,5,0.6528453239460763,0.02805342607354581,5,0.7013058956689407,0.048061729992572626,5,0.8427284534952358,0.01737936211393406,5,,,0
anneal,LOCAL-QWEN3-32B-FP8,off,hidden,full,50,0.8948333333333334,0.01887826498619219,5,0.7967412789090591,0.04548883417492397,5,0.8700833094511072,0.03676583631525229,5,0.9119786608798248,0.021520220993063943,5,,,0
anneal,LOCAL-QWEN3-32B-FP8,off,visible,full,50,0.8288333333333334,0.03294355441930611,5,0.6413432046622392,0.0525949317587059,5,0.7647642491694007,0.05194502020837392,5,0.8445981922368182,0.0263001214991587,5,,,0
anneal,LOCAL-QWEN3-8B,off,hidden,full,50,0.81225,0.04592944468300143,5,0.7445001506370756,0.07969962536188421,5,0.826755516400268,0.054561552839997494,5,0.8818029584949842,0.03991306233835553,5,,,0
anneal,LOCAL-QWEN3-8B,off,visible,full,50,0.5617500000000001,0.09212216375854164,5,0.5989629968341633,0.12002832889633035,5,0.5849313854915034,0.11014940905318231,5,0.8063347511739283,0.057253295066888726,5,,,0
anneal,QWEN,off,hidden,full,50,0.772,0.04644889664997434,5,0.6963661118021804,0.028789798534329565,5,0.7793795058834395,0.017177439281596447,5,0.8688524645632494,0.011574293452323267,5,,,0
anneal,QWEN,off,visible,full,50,0.7847500000000001,0.03699380578781623,5,0.6804799576282258,0.06290380001591901,5,0.7800282506176038,0.05018886090311231,5,0.8625500222033761,0.0308209509281224,5,,,0
anneal,REALTABPFN-V2,off,hidden,full,50,0.8319166666666667,0.07502407021157356,5,0.8195234354977524,0.04699483484716111,5,0.8313997307628803,0.08480003394964669,5,0.9190426644686351,0.022553170332409788,5,0.9695379425837322,0.022929659975251752,5
anneal,REALTABPFN-V2,off,visible,full,50,0.8319166666666667,0.07502407021157356,5,0.8195234354977524,0.04699483484716111,5,0.8313997307628803,0.08480003394964669,5,0.9190426644686351,0.022553170332409788,5,0.9695379425837322,0.022929659975251752,5
anneal,RF,off,hidden,full,50,0.7834166666666667,0.1067058847174481,5,0.8063331495921908,0.09150836589540227,5,0.8282748795361048,0.09768776017860203,5,0.9141761885584915,0.03730952157108934,5,0.987723110047847,0.012115513310492638,5
anneal,RF,off,visible,full,50,0.7834166666666667,0.1067058847174481,5,0.8063331495921908,0.09150836589540227,5,0.8282748795361048,0.09768776017860203,5,0.9141761885584915,0.03730952157108934,5,0.987723110047847,0.012115513310492638,5
bank-marketing,DUMMY,off,hidden,full,50,0.5,0.0,5,0.0,0.0,5,0.4680851063829786,0.0,5,0.8238297872340425,0.0,5,0.5,0.0,5
bank-marketing,DUMMY,off,visible,full,50,0.5,0.0,5,0.0,0.0,5,0.4680851063829786,0.0,5,0.8238297872340425,0.0,5,0.5,0.0,5
bank-marketing,GEMMA,off,hidden,full,50,0.6068181818181818,0.05750219582983352,5,0.24188252714708663,0.15199167028305488,5,0.6162576274342861,0.07100688903041578,5,0.8387279860510792,0.04029088407437975,5,,,0
bank-marketing,GEMMA,off,visible,full,50,0.6303030303030303,0.06916639699240469,5,0.294183452469289,0.1697540704108196,5,0.6411760958942649,0.07755270341415199,5,0.8520709517918093,0.03657917905600204,5,,,0
bank-marketing,LOCAL-GEMMA-3-27B,off,hidden,full,50,0.5412878787878788,0.0809024760376186,5,0.11610832016163106,0.20427989952692643,5,0.5349001473556406,0.09595443190687693,5,0.8320598459815141,0.02836683854156645,5,,,0
bank-marketing,LOCAL-MISTRAL-7B-FP16,off,hidden,full,50,0.5022727272727272,0.022624451756087807,5,-0.005705036057834378,0.062005082707044315,5,0.4866043142877395,0.0355965768881571,5,0.8127872295100577,0.006404648574108802,5,,,0
bank-marketing,LOCAL-MISTRAL-7B-FP16,off,visible,full,50,0.48977272727272725,0.010929195489585982,5,-0.04233956644905116,0.03062511774815687,5,0.46289677875431884,0.005601669723083338,5,0.8146983306076011,0.009858938712626676,5,,,0
bank-marketing,LOCAL-MISTRAL-SMALL-3.1-24B-FP16,off,hidden,full,50,0.5757575757575758,0.047443087310133865,5,0.15863468857968993,0.09049454380791372,5,0.5768117107243331,0.048507441827718774,5,0.8283376450972109,0.014492821646445796,5,,,0
bank-marketing,LOCAL-MISTRAL-SMALL-3.1-24B-FP16,off,visible,full,50,0.5761363636363637,0.07017039064733527,5,0.1357617417199644,0.11879691449198872,5,0.5635019973131314,0.060338187252406104,5,0.7998816105092065,0.03713030394508473,5,,,0
bank-marketing,LOCAL-QWEN3-30B-A3B,off,hidden,full,50,0.5071969696969697,0.019425577886300106,5,0.047010409204929694,0.12688734341367436,5,0.4834014546154721,0.035859658868263936,5,0.8274019447386156,0.011001850230899316,5,,,0
bank-marketing,LOCAL-QWEN3-30B-A3B,off,visible,full,50,0.5215909090909091,0.05133938374418146,5,0.08603103391686316,0.16361169231558303,5,0.5266471984543337,0.06635958325158214,5,0.8199087223716333,0.037057020052300625,5,,,0
bank-marketing,LOCAL-QWEN3-32B-FP8,off,hidden,full,50,0.5178030303030303,0.06668710946899457,5,0.05533534651757641,0.20948383296642747,5,0.5158426834969612,0.09209919712206262,5,0.8204831229546518,0.03549681336905957,5,,,0
bank-marketing,LOCAL-QWEN3-32B-FP8,off,visible,full,50,0.5193181818181818,0.036094331059307885,5,0.08419900620294232,0.1579264565944763,5,0.5071187912114158,0.05954664999015529,5,0.8311444571474762,0.01739252209675566,5,,,0
bank-marketing,LOCAL-QWEN3-8B,off,hidden,full,50,0.5,0.0,5,0.0,0.0,5,0.4680851063829786,0.0,5,0.8238297872340425,0.0,5,,,0
bank-marketing,LOCAL-QWEN3-8B,off,visible,full,50,0.5,0.0,5,0.0,0.0,5,0.4680851063829786,0.0,5,0.8238297872340425,0.0,5,,,0
bank-marketing,QWEN,off,hidden,full,50,0.5556818181818182,0.08987336131680043,5,0.1536441219244244,0.23653885560531943,5,0.5615316116017378,0.11472202259409746,5,0.8382257951492174,0.04004413422667192,5,,,0
bank-marketing,QWEN,off,visible,full,50,0.5303030303030303,0.0693942081839442,5,0.0768166468872852,0.18448495711935614,5,0.5203037188428314,0.09420779124379403,5,0.8314678784967166,0.02777693005128302,5,,,0
bank-marketing,REALTABPFN-V2,off,hidden,full,50,0.5083333333333333,0.018633899812498196,5,0.05443310539518174,0.12171612389003691,5,0.4839703475498219,0.03552047908803947,5,0.8284031963030711,0.010226453567261946,5,0.7041666666666666,0.08080820411133274,5
bank-marketing,REALTABPFN-V2,off,visible,full,50,0.5083333333333333,0.018633899812498196,5,0.05443310539518174,0.12171612389003691,5,0.4839703475498219,0.03552047908803947,5,0.8284031963030711,0.010226453567261946,5,0.7041666666666666,0.08080820411133274,5
bank-marketing,RF,off,hidden,full,50,0.5121212121212121,0.027660594192359264,5,0.08845516281478687,0.16927892036960704,5,0.49756156639761145,0.04570346987807735,5,0.8289391260905654,0.017108524147423032,5,0.6841856060606061,0.057314162563144144,5
bank-marketing,RF,off,visible,full,50,0.5121212121212121,0.027660594192359264,5,0.08845516281478687,0.16927892036960704,5,0.49756156639761145,0.04570346987807735,5,0.8289391260905654,0.017108524147423032,5,0.6841856060606061,0.057314162563144144,5
blood-transfusion-service-center,DUMMY,off,hidden,full,50,0.5,0.0,5,0.0,0.0,5,0.4318181818181818,0.0,5,0.6563636363636364,0.0,5,0.5,0.0,5
blood-transfusion-service-center,DUMMY,off,visible,full,50,0.5,0.0,5,0.0,0.0,5,0.4318181818181818,0.0,5,0.6563636363636364,0.0,5,0.5,0.0,5
blood-transfusion-service-center,GEMMA,off,hidden,full,50,0.6541666666666666,0.04907701695715987,5,0.27447122904277466,0.08996049469777179,5,0.6219533628310926,0.05124625989592879,5,0.6970256190926278,0.049674301680145985,5,,,0
blood-transfusion-service-center,GEMMA,off,visible,full,50,0.6589912280701754,0.038478875318786354,5,0.2878773332696369,0.07392500642061767,5,0.6320980923148612,0.04404807852016883,5,0.7097293976463976,0.04458700094579158,5,,,0
blood-transfusion-service-center,LOCAL-GEMMA-3-27B,off,hidden,full,50,0.6263157894736843,0.05083274676863648,5,0.23275432120967424,0.09134648414160536,5,0.6117446522469585,0.04339504235652951,5,0.7033583760135864,0.029051635928321787,5,,,0
blood-transfusion-service-center,LOCAL-MISTRAL-7B-FP16,off,hidden,full,50,0.5567982456140351,0.04722174130256806,5,0.1512151517691434,0.11107012549731542,5,0.5477072110504227,0.06489271697095726,5,0.6992281915434868,0.03321504064625432,5,,,0
blood-transfusion-service-center,LOCAL-MISTRAL-7B-FP16,off,visible,full,50,0.5719298245614035,0.08635381842157566,5,0.1299094877491543,0.18798448059241787,5,0.5482687395624259,0.10577535429476632,5,0.6910160233803048,0.04727547016304,5,,,0
blood-transfusion-service-center,LOCAL-MISTRAL-SMALL-3.1-24B-FP16,off,hidden,full,50,0.6013157894736842,0.06808230499861387,5,0.18421126284595776,0.11817702408981598,5,0.5815523485802123,0.059239556855631786,5,0.684686660295329,0.02870405121933442,5,,,0
blood-transfusion-service-center,LOCAL-MISTRAL-SMALL-3.1-24B-FP16,off,visible,full,50,0.6153508771929824,0.05116867689242624,5,0.20448630088597614,0.08338290611537123,5,0.585857775264611,0.03237230135944104,5,0.6734989470580679,0.015202599891466592,5,,,0
blood-transfusion-service-center,LOCAL-QWEN3-30B-A3B,off,hidden,full,50,0.5815789473684211,0.04669173289672104,5,0.1793992326009549,0.0946568780447579,5,0.5838013791145603,0.051962802307614894,5,0.7108785020149089,0.029832774366688606,5,,,0
blood-transfusion-service-center,LOCAL-QWEN3-30B-A3B,off,visible,full,50,0.6232456140350877,0.027473615592215565,5,0.2698330481587071,0.05584382740752156,5,0.6292648807600101,0.026464180239419523,5,0.7379930865082078,0.02180666996414145,5,,,0
blood-transfusion-service-center,LOCAL-QWEN3-32B-FP8,off,hidden,full,50,0.6120614035087719,0.04872543497224874,5,0.21337462488875042,0.0867623535947959,5,0.6006103401233059,0.04742493440127717,5,0.6986453569994047,0.04070378917869008,5,,,0
blood-transfusion-service-center,LOCAL-QWEN3-32B-FP8,off,visible,full,50,0.5993421052631579,0.0551557976226264,5,0.22241064343349137,0.12401967922654672,5,0.5991580593246166,0.06888725698661995,5,0.7225688023114518,0.03902577328674195,5,,,0
blood-transfusion-service-center,LOCAL-QWEN3-8B,off,hidden,full,50,0.5662280701754386,0.05619236728114119,5,0.159134624890858,0.12475568915481454,5,0.5583122058041148,0.07864743254327819,5,0.7082526979922841,0.037563411217006897,5,,,0
blood-transfusion-service-center,LOCAL-QWEN3-8B,off,visible,full,50,0.5184210526315789,0.045404535343881475,5,0.06024086093791088,0.17482066891828757,5,0.4726032250373021,0.07768606511930234,5,0.6756902353900325,0.04310408628012769,5,,,0
blood-transfusion-service-center,QWEN,off,hidden,full,50,0.5921052631578948,0.05624796942403772,5,0.18990818360735356,0.10193177971617032,5,0.5904558265593034,0.05458314619825636,5,0.7086542506954403,0.03063616917559554,5,,,0
blood-transfusion-service-center,QWEN,off,visible,full,50,0.6142543859649123,0.059455713918117915,5,0.21913964117117316,0.10196865202257291,5,0.6055135242372437,0.047551984292100107,5,0.707245976519855,0.029525363985202654,5,,,0
blood-transfusion-service-center,REALTABPFN-V2,off,hidden,full,50,0.5405701754385965,0.051465051327637436,5,0.09811907880525585,0.11194510645349934,5,0.5089660358292161,0.0838020822120564,5,0.6858401391662909,0.032488292578259574,5,0.6870614035087719,0.04149254143376818,5
blood-transfusion-service-center,REALTABPFN-V2,off,visible,full,50,0.5405701754385965,0.051465051327637436,5,0.09811907880525585,0.11194510645349934,5,0.5089660358292161,0.0838020822120564,5,0.6858401391662909,0.032488292578259574,5,0.6870614035087719,0.04149254143376818,5
blood-transfusion-service-center,RF,off,hidden,full,50,0.5971491228070176,0.07016515823821698,5,0.22089727238144788,0.1724915476761232,5,0.6041800953733828,0.08254110612322715,5,0.719604299291267,0.06516362880327668,5,0.7009320175438596,0.08452833560038522,5
blood-transfusion-service-center,RF,off,visible,full,50,0.5971491228070176,0.07016515823821698,5,0.22089727238144788,0.1724915476761232,5,0.6041800953733828,0.08254110612322715,5,0.719604299291267,0.06516362880327668,5,0.7009320175438596,0.08452833560038522,5
churn,DUMMY,off,hidden,full,50,0.5,0.0,5,0.0,0.0,5,0.4623655913978494,0.0,5,0.795268817204301,0.0,5,0.5,0.0,5
churn,DUMMY,off,visible,full,50,0.5,0.0,5,0.0,0.0,5,0.4623655913978494,0.0,5,0.795268817204301,0.0,5,0.5,0.0,5
churn,GEMMA,off,hidden,full,50,0.6983388704318937,0.07006196731484053,5,0.4354101321993042,0.10330255542645733,5,0.7072202304616746,0.05788292556129644,5,0.8649637978429358,0.022253616446351862,5,,,0
churn,GEMMA,off,visible,full,50,0.7162790697674419,0.09012603863437305,5,0.4485365572766259,0.13276471022955652,5,0.7157591199867788,0.07107315871359617,5,0.8670859819437622,0.026039191908990213,5,,,0
churn,LOCAL-GEMMA-3-27B,off,hidden,full,50,0.6001661129568105,0.048652241991150244,5,0.34022829945554167,0.12311206023486161,5,0.6267848429218946,0.0659945821354832,5,0.8472012876319394,0.02282453421169134,5,,,0
churn,LOCAL-LLAMA-3.1-8B,off,hidden,full,50,0.5,0.0,5,0.0,0.0,5,0.4623655913978494,0.0,5,0.795268817204301,0.0,5,,,0
churn,LOCAL-LLAMA-3.1-8B,off,visible,full,50,0.5,0.0,5,0.0,0.0,5,0.4623655913978494,0.0,5,0.795268817204301,0.0,5,,,0
churn,LOCAL-MISTRAL-7B-FP16,off,hidden,full,50,0.5704318936877076,0.07275956094645024,5,0.24262575936327915,0.1508451428365317,5,0.5700537863900432,0.09340511800381127,5,0.8274988283803479,0.02606003378167985,5,,,0
churn,LOCAL-MISTRAL-7B-FP16,off,visible,full,50,0.5119601328903653,0.0168852002578731,5,0.06941668900325981,0.10903797682323879,5,0.4872936457158935,0.034475677167784505,5,0.8020038941607485,0.010189547101905446,5,,,0
churn,LOCAL-MISTRAL-SMALL-3.1-24B-FP16,off,hidden,full,50,0.6755813953488372,0.036029666747089656,5,0.42053845985366944,0.02790152153497183,5,0.6971781106345791,0.01887972989292289,5,0.863520376265502,0.010411699844224503,5,,,0
churn,LOCAL-MISTRAL-SMALL-3.1-24B-FP16,off,visible,full,50,0.6918604651162791,0.03828264012123425,5,0.3658080252314445,0.041050010473731406,5,0.6741425484701096,0.014588306744427472,5,0.8357358263841095,0.02076558169994492,5,,,0
churn,LOCAL-QWEN3-30B-A3B,off,hidden,full,50,0.5750830564784053,0.06549518125789681,5,0.2784451124214845,0.19738160223713275,5,0.586599668404671,0.09681507277204192,5,0.8355564716728408,0.032176197502102204,5,,,0
churn,LOCAL-QWEN3-30B-A3B,off,visible,full,50,0.6038205980066446,0.07211818459521573,5,0.2959920614061966,0.18802646191484287,5,0.6210791062977622,0.10074433712558968,5,0.8438203648916474,0.03254859044316115,5,,,0
churn,LOCAL-QWEN3-32B-FP8,off,hidden,full,50,0.6232558139534883,0.08153845308819764,5,0.2837521515989702,0.20108591968123662,5,0.6284894581759682,0.10171421766896921,5,0.8372580310507809,0.03351545702964416,5,,,0
churn,LOCAL-QWEN3-32B-FP8,off,visible,full,50,0.5119601328903653,0.030099236904061518,5,0.045275877069231155,0.12514635219236364,5,0.4857368333586954,0.053898954879842885,5,0.8015850004357796,0.01705558367837712,5,,,0
churn,LOCAL-QWEN3-8B,off,hidden,full,50,0.5501661129568106,0.05525784398591897,5,0.18480438760452406,0.19125161920531,5,0.5526476849094802,0.08728563717698426,5,0.8212970521000337,0.0311755009492945,5,,,0
churn,LOCAL-QWEN3-8B,off,visible,full,50,0.5,0.0,5,0.0,0.0,5,0.4623655913978494,0.0,5,0.795268817204301,0.0,5,,,0
churn,QWEN,off,hidden,full,50,0.6001661129568105,0.0740661705377552,5,0.3103443945990116,0.21672442708193718,5,0.6202539266090462,0.10953181787133154,5,0.845393498570744,0.037690955832548716,5,,,0
churn,QWEN,off,visible,full,50,0.5775747508305648,0.06775240272630047,5,0.25121244258162545,0.16874605364046774,5,0.5856158036010262,0.0972194008403878,5,0.8326306107651936,0.0303778948077201,5,,,0
churn,REALTABPFN-V2,off,hidden,full,50,0.5322259136212624,0.07535149951058451,5,0.08270377836259477,0.2083409894251912,5,0.5107850429530011,0.1099009669313216,5,0.8099788453077335,0.03575247242407853,5,0.6901162790697674,0.05840323444109146,5
churn,REALTABPFN-V2,off,visible,full,50,0.5322259136212624,0.07535149951058451,5,0.08270377836259477,0.2083409894251912,5,0.5107850429530011,0.1099009669313216,5,0.8099788453077335,0.03575247242407853,5,0.6901162790697674,0.05840323444109146,5
churn,RF,off,hidden,full,50,0.5642857142857143,0.04656573146573319,5,0.2949821783295663,0.1818733149713425,5,0.5758240628260618,0.0791763123862992,5,0.8335703292372969,0.026911635794123163,5,0.7046511627906977,0.06797412928351143,5
churn,RF,off,visible,full,50,0.5642857142857143,0.04656573146573319,5,0.2949821783295663,0.1818733149713425,5,0.5758240628260618,0.0791763123862992,5,0.8335703292372969,0.026911635794123163,5,0.7046511627906977,0.06797412928351143,5
coil2000_insurance_policies,DUMMY,off,hidden,full,50,0.5,0.0,5,0.0,0.0,5,0.48453608247422675,0.0,5,0.9109278350515464,0.0,5,0.5,0.0,5
coil2000_insurance_policies,DUMMY,off,visible,full,50,0.5,0.0,5,0.0,0.0,5,0.48453608247422675,0.0,5,0.9109278350515464,0.0,5,0.5,0.0,5
coil2000_insurance_policies,GEMMA,off,hidden,full,50,0.5397163120567375,0.09654251248786172,5,0.05273994220782006,0.15152842908125613,5,0.514904912078476,0.07169464055145967,5,0.8774535954502405,0.040589783879596004,5,,,0
coil2000_insurance_policies,GEMMA,off,visible,full,50,0.5304964539007092,0.08336539295787539,5,0.048495447067732254,0.1424599772514946,5,0.5163309198958069,0.07137461985133245,5,0.8845482832502709,0.031118063428702193,5,,,0
coil2000_insurance_policies,QWEN,off,hidden,full,50,0.5304964539007091,0.07915827749344724,5,0.03979455163100344,0.1338904715270859,5,0.5142355576094171,0.06485245156065922,5,0.8844771340199898,0.02515621931005483,5,,,0
coil2000_insurance_policies,QWEN,off,visible,full,50,0.5434397163120568,0.06895544851996473,2,0.0470301821258546,0.10242019997358724,2,0.5111062890651876,0.041353024563032775,2,0.8808798234425526,0.03539339881134589,2,,,0
coil2000_insurance_policies,REALTABPFN-V2,off,hidden,full,50,0.5216312056737589,0.05139397804046695,5,0.02809338822926964,0.07779409827664734,5,0.5016246210092692,0.03972099433501551,5,0.903943176386315,0.012994473463716377,5,0.6235815602836879,0.11994258220920007,5
coil2000_insurance_policies,REALTABPFN-V2,off,visible,full,50,0.5216312056737589,0.05139397804046695,5,0.02809338822926964,0.07779409827664734,5,0.5016246210092692,0.03972099433501551,5,0.903943176386315,0.012994473463716377,5,0.6235815602836879,0.11994258220920007,5
coil2000_insurance_policies,RF,off,hidden,full,50,0.5156028368794325,0.03793249001983225,5,0.07448271836412376,0.18107700495935958,5,0.5130754614756537,0.0653192514027048,5,0.9142961532885148,0.01056480992141473,5,0.6388297872340425,0.11533105316153548,5
coil2000_insurance_policies,RF,off,visible,full,50,0.5156028368794325,0.03793249001983225,5,0.07448271836412376,0.18107700495935958,5,0.5130754614756537,0.0653192514027048,5,0.9142961532885148,0.01056480992141473,5,0.6388297872340425,0.11533105316153548,5
credit-g,DUMMY,off,hidden,full,50,0.5,0.0,5,0.0,0.0,5,0.4117647058823529,0.0,5,0.5764705882352941,0.0,5,0.5,0.0,5
credit-g,DUMMY,off,visible,full,50,0.5,0.0,5,0.0,0.0,5,0.4117647058823529,0.0,5,0.5764705882352941,0.0,5,0.5,0.0,5
credit-g,GEMMA,off,hidden,full,50,0.5633333333333332,0.04333725780240598,5,0.15509111128358583,0.10427637703277196,5,0.5513937700216894,0.057805574586730545,5,0.6372059712217354,0.06242927410835386,5,,,0
credit-g,GEMMA,off,visible,full,50,0.6071428571428571,0.056343616981901073,5,0.23807227971259937,0.12270682357706848,5,0.6098898384061723,0.06584953871482589,5,0.6869972889201564,0.04758994603324298,5,,,0
credit-g,LOCAL-GEMMA-3-27B,off,hidden,full,50,0.5304761904761904,0.04969863829649739,5,0.11728528671323742,0.16336602194831487,5,0.5068085729736732,0.058277485020752785,5,0.6245112033541085,0.045829390900614976,5,,,0
credit-g,LOCAL-LLAMA-3.1-8B,off,hidden,full,50,0.5152380952380952,0.03407341679999678,5,0.0290957186981323,0.0650600048632355,5,0.44347779817490085,0.07091263014286187,5,0.5869295235054672,0.023386890236377415,5,,,0
credit-g,LOCAL-LLAMA-3.1-8B,off,visible,full,50,0.5142857142857142,0.029354352395090367,5,0.029134206170332237,0.05544686104687451,5,0.4382964388361148,0.039011129344921805,5,0.5672793169710335,0.033074470890473905,5,,,0
credit-g,LOCAL-MISTRAL-7B-FP16,off,hidden,full,50,0.5104761904761905,0.0262769136406122,5,0.016699438130452025,0.1005280990071774,5,0.4575440120504949,0.054506920807632205,5,0.5987685687618554,0.033011694385140976,5,,,0
credit-g,LOCAL-MISTRAL-7B-FP16,off,visible,full,50,0.5323809523809524,0.04003966287538649,5,0.08684480667031616,0.10786169444187373,5,0.4940206770408205,0.08094682481324579,5,0.6196808959090967,0.047453768295312365,5,,,0
credit-g,LOCAL-MISTRAL-SMALL-3.1-24B-FP16,off,hidden,full,50,0.5238095238095237,0.07251163015638598,5,0.055357780246954404,0.172810506856115,5,0.5114469138647139,0.08645611812174354,5,0.6175012393906891,0.06516120803700619,5,,,0
credit-g,LOCAL-MISTRAL-SMALL-3.1-24B-FP16,off,visible,full,50,0.5338095238095237,0.05541535597652097,5,0.07024960435873376,0.13984466449417643,5,0.5094664179636957,0.08495230091590808,5,0.6238739915659252,0.052874581020154396,5,,,0
credit-g,LOCAL-QWEN3-30B-A3B,off,hidden,full,50,0.5176190476190476,0.03541941766026499,5,0.0565799196154246,0.12271361137503904,5,0.48110723049221277,0.05642641790964765,5,0.6099513521026393,0.03696975074256643,5,,,0
credit-g,LOCAL-QWEN3-30B-A3B,off,visible,full,50,0.5085714285714286,0.05425751147095125,5,0.031673929220709315,0.16221984488358424,5,0.4740055986693782,0.07756675168357766,5,0.5996121352336052,0.052853267752671386,5,,,0
credit-g,LOCAL-QWEN3-32B-FP8,off,hidden,full,50,0.5276190476190477,0.06196425712455316,5,0.06500488238530239,0.16932053084576706,5,0.5149782584565192,0.08142290589162127,5,0.6186711259754738,0.06091297713133266,5,,,0
credit-g,LOCAL-QWEN3-32B-FP8,off,visible,full,50,0.5633333333333334,0.04831632353751058,5,0.16069735913114108,0.10015302188555972,5,0.5489269570822845,0.07277024497424604,5,0.6518882161056744,0.044485749005877144,5,,,0
credit-g,LOCAL-QWEN3-8B,off,hidden,full,50,0.5457142857142857,0.06682379442334732,5,0.07512020822246855,0.1685164912020912,5,0.5057195775150635,0.1032006993282399,5,0.6178884896021699,0.05602966560738961,5,,,0
credit-g,LOCAL-QWEN3-8B,off,visible,full,50,0.5385714285714286,0.02937365812055455,5,0.1159801031968551,0.07692680077670255,5,0.5166561553096873,0.05048863219488306,5,0.632055991170936,0.0320893634817756,5,,,0
credit-g,QWEN,off,hidden,full,50,0.5238095238095238,0.039840953644479815,5,0.07896923242072121,0.10358566928473611,5,0.5049900496536714,0.048660510640928877,5,0.6160182750416247,0.040592028620340136,5,,,0
credit-g,QWEN,off,visible,full,50,0.5785714285714285,0.10009915718846624,5,0.15467321711960857,0.20247961348021307,5,0.5729787901456975,0.10239572849967153,5,0.6360391204211252,0.08772377197924891,5,,,0
credit-g,REALTABPFN-V2,off,hidden,full,50,0.5271428571428571,0.05185340403680438,5,0.08570309207982614,0.1762986720347714,5,0.46954020198347485,0.09157293518806953,5,0.6108108282314102,0.05770582968903437,5,0.6637619047619048,0.09471095184345349,5
credit-g,REALTABPFN-V2,off,visible,full,50,0.5271428571428571,0.05185340403680438,5,0.08570309207982614,0.1762986720347714,5,0.46954020198347485,0.09157293518806953,5,0.6108108282314102,0.05770582968903437,5,0.6637619047619048,0.09471095184345349,5
credit-g,RF,off,hidden,full,50,0.5471428571428572,0.03773640524982656,5,0.13060758768343095,0.0975641477180341,5,0.5300627542193934,0.05593214387213427,5,0.6408524492981668,0.03644949630773145,5,0.6743809523809524,0.08578264469879247,5
credit-g,RF,off,visible,full,50,0.5471428571428572,0.03773640524982656,5,0.13060758768343095,0.0975641477180341,5,0.5300627542193934,0.05593214387213427,5,0.6408524492981668,0.03644949630773145,5,0.6743809523809524,0.08578264469879247,5
credit_card_clients_default,DUMMY,off,hidden,full,50,0.5,0.0,5,0.0,0.0,5,0.4382022471910112,0.0,5,0.6835955056179777,0.0,5,0.5,0.0,5
credit_card_clients_default,DUMMY,off,visible,full,50,0.5,0.0,5,0.0,0.0,5,0.4382022471910112,0.0,5,0.6835955056179777,0.0,5,0.5,0.0,5
credit_card_clients_default,GEMMA,off,hidden,full,50,0.614102564102564,0.0212620125892613,5,0.2893307937096682,0.05010766033108362,5,0.6293508382346518,0.024865569751394423,5,0.7659729285610896,0.015221700100619082,5,,,0
credit_card_clients_default,GEMMA,off,visible,full,50,0.6337995337995338,0.029983635957672002,5,0.300247472623265,0.06328354793512167,5,0.6449731124508327,0.03196200317883553,5,0.7675011053558225,0.02079659548612499,5,,,0
credit_card_clients_default,LOCAL-GEMMA-3-27B,off,hidden,full,50,0.5765734265734266,0.06434658998138053,5,0.1979806043888681,0.15953276470952013,5,0.5733609526612751,0.0777384512983142,5,0.7314441161792111,0.03840748595465836,5,,,0
credit_card_clients_default,LOCAL-LLAMA-3.1-8B,off,hidden,full,50,0.5054390054390054,0.0153113025632778,3,0.04528877077315596,0.12749207181405625,3,0.45246224091661397,0.02749363800605037,3,0.6896092117719469,0.014911076349807597,3,,,0
credit_card_clients_default,LOCAL-LLAMA-3.1-8B,off,visible,full,50,0.5,0.0,5,0.0,0.0,5,0.4382022471910112,0.0,5,0.6835955056179777,0.0,5,,,0
credit_card_clients_default,LOCAL-MISTRAL-7B-FP16,off,hidden,full,50,0.5008158508158508,0.010039559658441975,5,0.005088017246757441,0.05770647202710935,5,0.45640521480617124,0.019311079612175666,5,0.6860434171489092,0.009462618192565154,5,,,0
credit_card_clients_default,LOCAL-MISTRAL-7B-FP16,off,visible,full,50,0.5625874125874126,0.058147587858821126,5,0.2009935465236406,0.13555650998013496,5,0.5493766758450509,0.08201593490387965,5,0.7316435492776291,0.03697925677332455,5,,,0
credit_card_clients_default,LOCAL-MISTRAL-SMALL-3.1-24B-FP16,off,hidden,full,50,0.6319347319347319,0.08017703534391134,5,0.2813963356590433,0.11734325353418998,5,0.6232047880913999,0.07390567535153121,5,0.7540977276128624,0.026272872695763796,5,,,0
credit_card_clients_default,LOCAL-MISTRAL-SMALL-3.1-24B-FP16,off,visible,full,50,0.666083916083916,0.0944226796822125,5,0.31418225396081,0.1422424693855381,5,0.6489355956924836,0.06153726989944513,5,0.7554103983361651,0.030337358046945862,5,,,0
credit_card_clients_default,LOCAL-QWEN3-30B-A3B,off,hidden,full,50,0.5897435897435896,0.0555557253544169,5,0.3177000750474827,0.09173881431249298,5,0.5931632089161385,0.07363613426120454,5,0.7585186354912323,0.0364038182229737,5,,,0
credit_card_clients_default,LOCAL-QWEN3-30B-A3B,off,visible,full,50,0.5520979020979021,0.07872807243079703,5,0.15574410580904205,0.20593333194786978,5,0.5269769509609711,0.11752619322560388,5,0.7241475696108218,0.05809883250749292,5,,,0
credit_card_clients_default,LOCAL-QWEN3-32B-FP8,off,hidden,full,50,0.6322843822843822,0.05459536397320797,5,0.3235897509630773,0.07387491649948602,5,0.642029734343763,0.05889107464778714,5,0.7738931829618911,0.024788739278535907,5,,,0
credit_card_clients_default,LOCAL-QWEN3-32B-FP8,off,visible,full,50,0.5046620046620046,0.008604209242560276,5,0.016780784463663597,0.029951151957960203,5,0.45715277847225977,0.028331593964730672,5,0.6885429498013409,0.008237411760027855,5,,,0
credit_card_clients_default,LOCAL-QWEN3-8B,off,hidden,full,50,0.5252913752913753,0.02613491808909021,5,0.08576829788455287,0.12564256316935696,5,0.48918279422780164,0.04890788442532639,5,0.6833783862279083,0.04844285799720278,5,,,0
credit_card_clients_default,LOCAL-QWEN3-8B,off,visible,full,50,0.5,0.0,5,0.0,0.0,5,0.4382022471910112,0.0,5,0.6835955056179777,0.0,5,,,0
credit_card_clients_default,QWEN,off,hidden,full,50,0.5638694638694639,0.04458441866975544,5,0.20165293597433723,0.143352893138336,5,0.5557504420835613,0.0758154961104208,5,0.7353122456275852,0.03414726129465646,5,,,0
credit_card_clients_default,QWEN,off,visible,full,50,0.5444055944055944,0.04180682086140422,5,0.14929847309295224,0.14865182265547622,5,0.529581103092075,0.06897083211055689,5,0.7207588510221741,0.03328413589567868,5,,,0
credit_card_clients_default,REALTABPFN-V2,off,hidden,full,50,0.5106060606060606,0.01491659371167942,5,0.03596154081274998,0.04604157106589106,5,0.4740596103609983,0.03839205224522238,5,0.6932396588298241,0.012507907094947134,5,0.6550699300699301,0.06263226939289893,5
credit_card_clients_default,REALTABPFN-V2,off,visible,full,50,0.5106060606060606,0.01491659371167942,5,0.03596154081274998,0.04604157106589106,5,0.4740596103609983,0.03839205224522238,5,0.6932396588298241,0.012507907094947134,5,0.6550699300699301,0.06263226939289893,5
credit_card_clients_default,RF,off,hidden,full,50,0.546969696969697,0.028766873228857563,5,0.17032353452786986,0.09633901919368738,5,0.5384802234536394,0.04242301053370265,5,0.7262057867643157,0.02410976149407044,5,0.6467365967365968,0.07957869426836177,5
credit_card_clients_default,RF,off,visible,full,50,0.546969696969697,0.028766873228857563,5,0.17032353452786986,0.09633901919368738,5,0.5384802234536394,0.04242301053370265,5,0.7262057867643157,0.02410976149407044,5,0.6467365967365968,0.07957869426836177,5
customer_satisfaction_in_airline,DUMMY,off,hidden,full,50,0.5,0.0,5,0.0,0.0,5,0.3548387096774194,0.0,5,0.3903225806451613,0.0,5,0.5,0.0,5
customer_satisfaction_in_airline,DUMMY,off,visible,full,50,0.5,0.0,5,0.0,0.0,5,0.3548387096774194,0.0,5,0.3903225806451613,0.0,5,0.5,0.0,5
customer_satisfaction_in_airline,GEMMA,off,hidden,full,50,0.7907070707070707,0.02856461358517705,5,0.5808553999137389,0.05639182281725549,5,0.7901387538395129,0.028166322066223746,5,0.792081194658341,0.02781577108270855,5,,,0
customer_satisfaction_in_airline,GEMMA,off,visible,full,50,0.7901010101010101,0.023225734682803117,5,0.579057670882556,0.046901643934066144,5,0.7885881485148052,0.023319706168868637,5,0.7902273818725106,0.02326627625822058,5,,,0
customer_satisfaction_in_airline,LOCAL-GEMMA-3-27B,off,hidden,full,50,0.7545454545454545,0.047528445882903385,5,0.5345272375802511,0.10022809141889621,5,0.756012700595699,0.04958869165183998,5,0.7605969345666588,0.0490770719516732,5,,,0
customer_satisfaction_in_airline,LOCAL-LLAMA-3.1-8B,off,hidden,full,50,0.6173737373737374,0.08592807645367292,5,0.2696352369499847,0.17321768281567157,5,0.5802550452088403,0.12335400167537483,5,0.5920546124611641,0.11320021947786657,5,,,0
customer_satisfaction_in_airline,LOCAL-MISTRAL-7B-FP16,off,hidden,full,50,0.6371717171717172,0.07967449850273342,5,0.28988907675293857,0.17314679753783044,5,0.623447961366894,0.08505081472960435,5,0.6233008293533251,0.08891399478783256,5,,,0
customer_satisfaction_in_airline,LOCAL-MISTRAL-7B-FP16,off,visible,full,50,0.6303030303030303,0.07518979149069267,5,0.28837104448239514,0.13413603325886048,5,0.6094567174088825,0.10354372763776136,5,0.6214525513743601,0.09520401576271753,5,,,0
customer_satisfaction_in_airline,LOCAL-MISTRAL-SMALL-3.1-24B-FP16,off,hidden,full,50,0.7193939393939395,0.054612753096091204,5,0.45561779080431863,0.10376288900033394,5,0.7190328357365523,0.05413962851356363,5,0.7242666382436458,0.05194070690282972,5,,,0
customer_satisfaction_in_airline,LOCAL-MISTRAL-SMALL-3.1-24B-FP16,off,visible,full,50,0.7084848484848485,0.04380043043574454,5,0.4223940886439941,0.09659900038936722,5,0.7005652514430162,0.039116585780722336,5,0.7008340347168922,0.03816247561806965,5,,,0
customer_satisfaction_in_airline,LOCAL-QWEN3-30B-A3B,off,hidden,full,50,0.7109090909090909,0.06257492193374908,5,0.43145767101884996,0.11944938306355056,5,0.7090495259683147,0.06387579451693226,5,0.7134700206817366,0.06103762858255228,5,,,0
customer_satisfaction_in_airline,LOCAL-QWEN3-30B-A3B,off,visible,full,50,0.6585858585858586,0.04851114606691155,5,0.3202561664730218,0.09095889989082256,5,0.6563673743840102,0.05041873913805709,5,0.6607618679281042,0.04725651409592708,5,,,0
customer_satisfaction_in_airline,LOCAL-QWEN3-32B-FP8,off,hidden,full,50,0.7735353535353535,0.047417760768754424,5,0.5547432058154962,0.08896056147400956,5,0.7702930157369967,0.05145477368947295,5,0.7720101216852159,0.0521960561672024,5,,,0
customer_satisfaction_in_airline,LOCAL-QWEN3-32B-FP8,off,visible,full,50,0.7298989898989899,0.04298926292534685,5,0.46163552833757143,0.08424908012461181,5,0.7273491742052572,0.04326929606695708,5,0.7293488103428145,0.04337112888974691,5,,,0
customer_satisfaction_in_airline,LOCAL-QWEN3-8B,off,hidden,full,50,0.7284848484848485,0.044727062859361816,5,0.4811127298339997,0.08135960769315445,5,0.7215533181921129,0.0484959463468917,5,0.7247288760020227,0.046491802549384315,5,,,0
customer_satisfaction_in_airline,LOCAL-QWEN3-8B,off,visible,full,50,0.7151515151515151,0.03848339030615915,5,0.4401220089386501,0.07393827945065631,5,0.7160296094363389,0.03897820213668543,5,0.7206320881036284,0.03790852744642896,5,,,0
customer_satisfaction_in_airline,QWEN,off,hidden,full,50,0.7587878787878788,0.020093140939764016,5,0.5312915799292336,0.04602232607168646,5,0.7611656978857159,0.02073798496153354,5,0.7651504940863472,0.020822753736473743,5,,,0
customer_satisfaction_in_airline,QWEN,off,visible,full,50,0.7131313131313132,0.050114652753155214,5,0.4443003010540769,0.09778879793563916,5,0.6923987016937504,0.05462798195331271,5,0.6892037136944321,0.05605909070019689,5,,,0
customer_satisfaction_in_airline,REALTABPFN-V2,off,hidden,full,50,0.8177777777777777,0.052518453328388504,5,0.6390603677724023,0.10869531381572846,5,0.8179608016974473,0.05449180628581379,5,0.8197116077871185,0.05467308774493416,5,0.9067070707070706,0.06955723072468548,5
customer_satisfaction_in_airline,REALTABPFN-V2,off,visible,full,50,0.8177777777777777,0.052518453328388504,5,0.6390603677724023,0.10869531381572846,5,0.8179608016974473,0.05449180628581379,5,0.8197116077871185,0.05467308774493416,5,0.9067070707070706,0.06955723072468548,5
customer_satisfaction_in_airline,RF,off,hidden,full,50,0.828888888888889,0.061253278159600695,5,0.658291882235173,0.1257163356912318,5,0.8286132387749211,0.06270046581968872,5,0.8301129429832818,0.06248154044721155,5,0.9169292929292929,0.033602039088650774,5
customer_satisfaction_in_airline,RF,off,visible,full,50,0.828888888888889,0.061253278159600695,5,0.658291882235173,0.1257163356912318,5,0.8286132387749211,0.06270046581968872,5,0.8301129429832818,0.06248154044721155,5,0.9169292929292929,0.033602039088650774,5
diabetes,DUMMY,off,hidden,full,50,0.5,0.0,5,0.0,0.0,5,0.3953997809419496,0.0019997172599677247,5,0.5172004381161007,0.006955016630167805,5,0.5,0.0,5
diabetes,DUMMY,off,visible,full,50,0.5,0.0,5,0.0,0.0,5,0.3953997809419496,0.0019997172599677247,5,0.5172004381161007,0.006955016630167805,5,0.5,0.0,5
diabetes,GEMMA,off,hidden,full,50,0.7207275077863313,0.05883246783244351,5,0.4407261103535891,0.10557839850743143,5,0.7181756912029509,0.05354178929641735,5,0.7451861711569029,0.04461081515798154,5,,,0
diabetes,GEMMA,off,visible,full,50,0.7204236939531057,0.06671514019088667,5,0.4378499693720048,0.11882382242052139,5,0.7165189780615948,0.05888712886293337,5,0.7434423141139999,0.048385032438121846,5,,,0
diabetes,LOCAL-GEMMA-3-27B,off,hidden,full,50,0.7272114160349454,0.03106637390356692,5,0.4415528690459545,0.06089817618664263,5,0.7178915003695492,0.03110982104200702,5,0.7398665737514518,0.02845974549041094,5,,,0
diabetes,LOCAL-LLAMA-3.1-8B,off,hidden,full,50,0.5690045248868778,0.05312811069491827,3,0.2790133536197869,0.1255945804686203,3,0.5242415514592934,0.092365532701242,3,0.6132759216589863,0.0647047998001671,3,,,0
diabetes,LOCAL-MISTRAL-7B-FP16,off,hidden,full,50,0.7033497874674345,0.06828704812476037,5,0.39865061994657325,0.1391395179744868,5,0.6951851474040973,0.07016353601256825,5,0.7193116918996295,0.06393242064863158,5,,,0
diabetes,LOCAL-MISTRAL-7B-FP16,off,visible,full,50,0.6810334763275939,0.05625014358076167,5,0.3920282860699929,0.11795506526966906,5,0.6680280840600095,0.07310784810953255,5,0.6963402953389093,0.07729571153823181,5,,,0
diabetes,LOCAL-MISTRAL-SMALL-3.1-24B-FP16,off,hidden,full,50,0.7153515112338642,0.04543915337675014,5,0.41058252098465886,0.08773751840590374,5,0.6877553912730915,0.03780131267664437,5,0.7032080687697703,0.03234300619359209,5,,,0
diabetes,LOCAL-MISTRAL-SMALL-3.1-24B-FP16,off,visible,full,50,0.7096503496503497,0.048858131377662525,5,0.40184231828729217,0.09448018545451163,5,0.6716375507107615,0.04565465487159813,5,0.6826923475468238,0.04419598217686717,5,,,0
diabetes,LOCAL-QWEN3-30B-A3B,off,hidden,full,50,0.6965608900903019,0.06715483193863037,5,0.39957058606794366,0.12874433050363165,5,0.6969044755973531,0.0636745396733652,5,0.7274838850643119,0.05531227338974183,5,,,0
diabetes,LOCAL-QWEN3-30B-A3B,off,visible,full,50,0.7017556952851071,0.07692988712413344,5,0.40879808454526945,0.14793976051626614,5,0.6988936314650935,0.07712882914523402,5,0.7267232718026542,0.07245558082342388,5,,,0
diabetes,LOCAL-QWEN3-32B-FP8,off,hidden,full,50,0.7153354488648607,0.08375961873410805,5,0.42364809055461067,0.16160363987879092,5,0.708081489194383,0.07837615173864558,5,0.7334711124151875,0.06750115219653735,5,,,0
diabetes,LOCAL-QWEN3-32B-FP8,off,visible,full,50,0.7116324851618969,0.06166888630831699,5,0.43192400929077246,0.1225123416928042,5,0.7148510349538547,0.062207219309605044,5,0.7448554530719222,0.05303512314563968,5,,,0
diabetes,LOCAL-QWEN3-8B,off,hidden,full,50,0.669221170985877,0.10223828438835561,5,0.39456171614054775,0.18020866054368603,5,0.6692817835892048,0.10363587807057899,5,0.716535224678228,0.08359959303011527,5,,,0
diabetes,LOCAL-QWEN3-8B,off,visible,full,50,0.5671056394585806,0.05761422870956463,5,0.20699127633506015,0.15681722562064832,5,0.529591656747093,0.09689507106175035,5,0.6138448094548098,0.07318275671753031,5,,,0
diabetes,QWEN,off,hidden,full,50,0.7170833088480147,0.05464513398388848,5,0.4239452862107682,0.10193565368837938,5,0.7088489788955163,0.04925935709832255,5,0.7327464975404767,0.04306433552357052,5,,,0
diabetes,QWEN,off,visible,full,50,0.7126493114728409,0.0474464790284667,5,0.4070387914191162,0.09035569194404067,5,0.6876336258234105,0.03946742947900266,5,0.704438920514517,0.03511874015116234,5,,,0
diabetes,REALTABPFN-V2,off,hidden,full,50,0.6813504142915907,0.06293179173747648,5,0.4065871445741179,0.08219058684478535,5,0.6812030913644823,0.06351483334328543,5,0.7221770240863626,0.04541037106294593,5,0.8150771973124915,0.042428825984203125,5
diabetes,REALTABPFN-V2,off,visible,full,50,0.6813504142915907,0.06293179173747648,5,0.4065871445741179,0.08219058684478535,5,0.6812030913644823,0.06351483334328543,5,0.7221770240863626,0.04541037106294593,5,0.8150771973124915,0.042428825984203125,5
diabetes,RF,off,hidden,full,50,0.6820058372999549,0.07632863908831544,5,0.39075115083515977,0.13497118648644418,5,0.686075138342062,0.07273870634618843,5,0.7252586879585726,0.0578506968180136,5,0.7807402009754951,0.04283490304366212,5
diabetes,RF,off,visible,full,50,0.6820058372999549,0.07632863908831544,5,0.39075115083515977,0.13497118648644418,5,0.686075138342062,0.07273870634618843,5,0.7252586879585726,0.0578506968180136,5,0.7807402009754951,0.04283490304366212,5
hazelnut-spread-contaminant-detection,DUMMY,off,hidden,full,50,0.5,0.0,5,0.0,0.0,5,0.3333333333333333,0.0,5,0.3333333333333332,0.0,5,0.5,0.0,5
hazelnut-spread-contaminant-detection,DUMMY,off,visible,full,50,0.5,0.0,5,0.0,0.0,5,0.3333333333333333,0.0,5,0.3333333333333332,0.0,5,0.5,0.0,5
hazelnut-spread-contaminant-detection,LOCAL-GEMMA-3-27B,off,hidden,full,50,0.732,0.016431676725154998,5,0.5007696148876731,0.02344492896103651,5,0.7219562366621083,0.02230719855828458,5,0.7219562366621083,0.022307198558284537,5,,,0
hazelnut-spread-contaminant-detection,LOCAL-LLAMA-3.1-8B,off,hidden,full,50,0.71,0.0,2,0.45842915621247704,0.006177947604342647,2,0.6978799501419597,0.0017804449295721842,2,0.6978799501419597,0.0017804449295720664,2,,,0
hazelnut-spread-contaminant-detection,LOCAL-LLAMA-3.1-8B,off,visible,full,50,0.674,0.0814248119432891,5,0.36301518360728935,0.17270427348086662,5,0.6693212210245758,0.07872047404911843,5,0.6693212210245758,0.07872047404911846,5,,,0
hazelnut-spread-contaminant-detection,LOCAL-MISTRAL-7B-FP16,off,hidden,full,50,0.6779999999999999,0.038340579025361615,5,0.4315424297210986,0.060436715377761276,5,0.6481590780803653,0.0521346679216521,5,0.6481590780803652,0.052134667921652125,5,,,0
hazelnut-spread-contaminant-detection,LOCAL-MISTRAL-7B-FP16,off,visible,full,50,0.522,0.04381780460041327,5,0.0816465017948506,0.1336667717883703,5,0.3775340263085477,0.08713896816697908,5,0.3775340263085476,0.08713896816697908,5,,,0
hazelnut-spread-contaminant-detection,LOCAL-MISTRAL-SMALL-3.1-24B-FP16,off,hidden,full,50,0.716,0.01816590212458497,5,0.4719036833055667,0.051469786965585025,5,0.7046627711222091,0.02031461643600117,5,0.7046627711222091,0.020314616436001107,5,,,0
hazelnut-spread-contaminant-detection,LOCAL-MISTRAL-SMALL-3.1-24B-FP16,off,visible,full,50,0.706,0.03049590136395385,5,0.4571484515908925,0.09010128405980883,5,0.6933916004138846,0.026607865336055834,5,0.6933916004138846,0.026607865336055872,5,,,0
hazelnut-spread-contaminant-detection,LOCAL-QWEN3-30B-A3B,off,hidden,full,50,0.714,0.027928480087537903,5,0.4455849517012904,0.048705430788103944,5,0.7079699746795675,0.03168816674914202,5,0.7079699746795676,0.031688166749142044,5,,,0
hazelnut-spread-contaminant-detection,LOCAL-QWEN3-30B-A3B,off,visible,full,50,0.712,0.03633180424916993,5,0.4361075689037438,0.06961447834977344,5,0.7076588845764716,0.038787611653023704,5,0.7076588845764716,0.03878761165302371,5,,,0
hazelnut-spread-contaminant-detection,LOCAL-QWEN3-32B-FP8,off,hidden,full,50,0.7,0.048476798574163295,5,0.4049799471437593,0.10007182576768804,5,0.6984760797537268,0.047721358353715645,5,0.6984760797537268,0.04772135835371565,5,,,0
hazelnut-spread-contaminant-detection,LOCAL-QWEN3-32B-FP8,off,visible,full,50,0.716,0.045607017003965515,5,0.44250029747604536,0.09524461249455794,5,0.7129825985045654,0.04489536348414712,5,0.7129825985045654,0.04489536348414712,5,,,0
hazelnut-spread-contaminant-detection,LOCAL-QWEN3-8B,off,hidden,full,50,0.718,0.02949576240750526,5,0.48974507434934944,0.07484133700279919,5,0.703146944103847,0.02930534200880117,5,0.703146944103847,0.02930534200880127,5,,,0
hazelnut-spread-contaminant-detection,LOCAL-QWEN3-8B,off,visible,full,50,0.706,0.03435112807463535,5,0.47848938856697093,0.06439352031274968,5,0.6848844893213553,0.04175538555982127,5,0.6848844893213553,0.04175538555982134,5,,,0
hazelnut-spread-contaminant-detection,QWEN,off,hidden,full,50,0.716,0.09449867723941957,5,0.45386669750462183,0.19799399779584717,5,0.7106247090879461,0.09325775494572239,5,0.7106247090879461,0.09325775494572246,5,,,0
hazelnut-spread-contaminant-detection,QWEN,off,visible,full,50,0.714,0.0658027355054484,5,0.4475074479640515,0.14165050517624647,5,0.7089934292702297,0.06409591586880582,5,0.7089934292702297,0.06409591586880581,5,,,0
hazelnut-spread-contaminant-detection,REALTABPFN-V2,off,hidden,full,50,0.8019999999999999,0.0725947656515261,5,0.6115035584783116,0.15074630579232584,5,0.8010844599354174,0.07241945396926329,5,0.8010844599354174,0.07241945396926328,5,0.8892800000000001,0.05227113926441624,5
hazelnut-spread-contaminant-detection,REALTABPFN-V2,off,visible,full,50,0.8019999999999999,0.0725947656515261,5,0.6115035584783116,0.15074630579232584,5,0.8010844599354174,0.07241945396926329,5,0.8010844599354174,0.07241945396926328,5,0.8892800000000001,0.05227113926441624,5
hazelnut-spread-contaminant-detection,RF,off,hidden,full,50,0.756,0.08792041856133308,5,0.5193555581332079,0.18323161776723024,5,0.7549439316902335,0.08732748365406366,5,0.7549439316902335,0.08732748365406369,5,0.85368,0.06828668977187287,5
hazelnut-spread-contaminant-detection,RF,off,visible,full,50,0.756,0.08792041856133308,5,0.5193555581332079,0.18323161776723024,5,0.7549439316902335,0.08732748365406366,5,0.7549439316902335,0.08732748365406369,5,0.85368,0.06828668977187287,5
heloc,DUMMY,off,hidden,full,50,0.5,0.0,5,0.0,0.0,5,0.3464052287581699,0.0,5,0.3671895424836601,0.0,5,0.5,0.0,5
heloc,DUMMY,off,visible,full,50,0.5,0.0,5,0.0,0.0,5,0.3464052287581699,0.0,5,0.3671895424836601,0.0,5,0.5,0.0,5
heloc,GEMMA,off,hidden,full,50,0.6781914893617021,0.027250695997434828,4,0.3656517581332179,0.05145862272292706,4,0.6758734872917297,0.02765838042085664,4,0.6781402809279794,0.026232269406532505,4,,,0
heloc,GEMMA,off,visible,full,50,0.727940586109996,0.043195391886483296,5,0.46364131067404335,0.07806360818370607,5,0.7256433803288169,0.04407570620448499,5,0.7270374654209335,0.04302198313431894,5,,,0
heloc,LOCAL-GEMMA-3-27B,off,hidden,full,50,0.6264552388598956,0.03383322199575529,5,0.28959015245779807,0.08265499309162196,5,0.6112167733409956,0.04187008775636751,5,0.6166835442366363,0.040017581047632006,5,,,0
heloc,LOCAL-LLAMA-3.1-8B,off,hidden,full,50,0.7077478924126857,0.04939244477176206,2,0.42132861682093214,0.09053601942835825,2,0.7057963875205254,0.04837121265062658,2,0.7073727422003284,0.046141910483338884,2,,,0
heloc,LOCAL-MISTRAL-7B-FP16,off,hidden,full,50,0.6225612203934163,0.08048583369375617,5,0.2371545198304413,0.2006025279940274,5,0.5811536099056568,0.15236944509202832,5,0.577811176557663,0.16086933164608222,5,,,0
heloc,LOCAL-MISTRAL-7B-FP16,off,visible,full,50,0.5527498996386992,0.07342969388685074,5,0.13010994835713632,0.1981276928456326,5,0.43794435262214354,0.15495545152417328,5,0.42979463251712924,0.16947489033781843,5,,,0
heloc,LOCAL-MISTRAL-SMALL-3.1-24B-FP16,off,hidden,full,50,0.6318346045764753,0.03697912871726024,5,0.2661947139199415,0.07441577513338718,5,0.6307720305199817,0.037100334529349466,5,0.6323880840036674,0.03738405544212892,5,,,0
heloc,LOCAL-MISTRAL-SMALL-3.1-24B-FP16,off,visible,full,50,0.7049779205138499,0.036832843467270435,5,0.41815579321931784,0.06807255255995018,5,0.7042113674658695,0.03843698890457662,5,0.7065347304070059,0.03726927942019362,5,,,0
heloc,LOCAL-QWEN3-30B-A3B,off,hidden,full,50,0.6759132878362104,0.022704113108332417,5,0.3652280251256051,0.04204950483461447,5,0.6732041647039801,0.025603969372957402,5,0.6760349626092375,0.02468855676369942,5,,,0
heloc,LOCAL-QWEN3-30B-A3B,off,visible,full,50,0.6480128462464874,0.04872013473381676,5,0.30642087768815024,0.08463388067076852,5,0.6351799893560035,0.06927232951869965,5,0.6341433779856291,0.07283199459776321,5,,,0
heloc,LOCAL-QWEN3-32B-FP8,off,hidden,full,50,0.686109995985548,0.017203343881810457,5,0.38103504788606823,0.036830739220540254,5,0.684527775954269,0.017878496637508536,5,0.6865218728092125,0.018081575573283954,5,,,0
heloc,LOCAL-QWEN3-32B-FP8,off,visible,full,50,0.6847049377759935,0.0345666815602319,5,0.3769109858804914,0.06672706768142174,5,0.6826736523890508,0.03547802101683577,5,0.684555180456076,0.03463803874018718,5,,,0
heloc,LOCAL-QWEN3-8B,off,hidden,full,50,0.6310317141710157,0.026852003127670804,5,0.29711887174662566,0.05970571889351921,5,0.6129739579733418,0.034986618931847006,5,0.6165649121286891,0.03470108913250945,5,,,0
heloc,LOCAL-QWEN3-8B,off,visible,full,50,0.6549177037334404,0.05880100003238088,5,0.31793580723949844,0.11584753008137648,5,0.65163276920409,0.06192367089763491,5,0.6543631360092098,0.060409961457269026,5,,,0
heloc,QWEN,off,hidden,full,50,0.6728221597751907,0.04885812419992364,5,0.3672681828564875,0.09660846359630945,5,0.6664834109612251,0.054151389539440285,5,0.6697720510532925,0.05295992393480424,5,,,0
heloc,QWEN,off,visible,full,50,0.6855078281814532,0.02873398547914311,5,0.3797273028794309,0.05653037099325831,5,0.6798568352606814,0.028323419473331158,5,0.6802203261667378,0.027616539100551125,5,,,0
heloc,REALTABPFN-V2,off,hidden,full,50,0.6981132075471698,0.049892993256773155,5,0.40904851137045234,0.09546217082890314,5,0.696039302786524,0.05297111361683614,5,0.6986772084831883,0.05190300781566773,5,0.7650742673625051,0.05182951413068762,5
heloc,REALTABPFN-V2,off,visible,full,50,0.6981132075471698,0.049892993256773155,5,0.40904851137045234,0.09546217082890314,5,0.696039302786524,0.05297111361683614,5,0.6986772084831883,0.05190300781566773,5,0.7650742673625051,0.05182951413068762,5
heloc,RF,off,hidden,full,50,0.695543958249699,0.057308570001710545,5,0.3981405157811692,0.11190396790725773,5,0.6943128709704883,0.05833560685961721,5,0.6965709109489492,0.05703828558274542,5,0.7540345242874348,0.047902018814100195,5
heloc,RF,off,visible,full,50,0.695543958249699,0.057308570001710545,5,0.3981405157811692,0.11190396790725773,5,0.6943128709704883,0.05833560685961721,5,0.6965709109489492,0.05703828558274542,5,0.7540345242874348,0.047902018814100195,5
hiva_agnostic,DUMMY,off,hidden,full,50,0.3333333333333333,0.0,5,0.0,0.0,5,0.3247863247863248,0.0,5,0.9256410256410256,0.0,5,0.5,0.0,5
hiva_agnostic,DUMMY,off,visible,full,50,0.3333333333333333,0.0,5,0.0,0.0,5,0.3247863247863248,0.0,5,0.9256410256410256,0.0,5,0.5,0.0,5
hiva_agnostic,REALTABPFN-V2,off,hidden,full,50,0.33052631578947367,0.00457487888084398,5,-0.01008099663320856,0.014634312456908381,5,0.32336549475724735,0.00232096373246539,5,0.9215916600581548,0.006614746637526312,5,0.541480412371134,0.13474721940121362,5
hiva_agnostic,REALTABPFN-V2,off,visible,full,50,0.33052631578947367,0.00457487888084398,5,-0.01008099663320856,0.014634312456908381,5,0.32336549475724735,0.00232096373246539,5,0.9215916600581548,0.006614746637526312,5,0.541480412371134,0.13474721940121362,5
hiva_agnostic,RF,off,hidden,full,50,0.3333333333333333,0.0,5,0.0,0.0,5,0.3247863247863248,0.0,5,0.9256410256410256,0.0,5,0.53200206185567,0.12337867501821663,5
hiva_agnostic,RF,off,visible,full,50,0.3333333333333333,0.0,5,0.0,0.0,5,0.3247863247863248,0.0,5,0.9256410256410256,0.0,5,0.53200206185567,0.12337867501821663,5
in_vehicle_coupon_recommendation,DUMMY,off,hidden,full,50,0.5,0.0,5,0.0,0.0,5,0.3630573248407643,0.0,5,0.4138853503184713,0.0,5,0.5,0.0,5
in_vehicle_coupon_recommendation,DUMMY,off,visible,full,50,0.5,0.0,5,0.0,0.0,5,0.3630573248407643,0.0,5,0.4138853503184713,0.0,5,0.5,0.0,5
in_vehicle_coupon_recommendation,GEMMA,off,hidden,full,50,0.5521419828641371,0.04402079644199628,5,0.11513139264800462,0.09899325651129429,5,0.5449070777975282,0.0455051280688427,5,0.5614889523380182,0.045376959735200374,5,,,0
in_vehicle_coupon_recommendation,GEMMA,off,visible,full,50,0.5815993472052223,0.06494152755593345,5,0.16633577985348266,0.13202859781232615,5,0.5786786003521706,0.06806253202223933,5,0.5887632277998334,0.06619168180104851,5,,,0
in_vehicle_coupon_recommendation,LOCAL-GEMMA-3-27B,off,hidden,full,50,0.5209710322317421,0.021351428547870192,5,0.05429628516593672,0.05614050401202459,5,0.4920080375894318,0.025291998028294498,5,0.5180896152694748,0.02292589455423294,5,,,0
in_vehicle_coupon_recommendation,LOCAL-LLAMA-3.1-8B,off,hidden,full,50,0.5316605467156262,0.06468443739964934,5,0.06756179885660264,0.14111931213116355,5,0.5160643068386188,0.06577377262679773,5,0.532628213306837,0.057837266104967616,5,,,0
in_vehicle_coupon_recommendation,LOCAL-LLAMA-3.1-8B,off,visible,full,50,0.5507955936352509,0.09177523598639178,5,0.09926379083903417,0.1935628027674325,5,0.47166117376068817,0.1462106623822555,5,0.5050214148548612,0.12439384525096524,5,,,0
in_vehicle_coupon_recommendation,LOCAL-MISTRAL-7B-FP16,off,hidden,full,50,0.5003671970624235,0.034782290065482155,5,0.006384564392573883,0.08866916443184157,5,0.46612702915756465,0.03827329863843619,5,0.4889849438280799,0.02599898414325339,5,,,0
in_vehicle_coupon_recommendation,LOCAL-MISTRAL-7B-FP16,off,visible,full,50,0.5150142798857609,0.02775075211742601,5,0.052364105409298575,0.09596057664660283,5,0.41596421195749295,0.059339263481933954,5,0.45890858323033534,0.051849639035912776,5,,,0
in_vehicle_coupon_recommendation,LOCAL-MISTRAL-SMALL-3.1-24B-FP16,off,hidden,full,50,0.5545899632802938,0.04010490661054478,5,0.1111206036823946,0.08011841362756382,5,0.5468544106088185,0.0429020166289454,5,0.5532053205365504,0.04463550198684348,5,,,0
in_vehicle_coupon_recommendation,LOCAL-MISTRAL-SMALL-3.1-24B-FP16,off,visible,full,50,0.5729906160750714,0.03646963672103738,5,0.15425867886494204,0.07761567049383991,5,0.5679344812352654,0.03648051578517419,5,0.5810925975975166,0.034386109301927655,5,,,0
in_vehicle_coupon_recommendation,LOCAL-QWEN3-30B-A3B,off,hidden,full,50,0.5381884944920441,0.022981029592310735,5,0.08872163560061663,0.05868036514709495,5,0.5278269073592353,0.014161642396043225,5,0.5458169692341246,0.019031800575487923,5,,,0
in_vehicle_coupon_recommendation,LOCAL-QWEN3-30B-A3B,off,visible,full,50,0.5647490820073439,0.03030821267143817,5,0.14644159487440073,0.07582630308957812,5,0.5341405790501546,0.03109320333234368,5,0.5328297999119894,0.04190580583060337,5,,,0
in_vehicle_coupon_recommendation,LOCAL-QWEN3-32B-FP8,off,hidden,full,50,0.5532843737250102,0.061847245384471346,5,0.11009877106957192,0.12458721542924113,5,0.5450059212504987,0.06814657421632624,5,0.5617079601469237,0.061822757630136366,5,,,0
in_vehicle_coupon_recommendation,LOCAL-QWEN3-32B-FP8,off,visible,full,50,0.6170134638922888,0.06875556104972634,5,0.23377266597692709,0.136442146126623,5,0.6130241978012326,0.0688161298711223,5,0.620046080630735,0.06430890978337189,5,,,0
in_vehicle_coupon_recommendation,LOCAL-QWEN3-8B,off,hidden,full,50,0.5715218278253774,0.04670685084847537,5,0.15070114844129912,0.09522108083469591,5,0.560290637531403,0.04560040583033333,5,0.5671290536058318,0.04678918784863477,5,,,0
in_vehicle_coupon_recommendation,LOCAL-QWEN3-8B,off,visible,full,50,0.533782129742962,0.0473870689123888,5,0.09801720643152892,0.11291289831863506,5,0.44335600970721345,0.08259743569362174,5,0.42344769477170174,0.09508548196385216,5,,,0
in_vehicle_coupon_recommendation,QWEN,off,hidden,full,50,0.5408812729498165,0.031931968218780894,5,0.08635232691649722,0.06706454712365056,5,0.5357293176546218,0.03439175902429993,5,0.5483981635588641,0.03750756825407973,5,,,0
in_vehicle_coupon_recommendation,QWEN,off,visible,full,50,0.5578131374949,0.026184444136820705,5,0.12252307779788589,0.055240337586985426,5,0.5517292389345024,0.03132063044473512,5,0.5647745720927337,0.03128723227991134,5,,,0
in_vehicle_coupon_recommendation,REALTABPFN-V2,off,hidden,full,50,0.5306813545491635,0.059108610737612345,5,0.08717622222734885,0.12357504786846728,5,0.43032129776308403,0.11583125360934936,5,0.47177543831864915,0.09986912297839053,5,0.5690738474092207,0.05403234805835262,5
in_vehicle_coupon_recommendation,REALTABPFN-V2,off,visible,full,50,0.5306813545491635,0.059108610737612345,5,0.08717622222734885,0.12357504786846728,5,0.43032129776308403,0.11583125360934936,5,0.47177543831864915,0.09986912297839053,5,0.5690738474092207,0.05403234805835262,5
in_vehicle_coupon_recommendation,RF,off,hidden,full,50,0.5468788249694002,0.03295928090998507,5,0.09840216177408465,0.06682450480506782,5,0.533231755490197,0.05605936612908811,5,0.5505456731539367,0.04731963118548561,5,0.5962056303549572,0.024181164924436182,5
in_vehicle_coupon_recommendation,RF,off,visible,full,50,0.5468788249694002,0.03295928090998507,5,0.09840216177408465,0.06682450480506782,5,0.533231755490197,0.05605936612908811,5,0.5505456731539367,0.04731963118548561,5,0.5962056303549572,0.024181164924436182,5
jm1,DUMMY,off,hidden,full,50,0.5,0.0,5,0.0,0.0,5,0.4475138121546961,0.0,5,0.7249723756906077,0.0,5,0.5,0.0,5
jm1,DUMMY,off,visible,full,50,0.5,0.0,5,0.0,0.0,5,0.4475138121546961,0.0,5,0.7249723756906077,0.0,5,0.5,0.0,5
jm1,GEMMA,off,hidden,full,50,0.6024041585445093,0.09236414941506156,5,0.20873439517856282,0.19274057477985565,5,0.590895501486469,0.09991774666127497,5,0.7485196381355402,0.06371420304354515,5,,,0
jm1,GEMMA,off,visible,full,50,0.5929174788823911,0.09173479521572941,5,0.16662961984716923,0.166730383572414,5,0.5720573428038429,0.08222484016148682,5,0.7183949393411115,0.05683951876199171,5,,,0
jm1,LOCAL-GEMMA-3-27B,off,hidden,full,50,0.5478232618583496,0.061782405153076696,5,0.13665559323055415,0.19194104645076449,5,0.5548369118889752,0.0796803907562559,5,0.7465573071228263,0.05082557920738919,5,,,0
jm1,LOCAL-LLAMA-3.1-8B,off,hidden,full,50,0.5080571799870046,0.01186480104353138,5,0.054353741281226595,0.09002663315767863,5,0.466363241327547,0.026087701261712674,5,0.7318357236778988,0.010273605562343472,5,,,0
jm1,LOCAL-LLAMA-3.1-8B,off,visible,full,50,0.5,,1,0.0,,1,0.4475138121546961,,1,0.7249723756906077,,1,,,0
jm1,LOCAL-MISTRAL-7B-FP16,off,hidden,full,50,0.5845516569200779,0.056459451352342795,4,0.16973796899191507,0.11520855957878298,4,0.5684776434748704,0.08187124044041674,4,0.747796497417005,0.02873654979275977,4,,,0
jm1,LOCAL-MISTRAL-7B-FP16,off,visible,full,50,0.5519818063677713,0.04947667269863931,4,0.12598107150387688,0.11142864229290303,4,0.5410831680716099,0.07176523962065325,4,0.745277512198788,0.02586123835572587,4,,,0
jm1,LOCAL-MISTRAL-SMALL-3.1-24B-FP16,off,hidden,full,50,0.581351526965562,0.08594811379720439,5,0.15903351758646356,0.16228811744015964,5,0.5732969566219581,0.08505037243985848,5,0.7401929378594403,0.050214567414385805,5,,,0
jm1,LOCAL-MISTRAL-SMALL-3.1-24B-FP16,off,visible,full,50,0.5634827810266406,0.07556822975174994,5,0.1217200486036091,0.1426381922199024,5,0.5561945376760187,0.07231760506967416,5,0.7141299724197276,0.05375243158308928,5,,,0
jm1,LOCAL-QWEN3-30B-A3B,off,hidden,full,50,0.5710201429499675,0.0813710774773305,5,0.15779139185575594,0.1920463631604685,5,0.5674400600402418,0.10022634395945079,5,0.7584616884739829,0.045168039197076695,5,,,0
jm1,LOCAL-QWEN3-30B-A3B,off,visible,full,50,0.5623781676413255,0.09407491916059973,5,0.1145244092256199,0.220018620174947,5,0.5497317440276999,0.116790372988159,5,0.7458182391776876,0.05109239184066584,5,,,0
jm1,LOCAL-QWEN3-32B-FP8,off,hidden,full,50,0.5701104613385315,0.0850046212120381,5,0.17295661624577172,0.21667612113604923,5,0.5730059872090895,0.10566408669715159,5,0.7567642882415535,0.058480400915471256,5,,,0
jm1,LOCAL-QWEN3-32B-FP8,off,visible,full,50,0.5716699155295647,0.07083735611306148,5,0.17373591995327078,0.18899409871725,5,0.5740297034993903,0.08879088675337175,5,0.7550964698373624,0.049997038379914135,5,,,0
jm1,LOCAL-QWEN3-8B,off,hidden,full,50,0.5932423651721896,0.07584999079075978,5,0.16516561132170307,0.1334648267588186,5,0.5699540044143637,0.06512103561718462,5,0.7142124959245042,0.04970661403107768,5,,,0
jm1,LOCAL-QWEN3-8B,off,visible,full,50,0.546588693957115,0.07242545422666578,5,0.0941085538088352,0.15434544955482118,5,0.5365044318757586,0.08267239550608278,5,0.7388556824386111,0.0340386916991074,5,,,0
jm1,QWEN,off,hidden,full,50,0.5636127355425601,0.10286471497359316,5,0.16467138814434165,0.2254317919156558,5,0.5593714705754934,0.11742200177082089,5,0.7501903125663874,0.062394484557704556,5,,,0
jm1,QWEN,off,visible,full,50,0.5754385964912281,0.07158875109048787,5,0.1626942795691042,0.11848272666055895,5,0.5684180034065415,0.06251117912977087,5,0.7434986110371955,0.03279637591318759,5,,,0
jm1,REALTABPFN-V2,off,hidden,full,50,0.5313190383365821,0.07075311828210752,5,0.0742110386598422,0.22046559730928272,5,0.5115192894475744,0.10657565328922054,5,0.7449347531785748,0.0491671327414951,5,0.6325536062378168,0.09536284279385868,5
jm1,REALTABPFN-V2,off,visible,full,50,0.5313190383365821,0.07075311828210752,5,0.0742110386598422,0.22046559730928272,5,0.5115192894475744,0.10657565328922054,5,0.7449347531785748,0.0491671327414951,5,0.6325536062378168,0.09536284279385868,5
jm1,RF,off,hidden,full,50,0.5673164392462638,0.06816281601579559,5,0.15607351316059911,0.18082861048080517,5,0.5651907808699832,0.0906361621113234,5,0.7548052188555265,0.04399915000996502,5,0.629759584145549,0.08873518310140127,5
jm1,RF,off,visible,full,50,0.5673164392462638,0.06816281601579559,5,0.15607351316059911,0.18082861048080517,5,0.5651907808699832,0.0906361621113234,5,0.7548052188555265,0.04399915000996502,5,0.629759584145549,0.08873518310140127,5
kddcup09_appetency,DUMMY,off,hidden,full,50,0.5,0.0,5,0.0,0.0,5,0.494949494949495,0.0,5,0.97010101010101,0.0,5,0.5,0.0,5
kddcup09_appetency,DUMMY,off,visible,full,50,0.5,0.0,5,0.0,0.0,5,0.494949494949495,0.0,5,0.97010101010101,0.0,5,0.5,0.0,5
kddcup09_appetency,GEMMA,off,hidden,full,50,0.5,0.0,3,0.0,0.0,3,0.494949494949495,0.0,3,0.97010101010101,0.0,3,,,0
kddcup09_appetency,GEMMA,off,visible,full,50,0.5,0.0,2,0.0,0.0,2,0.494949494949495,0.0,2,0.97010101010101,0.0,2,,,0
kddcup09_appetency,LOCAL-GEMMA-3-27B,off,hidden,full,50,0.5,0.0,5,0.0,0.0,5,0.494949494949495,0.0,5,0.97010101010101,0.0,5,,,0
kddcup09_appetency,LOCAL-LLAMA-3.1-8B,off,hidden,full,50,0.5,,1,0.0,,1,0.494949494949495,,1,0.97010101010101,,1,,,0
kddcup09_appetency,LOCAL-MISTRAL-7B-FP16,off,hidden,full,50,0.5,0.0,2,0.0,0.0,2,0.494949494949495,0.0,2,0.97010101010101,0.0,2,,,0
kddcup09_appetency,LOCAL-MISTRAL-SMALL-3.1-24B-FP16,off,hidden,full,50,0.4979591836734693,0.002794502844414136,5,-0.00574307323005264,0.007864026893759719,5,0.49392401169050915,0.001404200783226146,5,0.9680910629133977,0.0027522335351231448,5,,,0
kddcup09_appetency,LOCAL-MISTRAL-SMALL-3.1-24B-FP16,off,visible,full,50,0.5,0.0,5,0.0,0.0,5,0.494949494949495,0.0,5,0.97010101010101,0.0,5,,,0
kddcup09_appetency,LOCAL-QWEN3-30B-A3B,off,hidden,full,50,0.5,0.0,5,0.0,0.0,5,0.494949494949495,0.0,5,0.97010101010101,0.0,5,,,0
kddcup09_appetency,LOCAL-QWEN3-30B-A3B,off,visible,full,50,0.5,0.0,5,0.0,0.0,5,0.494949494949495,0.0,5,0.97010101010101,0.0,5,,,0
kddcup09_appetency,LOCAL-QWEN3-32B-FP8,off,hidden,full,50,0.5,0.0,5,0.0,0.0,5,0.494949494949495,0.0,5,0.97010101010101,0.0,5,,,0
kddcup09_appetency,LOCAL-QWEN3-32B-FP8,off,visible,full,50,0.4224489795918367,0.1896147917827277,5,-0.017320457664186162,0.17871576539204845,5,0.4447384237138715,0.11863363969993433,5,0.8168301676220453,0.13907024805874155,5,,,0
kddcup09_appetency,LOCAL-QWEN3-8B,off,hidden,full,50,0.5,0.0,5,0.0,0.0,5,0.494949494949495,0.0,5,0.97010101010101,0.0,5,,,0
kddcup09_appetency,LOCAL-QWEN3-8B,off,visible,full,50,0.4724489795918367,0.03707326964201012,5,-0.02543744837206252,0.02799902841708467,5,0.48017858618946974,0.020236211030048357,5,0.9411500289313606,0.039662973618894704,5,,,0
kddcup09_appetency,QWEN,off,hidden,full,50,0.5,0.0,5,0.0,0.0,5,0.494949494949495,0.0,5,0.97010101010101,0.0,5,,,0
kddcup09_appetency,QWEN,off,visible,full,50,0.5,,1,0.0,,1,0.494949494949495,,1,0.97010101010101,,1,,,0
kddcup09_appetency,REALTABPFN-V2,off,hidden,full,50,0.4989795918367347,0.0022817020178569555,5,-0.00287153661502632,0.006420951071078496,5,0.4944367533200021,0.001146525138440177,5,0.9690960365072039,0.0022471892713426885,5,0.5964285714285714,0.2519989843827667,5
kddcup09_appetency,REALTABPFN-V2,off,visible,full,50,0.4989795918367347,0.0022817020178569555,5,-0.00287153661502632,0.006420951071078496,5,0.4944367533200021,0.001146525138440177,5,0.9690960365072039,0.0022471892713426885,5,0.5964285714285714,0.2519989843827667,5
kddcup09_appetency,RF,off,hidden,full,50,0.5,0.0,5,0.0,0.0,5,0.494949494949495,0.0,5,0.97010101010101,0.0,5,0.6040816326530611,0.23808961971019296,5
kddcup09_appetency,RF,off,visible,full,50,0.5,0.0,5,0.0,0.0,5,0.494949494949495,0.0,5,0.97010101010101,0.0,5,0.6040816326530611,0.23808961971019296,5
maternal_health_risk,DUMMY,off,hidden,full,50,0.3333333333333333,0.0,5,0.0,0.0,5,0.19115163796014853,0.001510346489361553,5,0.23054508611955415,0.004413232441914492,5,0.5,0.0,5
maternal_health_risk,DUMMY,off,visible,full,50,0.3333333333333333,0.0,5,0.0,0.0,5,0.19115163796014853,0.001510346489361553,5,0.23054508611955415,0.004413232441914492,5,0.5,0.0,5
maternal_health_risk,GEMMA,off,hidden,full,50,0.6521801535694409,0.07242479689951642,5,0.4625415964385489,0.10363925616873872,5,0.6467757537771436,0.06454633885108865,5,0.6391850740519942,0.06427924293029452,5,,,0
maternal_health_risk,GEMMA,off,visible,full,50,0.6681631660756481,0.0515442682690311,5,0.5002088275371508,0.08075986113358866,5,0.669893731789772,0.0490016328559651,5,0.6677406628459528,0.05211280566058059,5,,,0
maternal_health_risk,LOCAL-GEMMA-3-27B,off,hidden,full,50,0.623631400393715,0.046650943893899295,5,0.4286918204184782,0.06786774090316937,5,0.6138233560645302,0.039904887427282223,5,0.6098313467837799,0.03707432336082266,5,,,0
maternal_health_risk,LOCAL-LLAMA-3.1-8B,off,hidden,full,50,0.5704826038159372,,1,0.4014283837464415,,1,0.5522273289206726,,1,0.5495393324224088,,1,,,0
maternal_health_risk,LOCAL-MISTRAL-7B-FP16,off,hidden,full,50,0.5806031968633595,0.05478314901578909,5,0.3600438969477643,0.08406502592979273,5,0.5795276193463852,0.050342125760824565,5,0.571841292830679,0.052526105003767413,5,,,0
maternal_health_risk,LOCAL-MISTRAL-7B-FP16,off,visible,full,50,0.4731079647100689,0.05379493180515515,5,0.24255422025466206,0.07567598875395111,5,0.41900468930605106,0.078026506718829,5,0.39037073405857436,0.08275247179413582,5,,,0
maternal_health_risk,LOCAL-MISTRAL-SMALL-3.1-24B-FP16,off,hidden,full,50,0.6204268871748546,0.07209720416559495,5,0.41376182272501794,0.10818989020793028,5,0.6178523518485214,0.06373659538035303,5,0.6080607643358595,0.06391458457578368,5,,,0
maternal_health_risk,LOCAL-MISTRAL-SMALL-3.1-24B-FP16,off,visible,full,50,0.6292216416702309,0.0861184240652803,5,0.42832645635205663,0.12952074198458358,5,0.632376686260475,0.08242519391934094,5,0.6243133823988185,0.08295522901268707,5,,,0
maternal_health_risk,LOCAL-QWEN3-30B-A3B,off,hidden,full,50,0.6616416361681785,0.0809323648437097,5,0.4887681676812461,0.11603487498528016,5,0.6549499323239034,0.07602403650033511,5,0.6512376176462282,0.07682458422162394,5,,,0
maternal_health_risk,LOCAL-QWEN3-30B-A3B,off,visible,full,50,0.6053568685419475,0.06070233148335221,5,0.38407453608515923,0.09286226074135495,5,0.5855064770859653,0.06449319171265057,5,0.5684558812508949,0.07184676605914514,5,,,0
maternal_health_risk,LOCAL-QWEN3-32B-FP8,off,hidden,full,50,0.6341063611627934,0.07673106661211837,5,0.43435852260090596,0.12048468456225683,5,0.6207529799183182,0.07081610935967228,5,0.6139537326591477,0.0719661285624934,5,,,0
maternal_health_risk,LOCAL-QWEN3-32B-FP8,off,visible,full,50,0.6181015801245356,0.0697556751682664,5,0.4047842118992673,0.10234378910210114,5,0.6109047288175811,0.06419967138565771,5,0.5982692137681649,0.06448547029666013,5,,,0
maternal_health_risk,LOCAL-QWEN3-8B,off,hidden,full,50,0.6432979911315636,0.06692689689109549,5,0.46667894843107316,0.10466581820400477,5,0.6306038483672445,0.05756125113002021,5,0.6299052305737606,0.05684750830088199,5,,,0
maternal_health_risk,LOCAL-QWEN3-8B,off,visible,full,50,0.5977286860189778,0.06668684273497673,5,0.3873318891045095,0.09649790570698324,5,0.5936867462659438,0.06526161617728278,5,0.5837614336481725,0.06628885987439599,5,,,0
maternal_health_risk,QWEN,off,hidden,full,50,0.6648151306687892,0.08978669680394379,5,0.48697098082920753,0.1392341502613051,5,0.652904854928787,0.09422465685610071,5,0.6487386825449615,0.09484963988227552,5,,,0
maternal_health_risk,QWEN,off,visible,full,50,0.66863787540019,0.07305023055704656,5,0.4888430433116612,0.10943184991386268,5,0.6550469354002514,0.06702278259853116,5,0.6478596156724067,0.06506835920367153,5,,,0
maternal_health_risk,REALTABPFN-V2,off,hidden,full,50,0.630838171782696,0.06315416138491847,5,0.42826302986794795,0.10520588057117784,5,0.6285474030970631,0.05672425563703656,5,0.6160981340426729,0.061569184061279335,5,0.7852394738277984,0.06085610764866988,5
maternal_health_risk,REALTABPFN-V2,off,visible,full,50,0.630838171782696,0.06315416138491847,5,0.42826302986794795,0.10520588057117784,5,0.6285474030970631,0.05672425563703656,5,0.6160981340426729,0.061569184061279335,5,0.7852394738277984,0.06085610764866988,5
maternal_health_risk,RF,off,hidden,full,50,0.6234489910075754,0.06131489597930063,5,0.41959655322829753,0.09858103372857013,5,0.6235328758014741,0.058492300111672564,5,0.6106907645784151,0.06100090584305946,5,0.794530771060085,0.04830080321404314,5
maternal_health_risk,RF,off,visible,full,50,0.6234489910075754,0.06131489597930063,5,0.41959655322829753,0.09858103372857013,5,0.6235328758014741,0.058492300111672564,5,0.6106907645784151,0.06100090584305946,5,0.794530771060085,0.04830080321404314,5
online_shoppers_intention,DUMMY,off,hidden,full,50,0.5,0.0,5,0.0,0.0,5,0.4565217391304347,0.0,5,0.7669565217391303,0.0,5,0.5,0.0,5
online_shoppers_intention,DUMMY,off,visible,full,50,0.5,0.0,5,0.0,0.0,5,0.4565217391304347,0.0,5,0.7669565217391303,0.0,5,0.5,0.0,5
online_shoppers_intention,GEMMA,off,hidden,full,50,0.8285714285714286,0.03166182719017348,5,0.5647266731960563,0.08064161701949424,5,0.7682481636554663,0.04873245244095337,5,0.8604642310293507,0.03542466053862972,5,,,0
online_shoppers_intention,GEMMA,off,visible,full,50,0.830952380952381,0.04428927437047303,5,0.5708662929654309,0.08493090025390553,5,0.7718338391102741,0.04709836261699923,5,0.8635588738354587,0.032702194987838475,5,,,0
online_shoppers_intention,LOCAL-GEMMA-3-27B,off,hidden,full,50,0.6541666666666666,0.12385476651617214,5,0.3143300576397857,0.2397459651573013,5,0.6468824586724697,0.12661657528315765,5,0.8255156837229022,0.04549958090151872,5,,,0
online_shoppers_intention,LOCAL-LLAMA-3.1-8B,off,hidden,full,50,0.498015873015873,0.0034366087451763432,3,-0.014621148776883733,0.025324572546586176,3,0.4555317969430585,0.0017146301650915175,3,0.7652934188643382,0.0028805786773537212,3,,,0
online_shoppers_intention,LOCAL-MISTRAL-7B-FP16,off,hidden,full,50,0.5571428571428572,0.0873462469194128,5,0.12500207062255658,0.19344621500302966,5,0.5565900163178747,0.09837436938137882,5,0.779786567691105,0.043195986277367614,5,,,0
online_shoppers_intention,LOCAL-MISTRAL-7B-FP16,off,visible,full,50,0.4988095238095238,0.0026619856874997676,5,-0.00877268926613024,0.01961632954454996,5,0.4559277738180089,0.001328146814860845,5,0.765958660014255,0.00223128664896623,5,,,0
online_shoppers_intention,LOCAL-MISTRAL-SMALL-3.1-24B-FP16,off,hidden,full,50,0.6366071428571429,0.02175369263881506,5,0.27827395476755024,0.028504855362699255,5,0.6360408565723826,0.01564994937457104,5,0.8047847472501248,0.016051769026743927,5,,,0
online_shoppers_intention,LOCAL-MISTRAL-SMALL-3.1-24B-FP16,off,visible,full,50,0.7285714285714285,0.05748556397212038,5,0.37361117790016596,0.1046949827921322,5,0.6547298512880221,0.06322550333342536,5,0.7752361251081592,0.05787049009456652,5,,,0
online_shoppers_intention,LOCAL-QWEN3-30B-A3B,off,hidden,full,50,0.5294642857142857,0.04335186923682223,5,0.09573986460999412,0.13689073516808462,5,0.5172795390103894,0.06849774824777527,5,0.7813493444658688,0.025112292532454013,5,,,0
online_shoppers_intention,LOCAL-QWEN3-30B-A3B,off,visible,full,50,0.6175595238095238,0.10357506322303324,5,0.2813677606054872,0.22038504911683862,5,0.6128905131477833,0.1262912661882379,5,0.814496062088276,0.04557411037802042,5,,,0
online_shoppers_intention,LOCAL-QWEN3-32B-FP8,off,hidden,full,50,0.6404761904761905,0.10634728605971841,5,0.31337748530756826,0.22578473134514568,5,0.645503165978812,0.11608925982757415,5,0.8225826107922224,0.0503945531822992,5,,,0
online_shoppers_intention,LOCAL-QWEN3-32B-FP8,off,visible,full,50,0.6199404761904762,0.07937701423158972,5,0.3139730484714943,0.18422050423615538,5,0.6410367627216148,0.09090955140800985,5,0.8254163881947658,0.04401360551032775,5,,,0
online_shoppers_intention,LOCAL-QWEN3-8B,off,hidden,full,50,0.5604166666666667,0.06428674767687935,5,0.19799553768042802,0.21561476188867837,5,0.5597145263778025,0.09998951601574296,5,0.801849226369846,0.03763251557509939,5,,,0
online_shoppers_intention,LOCAL-QWEN3-8B,off,visible,full,50,0.587202380952381,0.08719400049117673,5,0.25038857019378946,0.2344300086656779,5,0.5963156758921675,0.12058496994863574,5,0.8099787565514731,0.05407709591389856,5,,,0
online_shoppers_intention,QWEN,off,hidden,full,50,0.5770833333333334,0.07177958149196052,5,0.1682262313059833,0.16715931082374155,5,0.5777465731994984,0.08418921691948066,5,0.7894203968213113,0.03271651208560227,5,,,0
online_shoppers_intention,QWEN,off,visible,full,50,0.6672619047619047,0.11425722766253889,5,0.3071205523155595,0.20446005191283362,5,0.6505256462484003,0.10026905206869156,5,0.8047434095839521,0.053493465143847306,5,,,0
online_shoppers_intention,REALTABPFN-V2,off,hidden,full,50,0.6589285714285714,0.09575635587804648,5,0.36228685943357264,0.20952741590915142,5,0.6594091427974057,0.1145053233776386,5,0.8324085617377467,0.04114631037039594,5,0.841889880952381,0.06623904561704806,5
online_shoppers_intention,REALTABPFN-V2,off,visible,full,50,0.6589285714285714,0.09575635587804648,5,0.36228685943357264,0.20952741590915142,5,0.6594091427974057,0.1145053233776386,5,0.8324085617377467,0.04114631037039594,5,0.841889880952381,0.06623904561704806,5
online_shoppers_intention,RF,off,hidden,full,50,0.5955357142857143,0.027966690382936917,5,0.32745394964113556,0.10297977017195888,5,0.6194587888489292,0.040507073031834415,5,0.8234043492261008,0.019128992772517596,5,0.8037946428571429,0.05964494277879625,5
online_shoppers_intention,RF,off,visible,full,50,0.5955357142857143,0.027966690382936917,5,0.32745394964113556,0.10297977017195888,5,0.6194587888489292,0.040507073031834415,5,0.8234043492261008,0.019128992772517596,5,0.8037946428571429,0.05964494277879625,5
polish_companies_bankruptcy,DUMMY,off,hidden,full,50,0.5,0.0,5,0.0,0.0,5,0.4818652849740932,0.0,5,0.8962694300518134,0.0,5,0.5,0.0,5
polish_companies_bankruptcy,DUMMY,off,visible,full,50,0.5,0.0,5,0.0,0.0,5,0.4818652849740932,0.0,5,0.8962694300518134,0.0,5,0.5,0.0,5
polish_companies_bankruptcy,GEMMA,off,hidden,full,50,0.6601382488479262,0.22541119605382645,4,0.26106078212101125,0.34969912236115924,4,0.6223353288191398,0.16795051837905559,4,0.895531749881112,0.04505144462023795,4,,,0
polish_companies_bankruptcy,GEMMA,off,visible,full,50,0.692626728110599,0.16098226011434968,5,0.27581966297563343,0.22536751541883138,5,0.618310941587738,0.10635215603765599,5,0.8715789954755759,0.04231465204921141,5,,,0
polish_companies_bankruptcy,REALTABPFN-V2,off,hidden,full,50,0.5617511520737327,0.09647596257788522,5,0.13410705591907193,0.22774124600182286,5,0.5602592556262649,0.11702710095928968,5,0.9031591385417759,0.01952578287474763,5,0.7720430107526881,0.15056349506703234,5
polish_companies_bankruptcy,REALTABPFN-V2,off,visible,full,50,0.5617511520737327,0.09647596257788522,5,0.13410705591907193,0.22774124600182286,5,0.5602592556262649,0.11702710095928968,5,0.9031591385417759,0.01952578287474763,5,0.7720430107526881,0.15056349506703234,5
polish_companies_bankruptcy,RF,off,hidden,full,50,0.6089093701996928,0.1436091729814987,5,0.25550977996799906,0.28715245595130395,5,0.6132413811999864,0.15149418155089522,5,0.9170041494071551,0.02624478536618417,5,0.7866359447004608,0.1588427041007817,5
polish_companies_bankruptcy,RF,off,visible,full,50,0.6089093701996928,0.1436091729814987,5,0.25550977996799906,0.28715245595130395,5,0.6132413811999864,0.15149418155089522,5,0.9170041494071551,0.02624478536618417,5,0.7866359447004608,0.1588427041007817,5
qsar-biodeg,DUMMY,off,hidden,full,50,0.5,0.0,5,0.0,0.0,5,0.4004761561214919,0.0016132082659979703,5,0.535047687757016,0.005717855378003226,5,0.5,0.0,5
qsar-biodeg,DUMMY,off,visible,full,50,0.5,0.0,5,0.0,0.0,5,0.4004761561214919,0.0016132082659979703,5,0.535047687757016,0.005717855378003226,5,0.5,0.0,5
qsar-biodeg,LOCAL-GEMMA-3-27B,off,hidden,full,50,0.7278487242929736,0.05043856286138388,5,0.445544016232993,0.09205166670073761,5,0.7212603220064895,0.04517871133146696,5,0.7501855904413934,0.03704259371439403,5,,,0
qsar-biodeg,LOCAL-LLAMA-3.1-8B,off,visible,full,50,0.6108095884215288,,1,0.2274008383084373,,1,0.5295766189570613,,1,0.5247783004704233,,1,,,0
qsar-biodeg,LOCAL-MISTRAL-7B-FP16,off,hidden,full,50,0.6329216218373374,0.05307601637822434,4,0.29659893817252636,0.09037878293978319,4,0.6337990342668168,0.05332045867651571,4,0.6872084978070175,0.03810952710799171,4,,,0
qsar-biodeg,LOCAL-MISTRAL-7B-FP16,off,visible,full,50,0.5034014419879214,0.07224776103253563,5,0.021441082187892,0.15345329743489564,5,0.39958069979954564,0.15513975103479807,5,0.4039661056389339,0.23348388568165462,5,,,0
qsar-biodeg,LOCAL-MISTRAL-SMALL-3.1-24B-FP16,off,hidden,full,50,0.7366496395030196,0.03232374017367579,5,0.46245647247152777,0.05962019615824929,5,0.726442836640475,0.028497321394398704,5,0.7528815282158107,0.025856809903305987,5,,,0
qsar-biodeg,LOCAL-MISTRAL-SMALL-3.1-24B-FP16,off,visible,full,50,0.7382140101630883,0.045842874967350546,5,0.4579950184409728,0.08979098616175031,5,0.7143951661661349,0.04663098882079617,5,0.7354441638383034,0.046324792181902504,5,,,0
qsar-biodeg,LOCAL-QWEN3-30B-A3B,off,hidden,full,50,0.7033109851810466,0.037809209393217844,5,0.42167333020411035,0.054604568373409657,5,0.7068648995015405,0.03148839802741096,5,0.7443866453364302,0.020901834175086818,5,,,0
qsar-biodeg,LOCAL-QWEN3-30B-A3B,off,visible,full,50,0.5947907521217443,0.043905644728678174,5,0.2869614183317854,0.10496637445535273,5,0.5823384635496313,0.06372857778568006,5,0.661742686536781,0.04526054878015688,5,,,0
qsar-biodeg,LOCAL-QWEN3-32B-FP8,off,hidden,full,50,0.7171295926783197,0.03818957846967863,5,0.4303292155757338,0.06822406161930927,5,0.7135687550992014,0.03327737016492667,5,0.7447316793517971,0.026693428110448676,5,,,0
qsar-biodeg,LOCAL-QWEN3-32B-FP8,off,visible,full,50,0.7791377337909384,0.07179673309079457,5,0.5515390832820076,0.12997043091543103,5,0.7722041975534323,0.06508924477819215,5,0.7965373817319977,0.05631680157246006,5,,,0
qsar-biodeg,LOCAL-QWEN3-8B,off,hidden,full,50,0.6366376672785803,0.03970450361005882,5,0.33702541866250396,0.0478890160253505,5,0.6367340729752133,0.0456723983232458,5,0.6956986251734845,0.028381924868940464,5,,,0
qsar-biodeg,LOCAL-QWEN3-8B,off,visible,full,50,0.5808630643573576,0.06249931066064798,5,0.25119883265407106,0.11158071048914896,5,0.5530343411319765,0.09686432046727547,5,0.6413203798427902,0.06630521523082188,5,,,0
qsar-biodeg,QWEN,off,hidden,full,50,0.7273751563040414,0.04904817402283823,5,0.46791897995142995,0.0957482726705205,5,0.7314866749912261,0.047132825250476275,5,0.7646681321176384,0.04023078380157469,5,,,0
qsar-biodeg,REALTABPFN-V2,off,hidden,full,50,0.741079362545561,0.03924160027223198,5,0.4865568570437596,0.07429798331640723,5,0.7426105083460166,0.03680522061374925,5,0.7728237521562168,0.0309493871593603,5,0.8619841966637403,0.024175364525515698,5
qsar-biodeg,REALTABPFN-V2,off,visible,full,50,0.741079362545561,0.03924160027223198,5,0.4865568570437596,0.07429798331640723,5,0.7426105083460166,0.03680522061374925,5,0.7728237521562168,0.0309493871593603,5,0.8619841966637403,0.024175364525515698,5
qsar-biodeg,RF,off,hidden,full,50,0.7200015962965919,0.023261739630174385,5,0.44403813791417834,0.042190829255079054,5,0.7205432767043252,0.01960475359142958,5,0.752870816231845,0.01591956321234698,5,0.8216324793146568,0.010664445546161144,5
qsar-biodeg,RF,off,visible,full,50,0.7200015962965919,0.023261739630174385,5,0.44403813791417834,0.042190829255079054,5,0.7205432767043252,0.01960475359142958,5,0.752870816231845,0.01591956321234698,5,0.8216324793146568,0.010664445546161144,5
seismic-bumps,DUMMY,off,hidden,full,50,0.5,0.0,5,0.0,0.0,5,0.4818652849740932,0.0,5,0.8962694300518134,0.0,5,0.5,0.0,5
seismic-bumps,DUMMY,off,visible,full,50,0.5,0.0,5,0.0,0.0,5,0.4818652849740932,0.0,5,0.8962694300518134,0.0,5,0.5,0.0,5
seismic-bumps,GEMMA,off,hidden,full,50,0.6612903225806452,0.04270795322414085,5,0.2851146365775324,0.09740605380665593,5,0.6383622844699454,0.05275302027211307,5,0.8956004656554517,0.02354371637820445,5,,,0
seismic-bumps,GEMMA,off,visible,full,50,0.6505376344086021,0.03372864057226801,5,0.2488222164995352,0.04652875123755702,5,0.6126593651560075,0.03436220894659109,5,0.8812471517909065,0.0327235067322219,5,,,0
seismic-bumps,LOCAL-GEMMA-3-27B,off,hidden,full,50,0.5477726574500767,0.07211568493410969,5,0.10173526101489797,0.1453222672246645,5,0.5410854907645966,0.06403791552096787,5,0.8877812061843429,0.016650078364899165,5,,,0
seismic-bumps,LOCAL-LLAMA-3.1-8B,off,hidden,full,50,0.5303379416282642,0.042904328505174526,2,0.09075281538584135,0.12834386234219852,2,0.5304063266975729,0.06864739953706331,2,0.9005557676574858,0.006061796774851495,2,,,0
seismic-bumps,LOCAL-LLAMA-3.1-8B,off,visible,full,50,0.515168970814132,0.030337941628264215,4,0.04537640769292067,0.09075281538584135,4,0.5061358058358331,0.04854104172347973,4,0.8984125988546496,0.004286337605672254,4,,,0
seismic-bumps,LOCAL-MISTRAL-7B-FP16,off,hidden,full,50,0.6826420890937019,0.058903411759539295,5,0.27308026020946763,0.07179900576900951,5,0.6172662288028674,0.042739472140354375,5,0.8740967303443519,0.034978262515103435,5,,,0
seismic-bumps,LOCAL-MISTRAL-7B-FP16,off,visible,full,50,0.6694316436251919,0.0805620960550617,5,0.2656464841018644,0.1405305101355315,5,0.6126094962906619,0.08134867539142512,5,0.8725656248231191,0.053275154519496444,5,,,0
seismic-bumps,LOCAL-MISTRAL-SMALL-3.1-24B-FP16,off,hidden,full,50,0.5831029185867895,0.07059036121365266,5,0.15006090459706625,0.12429347917534479,5,0.5716171056397406,0.06078512305974563,5,0.8880058543653548,0.010782060632387904,5,,,0
seismic-bumps,LOCAL-MISTRAL-SMALL-3.1-24B-FP16,off,visible,full,50,0.7125960061443932,0.0794446523115574,5,0.2980310955118094,0.10717868754721827,5,0.6195444421071795,0.05738971574867312,5,0.864573655119657,0.03552916767253246,5,,,0
seismic-bumps,LOCAL-QWEN3-30B-A3B,off,hidden,full,50,0.5253456221198156,0.03972009850660801,5,0.11038856013059062,0.18217830882890473,5,0.528472024417739,0.06655048550040053,5,0.9017357431947722,0.01248520532909462,5,,,0
seismic-bumps,LOCAL-QWEN3-30B-A3B,off,visible,full,50,0.5698924731182796,0.07931943751436442,5,0.1392711748006883,0.16675555374774598,5,0.5663051593100681,0.07990586992020211,5,0.8873773798665103,0.020708359212616094,5,,,0
seismic-bumps,LOCAL-QWEN3-32B-FP8,off,hidden,full,50,0.5056835637480799,0.034671273566443755,5,0.023597858971784385,0.12309802483634227,5,0.5002315433794831,0.05189866845872455,5,0.8922084484636162,0.01315008465045819,5,,,0
seismic-bumps,LOCAL-QWEN3-32B-FP8,off,visible,full,50,0.5253456221198156,0.03741826391555083,5,0.10405285087924247,0.16864811027946838,5,0.5262439210071811,0.06293572954286995,5,0.9014136930733571,0.010698031984643735,5,,,0
seismic-bumps,LOCAL-QWEN3-8B,off,hidden,full,50,0.5310291858678955,0.0546681613077012,5,0.06554142416896383,0.11767331023855482,5,0.524097954000221,0.06402997370540567,5,0.8944066100248266,0.007629478314061722,5,,,0
seismic-bumps,LOCAL-QWEN3-8B,off,visible,full,50,0.5110599078341014,0.02473070574193314,5,0.02880092164423916,0.06440081861116378,5,0.498912141399188,0.038117929769190984,5,0.8967038557297624,0.0009714053470653469,5,,,0
seismic-bumps,QWEN,off,hidden,full,50,0.5898617511520736,0.06622392217200392,5,0.14286842453659582,0.09988611466584074,5,0.5622467598369075,0.04749538687975689,5,0.8802174759704448,0.014894191622135735,5,,,0
seismic-bumps,QWEN,off,visible,full,50,0.6772657450076804,0.03919083235197284,5,0.2529107961217695,0.01761783467522866,5,0.6049969623335277,0.01090836161288351,5,0.8675855668715784,0.021936273608145908,5,,,0
seismic-bumps,REALTABPFN-V2,off,hidden,full,50,0.5264208909370199,0.05907890816128473,5,0.06880220170568242,0.15384640001555788,5,0.5181521606392072,0.08113992067827784,5,0.9012175642434711,0.011064364414337214,5,0.7732718894009216,0.060208391744072116,5
seismic-bumps,REALTABPFN-V2,off,visible,full,50,0.5264208909370199,0.05907890816128473,5,0.06880220170568242,0.15384640001555788,5,0.5181521606392072,0.08113992067827784,5,0.9012175642434711,0.011064364414337214,5,0.7732718894009216,0.060208391744072116,5
seismic-bumps,RF,off,hidden,full,50,0.51321044546851,0.03262808048550913,5,0.06775172472490594,0.16733793971034241,5,0.5068275043177892,0.057337701370789126,5,0.8996991580310881,0.01069816378185579,5,0.7536098310291859,0.11796169906794977,5
seismic-bumps,RF,off,visible,full,50,0.51321044546851,0.03262808048550913,5,0.06775172472490594,0.16733793971034241,5,0.5068275043177892,0.057337701370789126,5,0.8996991580310881,0.01069816378185579,5,0.7536098310291859,0.11796169906794977,5
splice,DUMMY,off,hidden,full,50,0.3333333333333333,0.0,5,0.0,0.0,5,0.22807017543859648,0.0,5,0.3557894736842105,0.0,5,0.5,0.0,5
splice,DUMMY,off,visible,full,50,0.3333333333333333,0.0,5,0.0,0.0,5,0.22807017543859648,0.0,5,0.3557894736842105,0.0,5,0.5,0.0,5
splice,GEMMA,off,hidden,full,50,0.5347222222222223,0.08441523206612399,4,0.2988524945449247,0.1213586368026455,4,0.5180770947729195,0.09277033962484675,4,0.5503288282708847,0.08206585562473823,4,,,0
splice,GEMMA,off,visible,full,50,0.5721153846153846,0.1133267880651992,4,0.3854589027243528,0.1391679714378899,4,0.5452947701209221,0.12177392834643991,4,0.5961791433669649,0.09771441176888537,4,,,0
splice,LOCAL-GEMMA-3-27B,off,hidden,full,50,0.38269230769230766,0.05027841798205555,5,0.11184035920369802,0.11600900867849136,5,0.333240414157855,0.05070443169799339,5,0.42738381491573174,0.04371516644712621,5,,,0
splice,LOCAL-LLAMA-3.1-8B,off,visible,full,50,0.3237179487179487,0.01359820733051054,2,-0.020420146513189748,0.06478013301357066,2,0.22590139808682852,0.005203140406081972,2,0.3524061810154525,0.008116899033487989,2,,,0
splice,LOCAL-MISTRAL-7B-FP16,off,hidden,full,50,0.3344017094017094,0.01347170962918639,5,0.0034384804912556016,0.039994685789938644,5,0.24467086188801446,0.030281886579445937,5,0.3660784364371944,0.02115869497159661,5,,,0
splice,LOCAL-MISTRAL-7B-FP16,off,visible,full,50,0.357051282051282,0.03594890998156395,5,0.04603355181575282,0.10277546391644045,5,0.25900442279312674,0.056164009719547145,5,0.3557714240818023,0.0553828865142531,5,,,0
splice,LOCAL-MISTRAL-SMALL-3.1-24B-FP16,off,hidden,full,50,0.4192307692307692,0.07858412555501804,5,0.1960552114745752,0.109837611546003,5,0.3852597584576672,0.10053123404099515,5,0.4726785041401255,0.07459547121113286,5,,,0
splice,LOCAL-MISTRAL-SMALL-3.1-24B-FP16,off,visible,full,50,0.44252136752136745,0.05225986410389426,5,0.19139102975227182,0.06503627028530093,5,0.4118038599025075,0.05478396003256823,5,0.4798797019751535,0.03170739973384962,5,,,0
splice,LOCAL-QWEN3-30B-A3B,off,hidden,full,50,0.33247863247863246,0.001911169211538303,5,0.0038744519045627998,0.01230424298659936,5,0.23473281270740784,0.014068981311970567,5,0.35959495252943857,0.007264148753644497,5,,,0
splice,LOCAL-QWEN3-30B-A3B,off,visible,full,50,0.3739316239316239,0.03532917898244965,5,0.14798466973505753,0.06676988285664366,5,0.3077509003195713,0.05914943513782283,5,0.4147472270061943,0.043664217942158204,5,,,0
splice,LOCAL-QWEN3-32B-FP8,off,hidden,full,50,0.3982905982905983,0.05316392184572135,5,0.16606239823174845,0.05757105316247296,5,0.34993542958733687,0.09533072902324811,5,0.4460617652829512,0.06756370014454839,5,,,0
splice,LOCAL-QWEN3-32B-FP8,off,visible,full,50,0.49914529914529915,0.07988710165073049,5,0.2899104472887019,0.07333037941252174,5,0.47311021148700905,0.09138558976263693,5,0.5262920935971707,0.061049439239681404,5,,,0
splice,LOCAL-QWEN3-8B,off,hidden,full,50,0.33717948717948715,0.023535817993310004,5,-0.0077782390472582825,0.04786369297041128,5,0.2567514940413702,0.05922675638799911,5,0.3631735004575548,0.01780078732889554,5,,,0
splice,LOCAL-QWEN3-8B,off,visible,full,50,0.36346153846153845,0.0372662682079457,5,0.06740561226607963,0.06899200569556234,5,0.27833967964158624,0.07221360985864383,5,0.32856429419769617,0.10156549163123596,5,,,0
splice,QWEN,off,hidden,full,50,0.4032051282051282,0.02696035947963674,5,0.16135693093261178,0.05264779686584169,5,0.37816232171294495,0.047913163809872504,5,0.463621401918269,0.03512390779244719,5,,,0
splice,QWEN,off,visible,full,50,0.5055555555555555,0.05423731884772075,5,0.3142151596382032,0.0958704451543387,5,0.4812252138276608,0.08264291233457424,5,0.5421858634762435,0.07153959237276834,5,,,0
splice,REALTABPFN-V2,off,hidden,full,50,0.8064102564102564,0.03417467687782013,5,0.7392855217420344,0.03805678778116646,5,0.8074394324092868,0.029006756953812975,5,0.8301376658885925,0.024431940865995875,5,0.9510416666666666,0.020887543447701565,5
splice,REALTABPFN-V2,off,visible,full,50,0.8064102564102564,0.03417467687782013,5,0.7392855217420344,0.03805678778116646,5,0.8074394324092868,0.029006756953812975,5,0.8301376658885925,0.024431940865995875,5,0.9510416666666666,0.020887543447701565,5
splice,RF,off,hidden,full,50,0.6106837606837607,0.07392513928381429,5,0.5269498156820546,0.07211040065662647,5,0.6351458507512374,0.07656097701246864,5,0.6773762820731328,0.0637432842388779,5,0.9197423245614035,0.02263090657947825,5
splice,RF,off,visible,full,50,0.6106837606837607,0.07392513928381429,5,0.5269498156820546,0.07211040065662647,5,0.6351458507512374,0.07656097701246864,5,0.6773762820731328,0.0637432842388779,5,0.9197423245614035,0.02263090657947825,5
students_dropout_and_academic_success,DUMMY,off,hidden,full,50,0.3333333333333333,0.0,5,0.0,0.0,5,0.22222222222222224,0.0,5,0.3333333333333332,0.0,5,0.5,0.0,5
students_dropout_and_academic_success,DUMMY,off,visible,full,50,0.3333333333333333,0.0,5,0.0,0.0,5,0.22222222222222224,0.0,5,0.3333333333333332,0.0,5,0.5,0.0,5
students_dropout_and_academic_success,GEMMA,off,hidden,full,50,0.5928796296296296,0.04466721033773299,5,0.48841317099970744,0.09144995119701461,5,0.5945763479711317,0.047417964691661735,5,0.6710361610677948,0.051275994379729774,5,,,0
students_dropout_and_academic_success,GEMMA,off,visible,full,50,0.6500462962962963,0.04001257679080825,5,0.5559666623358903,0.07030041197514686,5,0.6579357881137506,0.04211051223142477,5,0.7232148362612404,0.03729524855934536,5,,,0
students_dropout_and_academic_success,LOCAL-GEMMA-3-27B,off,hidden,full,50,0.5249629629629629,0.04477449546451092,5,0.4054805936114067,0.07794235096676327,5,0.5265442313216857,0.05288075694998667,5,0.6076111395153279,0.050510126593052575,5,,,0
students_dropout_and_academic_success,LOCAL-MISTRAL-7B-FP16,off,visible,full,50,0.3799884259259259,0.021475373459797355,4,0.20083131273856994,0.06478701877821784,4,0.31238597981371524,0.04118931161942389,4,0.4171579170889939,0.045871391414813854,4,,,0
students_dropout_and_academic_success,LOCAL-MISTRAL-SMALL-3.1-24B-FP16,off,hidden,full,50,0.5192685185185184,0.05896826520629824,5,0.4120043125589672,0.1103648912844887,5,0.49318679410096256,0.06222043130412245,5,0.6020425944198172,0.055002739702273026,5,,,0
students_dropout_and_academic_success,LOCAL-MISTRAL-SMALL-3.1-24B-FP16,off,visible,full,50,0.6147592592592593,0.05482495487729725,5,0.48712189984438015,0.07229196813908881,5,0.6146913013004107,0.05237523701708877,5,0.6849605915835759,0.04460600587070015,5,,,0
students_dropout_and_academic_success,LOCAL-QWEN3-30B-A3B,off,hidden,full,50,0.47638888888888886,0.0542353059091997,5,0.2836211484492493,0.08310250068034623,5,0.4732259243405858,0.05926571989390959,5,0.5464053671484038,0.04499086065123233,5,,,0
students_dropout_and_academic_success,LOCAL-QWEN3-30B-A3B,off,visible,full,50,0.5427500000000001,0.01903683212528426,5,0.41314197187789947,0.03875135424837021,5,0.5422104411480815,0.026174750939632917,5,0.6246192082277395,0.021229530461797964,5,,,0
students_dropout_and_academic_success,LOCAL-QWEN3-32B-FP8,off,hidden,full,50,0.5774351851851851,0.037995421422057966,5,0.47173524020108426,0.06106949947713569,5,0.5611377694392037,0.04504693957290363,5,0.6518864275038536,0.03833830396566435,5,,,0
students_dropout_and_academic_success,LOCAL-QWEN3-32B-FP8,off,visible,full,50,0.6006388888888889,0.03285624044239133,5,0.5071927707323782,0.06787922121367544,5,0.5834232018381684,0.032873241008736225,5,0.6713497531316259,0.037739673355931855,5,,,0
students_dropout_and_academic_success,LOCAL-QWEN3-8B,off,hidden,full,50,0.46171296296296294,0.046994241340145126,5,0.33005046092591134,0.06749031583317545,5,0.44066659239831163,0.05392313273119848,5,0.5429987666010285,0.05877412719902731,5,,,0
students_dropout_and_academic_success,LOCAL-QWEN3-8B,off,visible,full,50,0.5752962962962963,0.057179239670054595,5,0.5077080657537474,0.0781195291592065,5,0.5465937907233578,0.07017969286084803,5,0.6543615056448838,0.054928739433001535,5,,,0
students_dropout_and_academic_success,QWEN,off,hidden,full,50,0.5308611111111111,0.04618424634838354,5,0.3940765446761869,0.07276253296926197,5,0.522912056270335,0.05339438908889811,5,0.6138472272417594,0.046183044912125784,5,,,0
students_dropout_and_academic_success,QWEN,off,visible,full,50,0.5931481481481481,0.057882072890834836,4,0.49647059405438343,0.07351135784342931,4,0.5829904626705799,0.0691928962948873,4,0.6727156309693271,0.04433951865207831,4,,,0
students_dropout_and_academic_success,REALTABPFN-V2,off,hidden,full,50,0.5648796296296297,0.03625147222780227,5,0.49508555327843534,0.04424728161127027,5,0.5336070126844724,0.05528542584357314,5,0.6412046777870968,0.027474812499324302,5,0.8465533428981349,0.03535944772151081,5
students_dropout_and_academic_success,REALTABPFN-V2,off,visible,full,50,0.5648796296296297,0.03625147222780227,5,0.49508555327843534,0.04424728161127027,5,0.5336070126844724,0.05528542584357314,5,0.6412046777870968,0.027474812499324302,5,0.8465533428981349,0.03535944772151081,5
students_dropout_and_academic_success,RF,off,hidden,full,50,0.5656203703703704,0.029891952204303445,5,0.47577478164399317,0.03179871592568413,5,0.5507550111372596,0.03800096581303305,5,0.64830856625846,0.024329946697432887,5,0.8317678479196555,0.014998443417640096,5
students_dropout_and_academic_success,RF,off,visible,full,50,0.5656203703703704,0.029891952204303445,5,0.47577478164399317,0.03179871592568413,5,0.5507550111372596,0.03800096581303305,5,0.64830856625846,0.024329946697432887,5,0.8317678479196555,0.014998443417640096,5
synthetic_blobs,DUMMY,off,hidden,full,10,0.3333333333333333,0.0,5,0.0,0.0,5,0.1666666666666666,0.0,5,0.1666666666666666,0.0,5,0.5,0.0,5
synthetic_blobs,DUMMY,off,hidden,full,20,0.3333333333333333,0.0,5,0.0,0.0,5,0.1666666666666666,0.0,5,0.1666666666666666,0.0,5,0.5,0.0,5
synthetic_blobs,DUMMY,off,hidden,full,50,0.3333333333333333,0.0,5,0.0,0.0,5,0.1666666666666666,0.0,5,0.1666666666666666,0.0,5,0.5,0.0,5
synthetic_blobs,DUMMY,off,hidden,full,100,0.3333333333333333,0.0,5,0.0,0.0,5,0.1666666666666666,0.0,5,0.1666666666666666,0.0,5,0.5,0.0,5
synthetic_blobs,GEMMA,off,hidden,full,10,0.986111111111111,0.024056261216234404,5,0.9800780614982871,0.034235699859368474,5,0.9860322048771897,0.024224521074436556,5,0.9860322048771897,0.024224521074436556,5,,,0
synthetic_blobs,GEMMA,off,hidden,full,20,1.0,0.0,5,1.0,0.0,5,1.0,0.0,5,1.0,0.0,5,,,0
synthetic_blobs,GEMMA,off,hidden,full,50,1.0,0.0,4,1.0,0.0,4,1.0,0.0,4,1.0,0.0,4,,,0
synthetic_blobs,GEMMA,off,hidden,full,100,1.0,0.0,5,1.0,0.0,5,1.0,0.0,5,1.0,0.0,5,,,0
synthetic_blobs,LOCAL-GEMMA-3-27B,off,hidden,full,10,0.9444444444444444,0.04049272149198127,5,0.9215273782232959,0.05488797682556379,5,0.9436307506677369,0.04165005970741982,5,0.9436307506677368,0.041650059707419786,5,,,0
synthetic_blobs,LOCAL-GEMMA-3-27B,off,hidden,full,20,0.9916666666666666,0.018633899812498227,5,0.9879901969149605,0.026854736094534905,5,0.9916339869281046,0.01870697392941002,5,0.9916339869281046,0.01870697392941002,5,,,0
synthetic_blobs,LOCAL-GEMMA-3-27B,off,hidden,full,50,0.9972222222222221,0.006211299937499394,5,0.9958900226769243,0.009190188680379676,5,0.9972210160660009,0.0062139969848018055,5,0.9972210160660009,0.0062139969848018055,5,,,0
synthetic_blobs,LOCAL-GEMMA-3-27B,off,hidden,full,100,0.9944444444444445,0.007607257743127267,5,0.9917800453538488,0.011255636453416047,5,0.9944420321320017,0.007610560937978874,5,0.9944420321320017,0.007610560937978822,5,,,0
synthetic_blobs,LOCAL-LLAMA-3.1-8B,off,hidden,full,10,0.7222222222222222,0.1599736346589907,4,0.6241619220277651,0.18168625460420618,4,0.7008269382378676,0.1833967427922939,4,0.7008269382378676,0.18339674279229382,4,,,0
synthetic_blobs,LOCAL-LLAMA-3.1-8B,off,hidden,full,20,0.7305555555555555,0.18124866964177577,5,0.6356933590473945,0.22215980355485987,5,0.6997943953729111,0.2155766342063467,5,0.6997943953729111,0.21557663420634668,5,,,0
synthetic_blobs,LOCAL-LLAMA-3.1-8B,off,hidden,full,50,0.8583333333333334,0.10641100727432197,5,0.8138171871919783,0.13081935499729302,5,0.8495176710378033,0.12195537418000131,5,0.8495176710378034,0.12195537418000138,5,,,0
synthetic_blobs,LOCAL-LLAMA-3.1-8B,off,hidden,full,100,0.6388888888888888,,1,0.5282197851554498,,1,0.5515259299280371,,1,0.5515259299280371,,1,,,0
synthetic_blobs,LOCAL-MISTRAL-7B-FP16,off,hidden,full,10,0.6583333333333333,0.031974623425614836,5,0.5593310533321848,0.07314448290840109,5,0.5999092884391727,0.04229131932820436,5,0.5999092884391727,0.04229131932820435,5,,,0
synthetic_blobs,LOCAL-MISTRAL-7B-FP16,off,hidden,full,20,0.6574074074074074,0.02121562821738821,3,0.5573459679974356,0.06600147989820111,3,0.6101265473345658,0.04367739860156438,3,0.6101265473345658,0.04367739860156429,3,,,0
synthetic_blobs,LOCAL-MISTRAL-7B-FP16,off,hidden,full,50,0.5798611111111112,0.03472222222222221,4,0.48534747014646007,0.052652817184669874,4,0.4933880702729654,0.030451802521367647,4,0.4933880702729654,0.030451802521367647,4,,,0
synthetic_blobs,LOCAL-MISTRAL-7B-FP16,off,hidden,full,100,0.7118055555555556,0.07968478925027081,4,0.5839115309583515,0.1120653921616987,4,0.6982782363935633,0.09410227458396683,4,0.6982782363935633,0.09410227458396678,4,,,0
synthetic_blobs,LOCAL-MISTRAL-SMALL-3.1-24B-FP16,off,hidden,full,10,0.9666666666666668,0.023240556292613245,5,0.9519245087369729,0.03269308724505311,5,0.9667424477157832,0.023016561500713,5,0.9667424477157832,0.023016561500713066,5,,,0
synthetic_blobs,LOCAL-MISTRAL-SMALL-3.1-24B-FP16,off,hidden,full,20,1.0,0.0,5,1.0,0.0,5,1.0,0.0,5,1.0,0.0,5,,,0
synthetic_blobs,LOCAL-MISTRAL-SMALL-3.1-24B-FP16,off,hidden,full,50,1.0,0.0,5,1.0,0.0,5,1.0,0.0,5,1.0,0.0,5,,,0
synthetic_blobs,LOCAL-MISTRAL-SMALL-3.1-24B-FP16,off,hidden,full,100,1.0,0.0,5,1.0,0.0,5,1.0,0.0,5,1.0,0.0,5,,,0
synthetic_blobs,LOCAL-QWEN3-30B-A3B,off,hidden,full,10,0.8972222222222221,0.04871021643541714,5,0.855820133658165,0.06424101859868356,5,0.8979039926973572,0.048123114044612655,5,0.8979039926973573,0.0481231140446126,5,,,0
synthetic_blobs,LOCAL-QWEN3-30B-A3B,off,hidden,full,20,0.9694444444444444,0.018108895570007378,5,0.9546626831459093,0.027110745473194895,5,0.9694830288575498,0.01812842519153344,5,0.9694830288575499,0.01812842519153358,5,,,0
synthetic_blobs,LOCAL-QWEN3-30B-A3B,off,hidden,full,50,0.9583333333333334,0.03540985773328324,5,0.9409975005204909,0.049381043611103424,5,0.9581554321098699,0.0356855215204413,5,0.9581554321098696,0.035685521520441355,5,,,0
synthetic_blobs,LOCAL-QWEN3-30B-A3B,off,hidden,full,100,0.986111111111111,0.01388888888888882,5,0.9795010614944621,0.02048834164086985,5,0.9860990369629196,0.01390248232504639,5,0.9860990369629196,0.01390248232504639,5,,,0
synthetic_blobs,LOCAL-QWEN3-32B-FP8,off,hidden,full,10,0.986111111111111,0.009820927516479849,5,0.9795589569942997,0.014339328611028847,5,0.9860978308066981,0.009838012398636062,5,0.9860978308066983,0.009838012398636051,5,,,0
synthetic_blobs,LOCAL-QWEN3-32B-FP8,off,hidden,full,20,0.9972222222222221,0.006211299937499394,5,0.9958900226769243,0.009190188680379676,5,0.9972210160660009,0.006213996984801917,5,0.9972210160660009,0.0062139969848018055,5,,,0
synthetic_blobs,LOCAL-QWEN3-32B-FP8,off,hidden,full,50,1.0,0.0,5,1.0,0.0,5,1.0,0.0,5,1.0,0.0,5,,,0
synthetic_blobs,LOCAL-QWEN3-32B-FP8,off,hidden,full,100,0.9944444444444445,0.00760725774312728,5,0.9917800453538488,0.011255636453416047,5,0.9944420321320017,0.007610560937978933,5,0.9944420321320017,0.00761056093797881,5,,,0
synthetic_blobs,LOCAL-QWEN3-8B,off,hidden,full,10,0.9833333333333334,0.018108895570007312,5,0.9757134805243937,0.026203041937710406,5,0.9833514568948146,0.01812580146271584,5,0.9833514568948146,0.018125801462715807,5,,,0
synthetic_blobs,LOCAL-QWEN3-8B,off,hidden,full,20,0.9722222222222221,0.042808430576173444,5,0.9612984066364826,0.059008705535532,5,0.9717670246221178,0.043679671061676584,5,0.9717670246221178,0.043679671061676556,5,,,0
synthetic_blobs,LOCAL-QWEN3-8B,off,hidden,full,50,0.9666666666666668,0.06704176881192869,5,0.9529462758687876,0.09414904117257059,5,0.9672126618471204,0.06582278129573452,5,0.9672126618471204,0.06582278129573445,5,,,0
synthetic_blobs,LOCAL-QWEN3-8B,off,hidden,full,100,0.9861111111111113,0.009820927516479743,5,0.97933673469744,0.014732209321804544,5,0.986107492642447,0.009820928071982078,5,0.9861074926424471,0.009820928071982146,5,,,0
synthetic_blobs,QWEN,off,hidden,full,10,0.9916666666666666,0.012422599874998795,5,0.987778911640451,0.018167800448839484,5,0.9916557986746966,0.012442180568147634,5,0.9916557986746966,0.012442180568147634,5,,,0
synthetic_blobs,QWEN,off,hidden,full,20,0.9944444444444445,0.012422599874998823,5,0.9918888889635266,0.01813699565060348,5,0.9944347826086956,0.012444204396520598,5,0.9944347826086956,0.012444204396520598,5,,,0
synthetic_blobs,QWEN,off,hidden,full,50,1.0,0.0,5,1.0,0.0,5,1.0,0.0,5,1.0,0.0,5,,,0
synthetic_blobs,QWEN,off,hidden,full,100,0.9972222222222221,0.006211299937499385,5,0.9958900226769243,0.009190188680379671,5,0.9972210160660009,0.006213996984801902,5,0.9972210160660009,0.006213996984801805,5,,,0
synthetic_blobs,REALTABPFN-V2,off,hidden,full,10,0.9888888888888889,0.01810889557000734,5,0.9835529953282917,0.026808739813592983,5,0.988880590534086,0.018124085560503305,5,0.988880590534086,0.018124085560503416,5,0.9996527777777778,0.0007764124921874521,5
synthetic_blobs,REALTABPFN-V2,off,hidden,full,20,1.0,0.0,5,1.0,0.0,5,1.0,0.0,5,1.0,0.0,5,1.0,0.0,5
synthetic_blobs,REALTABPFN-V2,off,hidden,full,50,1.0,0.0,5,1.0,0.0,5,1.0,0.0,5,1.0,0.0,5,1.0,0.0,5
synthetic_blobs,REALTABPFN-V2,off,hidden,full,100,1.0,0.0,5,1.0,0.0,5,1.0,0.0,5,1.0,0.0,5,1.0,0.0,5
synthetic_blobs,RF,off,hidden,full,10,0.9166666666666666,0.06514466333088094,5,0.8763310032110316,0.09691102310685064,5,0.9160833876439798,0.06562977803466395,5,0.9160833876439798,0.0656297780346639,5,0.9780960648148149,0.029635372311780254,5
synthetic_blobs,RF,off,hidden,full,20,0.9916666666666668,0.00760725774312728,5,0.9876700680307732,0.011255636453416058,5,0.9916630481980027,0.00761056093797881,5,0.9916630481980027,0.00761056093797881,5,0.9997685185185186,0.0002420891280480075,5
synthetic_blobs,RF,off,hidden,full,50,1.0,0.0,5,1.0,0.0,5,1.0,0.0,5,1.0,0.0,5,0.9999421296296296,0.00012940208203128495,5
synthetic_blobs,RF,off,hidden,full,100,1.0,0.0,5,1.0,0.0,5,1.0,0.0,5,1.0,0.0,5,1.0,0.0,5
synthetic_checkers,DUMMY,off,hidden,full,10,0.5,0.0,5,0.0,0.0,5,0.3377483443708609,0.0,5,0.3445033112582781,0.0,5,0.5,0.0,5
synthetic_checkers,DUMMY,off,hidden,full,20,0.5,0.0,5,0.0,0.0,5,0.3377483443708609,0.0,5,0.3445033112582781,0.0,5,0.5,0.0,5
synthetic_checkers,DUMMY,off,hidden,full,50,0.5,0.0,5,0.0,0.0,5,0.3377483443708609,0.0,5,0.3445033112582781,0.0,5,0.5,0.0,5
synthetic_checkers,DUMMY,off,hidden,full,100,0.5,0.0,5,0.0,0.0,5,0.3377483443708609,0.0,5,0.3445033112582781,0.0,5,0.5,0.0,5
synthetic_checkers,GEMMA,off,hidden,full,10,0.5131652661064425,0.05171737930239272,5,0.0245560760291225,0.10846317431168119,5,0.49333252307650766,0.06736678264624964,5,0.49495716583211263,0.06633792034024151,5,,,0
synthetic_checkers,GEMMA,off,hidden,full,20,0.5142056822729091,0.03343522323023581,5,0.029324253217744962,0.06724512467807536,5,0.5036361335752209,0.03827652727071334,5,0.5046493313430988,0.037888747546597476,5,,,0
synthetic_checkers,GEMMA,off,hidden,full,50,0.5318527410964385,0.03497951768614564,5,0.06431287928317798,0.06995532920675387,5,0.5239248263243612,0.04239429296168215,5,0.5250986743491965,0.041603371244502835,5,,,0
synthetic_checkers,GEMMA,off,hidden,full,100,0.5396158463385354,0.050619852682612265,5,0.0808634761638055,0.10372135034824025,5,0.5335846469027852,0.05367100999678651,5,0.5348152195430526,0.05333502984499447,5,,,0
synthetic_checkers,LOCAL-GEMMA-3-27B,off,hidden,full,10,0.5197278911564626,0.02665896559593499,5,0.04473570102471724,0.057879653862011306,5,0.49729971885748137,0.027973685240147473,5,0.49955606952220244,0.027763712532919278,5,,,0
synthetic_checkers,LOCAL-GEMMA-3-27B,off,hidden,full,20,0.5519807923169268,0.03400813222447578,5,0.1161089665367671,0.07129325214627173,5,0.5300631622091421,0.044924749088982995,5,0.5321005755278632,0.044146442050172804,5,,,0
synthetic_checkers,LOCAL-GEMMA-3-27B,off,hidden,full,50,0.5484593837535015,0.03792305758416505,5,0.10870551937745603,0.08540983050769445,5,0.5315348321629678,0.036100640712697016,5,0.5332895587392157,0.03606513016192401,5,,,0
synthetic_checkers,LOCAL-GEMMA-3-27B,off,hidden,full,100,0.5573829531812724,0.06650342439854144,5,0.12908925487352546,0.14183561716182191,5,0.5289019990795183,0.08036082511784316,5,0.5312586609552105,0.07945045885168661,5,,,0
synthetic_checkers,LOCAL-LLAMA-3.1-8B,off,hidden,full,10,0.5064425770308123,0.02648337182020705,5,0.02069871882137454,0.10961409511102124,5,0.36260172985017236,0.051404120641219804,5,0.36884567819380654,0.050583129582401236,5,,,0
synthetic_checkers,LOCAL-LLAMA-3.1-8B,off,hidden,full,20,0.5298119247699079,0.05110253180783455,5,0.03006023455397936,0.1511089796322289,5,0.4504975379504986,0.12007629271368885,5,0.4523371051234248,0.11663707214543269,5,,,0
synthetic_checkers,LOCAL-LLAMA-3.1-8B,off,hidden,full,50,0.5061624649859944,0.028942667609918427,5,0.014554616106865356,0.08882273375791237,5,0.4174222688822091,0.07542624769020508,5,0.4175823601303227,0.07424187670514697,5,,,0
synthetic_checkers,LOCAL-LLAMA-3.1-8B,off,hidden,full,100,0.49186341203147926,0.008308341899853815,3,-0.0200813763925962,0.018148370670792783,3,0.4029495028581578,0.06431411326433281,3,0.40621922088466955,0.06013175627970042,3,,,0
synthetic_checkers,LOCAL-MISTRAL-7B-FP16,off,hidden,full,10,0.5182072829131652,0.05465317097262367,5,0.036164176796267454,0.11611263918663348,5,0.4963281744925032,0.06972049080003644,5,0.4974487040063268,0.06841954722334095,5,,,0
synthetic_checkers,LOCAL-MISTRAL-7B-FP16,off,hidden,full,20,0.5248499399759904,0.029358770614922418,5,0.0521973774032202,0.08535367696736634,5,0.47632844763676807,0.06769068263676309,5,0.47817859127511275,0.06634416934993707,5,,,0
synthetic_checkers,LOCAL-MISTRAL-7B-FP16,off,hidden,full,50,0.49489795918367346,0.010327890161388124,2,-0.0105201777068691,0.021257875760358598,2,0.48809116492973675,0.009699143329172532,2,0.4882605117393033,0.008031152226487297,2,,,0
synthetic_checkers,LOCAL-MISTRAL-7B-FP16,off,hidden,full,100,0.5166733360010671,0.02955252738933018,3,0.04977387287002224,0.0750259684451298,3,0.47448340548340545,0.023212909305741155,3,0.4746860894660894,0.019937474569191902,3,,,0
synthetic_checkers,LOCAL-MISTRAL-SMALL-3.1-24B-FP16,off,hidden,full,10,0.5380152060824329,0.02856032953990477,5,0.09143155816309731,0.07283178072156458,5,0.5134751680246032,0.025068848068567563,5,0.515524894679487,0.024852498330070406,5,,,0
synthetic_checkers,LOCAL-MISTRAL-SMALL-3.1-24B-FP16,off,hidden,full,20,0.5351340536214486,0.034738411199837546,5,0.07925080929715758,0.08261467394708626,5,0.5200320512820513,0.03817347793161048,5,0.5215510683760683,0.03742124248177445,5,,,0
synthetic_checkers,LOCAL-MISTRAL-SMALL-3.1-24B-FP16,off,hidden,full,50,0.5148459383753502,0.04486890072741995,5,0.03172917934329822,0.09279960450928537,5,0.5087655964141968,0.04388723510792102,5,0.5093778466633111,0.0446751485262368,5,,,0
synthetic_checkers,LOCAL-MISTRAL-SMALL-3.1-24B-FP16,off,hidden,full,100,0.5553021208483393,0.07388097079040237,5,0.11841669804595725,0.15539282671293364,5,0.545133749725042,0.07414678528964612,5,0.5464511339609188,0.07401887084685699,5,,,0
synthetic_checkers,LOCAL-QWEN3-30B-A3B,off,hidden,full,10,0.5062024809923968,0.026510792995771925,5,0.01321083341288914,0.05762612398334903,5,0.49246023137846323,0.029124288653459625,5,0.4914181371011237,0.02981275674446885,5,,,0
synthetic_checkers,LOCAL-QWEN3-30B-A3B,off,hidden,full,20,0.5388155262104842,0.02956415213441591,5,0.07868009332291906,0.059311286183126866,5,0.5300486544291158,0.040757215991136034,5,0.5297028237837976,0.04179087949071054,5,,,0
synthetic_checkers,LOCAL-QWEN3-30B-A3B,off,hidden,full,50,0.5186874749899959,0.041029726801856674,5,0.04320231547754054,0.0845709221548416,5,0.4984181183156572,0.042756045022369224,5,0.497137025941402,0.04334132624316612,5,,,0
synthetic_checkers,LOCAL-QWEN3-30B-A3B,off,hidden,full,100,0.4667867146858743,0.042183685067980994,5,-0.07303813231740308,0.09093765579946722,5,0.45131110256973317,0.05357050644115769,5,0.45100304315013756,0.05340576255751912,5,,,0
synthetic_checkers,LOCAL-QWEN3-32B-FP8,off,hidden,full,10,0.4974389755902361,0.030516107832955445,5,-0.007581017475648283,0.06915493190765293,5,0.4787809940578853,0.04218620865237088,5,0.47908329311199677,0.043797732602725334,5,,,0
synthetic_checkers,LOCAL-QWEN3-32B-FP8,off,hidden,full,20,0.5267707082833134,0.05654684363262524,5,0.05516588714460604,0.11492618274363776,5,0.5193434876572163,0.057437282425871455,5,0.5200999845337426,0.056802232596196205,5,,,0
synthetic_checkers,LOCAL-QWEN3-32B-FP8,off,hidden,full,50,0.5728691476590637,0.03195880048632038,5,0.14892656605784022,0.06381089417865912,5,0.5662668478001717,0.03746901963433587,5,0.5659613729615568,0.037986272084913196,5,,,0
synthetic_checkers,LOCAL-QWEN3-32B-FP8,off,hidden,full,100,0.5519007603041216,0.05037620274892534,5,0.10422153992290699,0.10103195716021483,5,0.5498563647752552,0.05201786602162776,5,0.5499869065311145,0.0522174320655878,5,,,0
synthetic_checkers,LOCAL-QWEN3-8B,off,hidden,full,10,0.49327731092436977,0.025896880341566134,5,-0.026875607222517438,0.09797081428385064,5,0.4361016137323637,0.06280328849065436,5,0.4390428609282776,0.060562283554275065,5,,,0
synthetic_checkers,LOCAL-QWEN3-8B,off,hidden,full,20,0.51968787515006,0.024795639952151036,5,0.06226827259886114,0.080235143078876,5,0.4502104218528813,0.049504749387486106,5,0.45391237494965075,0.047683192647850835,5,,,0
synthetic_checkers,LOCAL-QWEN3-8B,off,hidden,full,50,0.5253701480592237,0.034915656766176334,5,0.07297787023665488,0.07826618726257595,5,0.45483299233299235,0.06769284399336707,5,0.4577761723261723,0.06449314834299608,5,,,0
synthetic_checkers,LOCAL-QWEN3-8B,off,hidden,full,100,0.5254901960784314,0.018160831475165718,5,0.0748490238554234,0.04159552807466645,5,0.4466997246871821,0.0839112065453974,5,0.45066413248237663,0.08141453722197052,5,,,0
synthetic_checkers,QWEN,off,hidden,full,10,0.5141656662665066,0.0276944301702153,5,0.029883260370058524,0.05878568329389464,5,0.4904936008000315,0.041187121988429796,5,0.4926085524236328,0.04016829296752168,5,,,0
synthetic_checkers,QWEN,off,hidden,full,20,0.5197278911564626,0.056808919073227326,5,0.040824373731723,0.1181677258269796,5,0.5068039760110504,0.06080160961984773,5,0.5070624340577178,0.060746974555214175,5,,,0
synthetic_checkers,QWEN,off,hidden,full,50,0.5499799919967987,0.03034212201200598,5,0.10984991734233682,0.07123129524939407,5,0.5359498220695331,0.029954613255964907,5,0.5370448057656521,0.028862382815698993,5,,,0
synthetic_checkers,QWEN,off,hidden,full,100,0.5208083233293317,0.021379092107313025,5,0.04591241469623934,0.04688468604357848,5,0.5071512180256491,0.01510026245432032,5,0.5078370838061692,0.01532621987455474,5,,,0
synthetic_checkers,REALTABPFN-V2,off,hidden,full,10,0.5020008003201281,0.04094387441923188,5,-0.0064630809443449785,0.09402462393619955,5,0.46349818924732206,0.0778135835942253,5,0.4659289426723364,0.07583859622655638,5,0.4998399359743898,0.0399510276753467,5
synthetic_checkers,REALTABPFN-V2,off,hidden,full,20,0.4982793117246899,0.0074831001911835554,5,-0.00272188495183542,0.01671576323158752,5,0.4486353630027266,0.035016872191569064,5,0.45195812663284984,0.033634338678783786,5,0.5078831532613044,0.026513284423625494,5
synthetic_checkers,REALTABPFN-V2,off,hidden,full,50,0.5411364545818327,0.06167150144704389,5,0.09188083403264334,0.13281851100619657,5,0.49506562569080054,0.10628992120223556,5,0.49783644588506953,0.10430131608802617,5,0.5422168867547018,0.08155488885238334,5
synthetic_checkers,REALTABPFN-V2,off,hidden,full,100,0.6797519007603041,0.1361907756576451,5,0.362021887599723,0.2762694454806267,5,0.6657551285322937,0.16024093064033995,5,0.666888565392016,0.15877929866215693,5,0.7278111244497799,0.16868809082054437,5
synthetic_checkers,RF,off,hidden,full,10,0.4923969587835134,0.03220449561302628,5,-0.013834144243254942,0.06605337021810237,5,0.4835667149155545,0.025397326184213965,5,0.484480495473249,0.025802573916889428,5,0.4950380152060824,0.0334712425824342,5
synthetic_checkers,RF,off,hidden,full,20,0.49867947178871547,0.039371205537113874,5,-0.001087432422221779,0.08260676261596826,5,0.4924693995367537,0.03524465696729675,5,0.493208994550469,0.035735995995479615,5,0.48543417366946784,0.026134542317772447,5
synthetic_checkers,RF,off,hidden,full,50,0.4939175670268107,0.024293292012471206,5,-0.0121727863821284,0.048774622773248774,5,0.4930198364490739,0.024542472556900986,5,0.49314560330169377,0.02495100263649059,5,0.5025610244097639,0.02198077446889194,5
synthetic_checkers,RF,off,hidden,full,100,0.5084433773509403,0.053059210071145384,5,0.016609299088113278,0.10676106415883248,5,0.5059939131103913,0.05428256542240991,5,0.5058911425238632,0.054085346435911535,5,0.530172068827531,0.059839218015387094,5
synthetic_gam,DUMMY,off,hidden,full,10,0.5,0.0,5,0.0,0.0,5,0.33438320209973754,0.0023475779291336316,5,0.33599550056242966,0.005952786891731706,5,0.5,0.0,5
synthetic_gam,DUMMY,off,hidden,full,20,0.5,0.0,5,0.0,0.0,5,0.33438320209973754,0.0023475779291336316,5,0.33599550056242966,0.005952786891731706,5,0.5,0.0,5
synthetic_gam,DUMMY,off,hidden,full,50,0.5,0.0,5,0.0,0.0,5,0.33438320209973754,0.0023475779291336316,5,0.33599550056242966,0.005952786891731706,5,0.5,0.0,5
synthetic_gam,DUMMY,off,hidden,full,100,0.5,0.0,5,0.0,0.0,5,0.33438320209973754,0.0023475779291336316,5,0.33599550056242966,0.005952786891731706,5,0.5,0.0,5
synthetic_gam,GEMMA,off,hidden,full,10,0.6097790562623235,0.08233655556167317,5,0.22168983699587513,0.16428577911405562,5,0.6061685210995055,0.08455287085814625,5,0.6061259497925664,0.08446255547740698,5,,,0
synthetic_gam,GEMMA,off,hidden,full,20,0.623536720417038,0.0678050327347008,5,0.24823765710658235,0.13613613197634766,5,0.6229091457537036,0.0675914344040545,5,0.6230475258920838,0.06751597478198203,5,,,0
synthetic_gam,GEMMA,off,hidden,full,50,0.6694608756718796,0.03370351546969871,5,0.3480040869517394,0.062243897164117795,5,0.6642537116792964,0.03743624782378463,5,0.6641316115571962,0.037531820752267075,5,,,0
synthetic_gam,GEMMA,off,hidden,full,100,0.7149366609945169,0.048046219228348744,5,0.44933352747755106,0.10786439806797588,5,0.7092256195964298,0.04613049311556402,5,0.7090750130628445,0.04602915998910049,5,,,0
synthetic_gam,LOCAL-GEMMA-3-27B,off,hidden,full,10,0.6511519866029225,0.03021930897206252,5,0.3205880330592311,0.07103226113327518,5,0.6415101327189385,0.028798200117599693,5,0.6411182268901394,0.028902586352383026,5,,,0
synthetic_gam,LOCAL-GEMMA-3-27B,off,hidden,full,20,0.562019555411501,0.07860678950955785,5,0.13336475999432537,0.17506727066292227,5,0.5473855347625987,0.08309562341543517,5,0.5473578610425082,0.08311044434295116,5,,,0
synthetic_gam,LOCAL-GEMMA-3-27B,off,hidden,full,50,0.6589160791940145,0.06241967956415005,5,0.3286558065750294,0.11533245066984608,5,0.648407747506821,0.07921131575299792,5,0.6486557633798369,0.07916239711534448,5,,,0
synthetic_gam,LOCAL-GEMMA-3-27B,off,hidden,full,100,0.658120627717905,0.041370832607707034,5,0.34758871548219616,0.09022738747765065,5,0.6419996763734752,0.04440083852644466,5,0.6416411329561083,0.044782874401369605,5,,,0
synthetic_gam,LOCAL-LLAMA-3.1-8B,off,hidden,full,10,0.509695324527996,0.022924755764475117,5,0.04564168658791463,0.11002976872017685,5,0.3734977921223311,0.037891504210473076,5,0.3748942451316873,0.038506550347626504,5,,,0
synthetic_gam,LOCAL-LLAMA-3.1-8B,off,hidden,full,20,0.5585689976501094,0.08041765145095214,5,0.14226793096615467,0.16790998625706563,5,0.4894036364477256,0.13329433835563193,5,0.488768715812805,0.13304009388576335,5,,,0
synthetic_gam,LOCAL-LLAMA-3.1-8B,off,hidden,full,50,0.5451219512195122,0.053028918812459296,5,0.11008246169232863,0.15981288730785861,5,0.4552306536387819,0.1171514647258123,5,0.45372078139720234,0.11940420691647528,5,,,0
synthetic_gam,LOCAL-LLAMA-3.1-8B,off,hidden,full,100,0.5723671771601437,0.03675569394930948,4,0.1591725303017827,0.07351299572358728,4,0.548994563679173,0.049604817873883905,4,0.5486638758484852,0.04905404037602905,4,,,0
synthetic_gam,LOCAL-MISTRAL-7B-FP16,off,hidden,full,10,0.5259662912243741,0.033058366113391184,5,0.06580792332397048,0.06959332095311395,5,0.48076671833469453,0.06822410172003351,5,0.47949648631011044,0.07026260438570714,5,,,0
synthetic_gam,LOCAL-MISTRAL-7B-FP16,off,hidden,full,20,0.495749263971045,0.02153515002707604,4,0.0065201980811554,0.08535385052145843,4,0.3924923630874793,0.0665117032068078,4,0.3931849552849259,0.06780605932125301,4,,,0
synthetic_gam,LOCAL-MISTRAL-7B-FP16,off,hidden,full,50,0.542238608432596,0.05983435740565026,5,0.10293208982353201,0.12346497255497574,5,0.5079741888736178,0.0835474778869296,5,0.5082883423127712,0.08369234741738842,5,,,0
synthetic_gam,LOCAL-MISTRAL-7B-FP16,off,hidden,full,100,0.5175174891283797,0.022510382298764637,5,0.035388582554305305,0.045300749655245574,5,0.44656028518097485,0.10579005370262896,5,0.44615212191566866,0.10560499697879908,5,,,0
synthetic_gam,LOCAL-MISTRAL-SMALL-3.1-24B-FP16,off,hidden,full,10,0.6385192988142505,0.0820948681614427,5,0.28347363395044317,0.1693769754611391,5,0.6347939607514076,0.08140976613924795,5,0.6347044206618675,0.08126971606609742,5,,,0
synthetic_gam,LOCAL-MISTRAL-SMALL-3.1-24B-FP16,off,hidden,full,20,0.6063636118088755,0.03407786659545342,5,0.22154855987836003,0.06273023689504287,5,0.59639847856852,0.04657293582034961,5,0.5967226310665856,0.04677301351354026,5,,,0
synthetic_gam,LOCAL-MISTRAL-SMALL-3.1-24B-FP16,off,hidden,full,50,0.6644140129108933,0.05786392907505362,5,0.3336875411542825,0.12149152360832667,5,0.662428265974249,0.057453554801042035,5,0.6624073419419856,0.05746792488667753,5,,,0
synthetic_gam,LOCAL-MISTRAL-SMALL-3.1-24B-FP16,off,hidden,full,100,0.66917321664911,0.06472885618653104,5,0.3637289160518488,0.1493832362332132,5,0.660594141071895,0.06176818665515358,5,0.6605718671020661,0.06179232067853782,5,,,0
synthetic_gam,LOCAL-QWEN3-30B-A3B,off,hidden,full,10,0.5413324149852794,0.027750479496298518,5,0.08523502402580183,0.055663441881284643,5,0.5304799211366958,0.03665423856970891,5,0.5301106305633236,0.03661044450443095,5,,,0
synthetic_gam,LOCAL-QWEN3-30B-A3B,off,hidden,full,20,0.5199524619830915,0.032915803213541615,5,0.06337852047640916,0.10608439494464725,5,0.4529689193568399,0.06876856475555342,5,0.4538427254938039,0.06841652044628599,5,,,0
synthetic_gam,LOCAL-QWEN3-30B-A3B,off,hidden,full,50,0.556302838775896,0.05411156579181627,5,0.12344843656024691,0.12279296369930116,5,0.5369731887215781,0.06279756699049606,5,0.5373541411025304,0.06312874114863905,5,,,0
synthetic_gam,LOCAL-QWEN3-30B-A3B,off,hidden,full,100,0.5247157172568404,0.036611874626762964,5,0.06304013216419087,0.09518046476432042,5,0.49988071322771066,0.023326618486351897,5,0.49943108234329714,0.024027962821096715,5,,,0
synthetic_gam,LOCAL-QWEN3-32B-FP8,off,hidden,full,10,0.6113551035842584,0.09952773777130197,5,0.22766239954557896,0.19895546163075295,5,0.6033082628738721,0.10643897152870707,5,0.6035273036264385,0.10655689616079808,5,,,0
synthetic_gam,LOCAL-QWEN3-32B-FP8,off,hidden,full,20,0.5823055938200578,0.09345592048255007,5,0.1630773237722841,0.19191672015517652,5,0.5746737856003128,0.10448470038960182,5,0.5753089433228491,0.10323793579257101,5,,,0
synthetic_gam,LOCAL-QWEN3-32B-FP8,off,hidden,full,50,0.6513113470005132,0.06866453538328157,5,0.3284102232697944,0.12880070264641055,5,0.635275674435481,0.083392217981128,5,0.635790784325591,0.08270550616743105,5,,,0
synthetic_gam,LOCAL-QWEN3-32B-FP8,off,hidden,full,100,0.6928801015584907,0.0626600848444004,5,0.3889980265671908,0.12138763146008974,5,0.6902319526162299,0.0670607789212476,5,0.6902488268357974,0.06706459741043864,5,,,0
synthetic_gam,LOCAL-QWEN3-8B,off,hidden,full,10,0.5664397806768766,0.044652592655059505,5,0.17886025170981076,0.11828221050790874,5,0.5019171722156085,0.09446815123390483,5,0.5005849776532398,0.09689968133025223,5,,,0
synthetic_gam,LOCAL-QWEN3-8B,off,hidden,full,20,0.5610539394430489,0.058508770782730715,5,0.1572343422879558,0.14245385986369394,5,0.5136773955323314,0.08723685656376903,5,0.5141479837676254,0.08702379000754001,5,,,0
synthetic_gam,LOCAL-QWEN3-8B,off,hidden,full,50,0.5804000216081895,0.07916763606302192,5,0.17167784652059026,0.173416607001759,5,0.5087905833454426,0.16205657132219237,5,0.5090247303568065,0.16226628354582565,5,,,0
synthetic_gam,LOCAL-QWEN3-8B,off,hidden,full,100,0.568934176052724,0.05167081889880305,5,0.16240647841527722,0.09909953940483343,5,0.5119917516615617,0.12582021743423752,5,0.5105489848529412,0.1281979403214851,5,,,0
synthetic_gam,QWEN,off,hidden,full,10,0.5666815222969506,0.0958439465216579,5,0.13067332178268506,0.20413364846313142,5,0.5458749154569145,0.12058450842600227,5,0.545895839489178,0.12060295823135521,5,,,0
synthetic_gam,QWEN,off,hidden,full,20,0.6073157226588878,0.07737815191412636,5,0.22650954366845025,0.15604240198922967,5,0.5962415063317502,0.08159788874345243,5,0.5961874858579905,0.08165811987254894,5,,,0
synthetic_gam,QWEN,off,hidden,full,50,0.6318720795181374,0.05788649073168588,5,0.2737800009160051,0.10755978761487048,5,0.6208301385469001,0.0680543569139292,5,0.6204850729844432,0.06822727610747269,5,,,0
synthetic_gam,QWEN,off,hidden,full,100,0.6261553628825325,0.05863651171017206,5,0.2878960665955911,0.09412367682020922,5,0.5922882394944576,0.10129368036900144,5,0.5923233528024012,0.10133617170098948,5,,,0
synthetic_gam,REALTABPFN-V2,off,hidden,full,10,0.5759838478783459,0.08067910417855981,5,0.16317575585399408,0.1668013552873891,5,0.5580903759143121,0.09107529267899715,5,0.5581818077366499,0.0912251555103798,5,0.6222001960171477,0.12950719707551486,5
synthetic_gam,REALTABPFN-V2,off,hidden,full,20,0.6405437160683899,0.04708972993066632,5,0.28509899581066156,0.10150719526286917,5,0.6390867221959949,0.044915521242603944,5,0.639086722195995,0.04491552124260399,5,0.72564441923489,0.046880516325648276,5
synthetic_gam,REALTABPFN-V2,off,hidden,full,50,0.7400008103071063,0.050688233514802346,5,0.4911587698602853,0.1008473442471871,5,0.737085928256765,0.05355374297634421,5,0.7371954602811905,0.0537321990386165,5,0.8298621641887991,0.03555756350199671,5
synthetic_gam,REALTABPFN-V2,off,hidden,full,100,0.814327580152878,0.06557406566170022,5,0.636125583376401,0.13128225324333734,5,0.8130621519921923,0.06632334186513637,5,0.8130695766488019,0.0663311750945428,5,0.8959126437491237,0.06397339595520682,5
synthetic_gam,RF,off,hidden,full,10,0.6114766496502175,0.06780845351873022,5,0.2306132289734179,0.13491212786752874,5,0.6021254883209758,0.0756069899800465,5,0.6022668093655226,0.07588956365408711,5,0.6539511474848967,0.12428913457522782,5
synthetic_gam,RF,off,hidden,full,20,0.6544391324311915,0.04209587699526819,5,0.31764161386949513,0.08854604193954924,5,0.6501569592187832,0.041982941527501455,5,0.6502949164995977,0.04199307199439149,5,0.7203748506398211,0.040253367637496255,5
synthetic_gam,RF,off,hidden,full,50,0.752193231234638,0.06930755260721952,5,0.5124377367202468,0.1380625547690462,5,0.7501214205497517,0.0707237696723946,5,0.7501654432790256,0.07079737963515183,5,0.8248744667085969,0.06018021731118921,5
synthetic_gam,RF,off,hidden,full,100,0.7738486886529994,0.09490223652817674,5,0.5527045199528843,0.18802822291673163,5,0.7722660449108953,0.09628544925977525,5,0.7722748195050705,0.09629376092579536,5,0.8525424671664847,0.08110763541135568,5
synthetic_gp,DUMMY,off,hidden,full,10,0.5,0.0,5,0.0,0.0,5,0.33421633554083885,0.0019744529602646775,5,0.3355673289183222,0.004995365989469775,5,0.5,0.0,5
synthetic_gp,DUMMY,off,hidden,full,20,0.5,0.0,5,0.0,0.0,5,0.33421633554083885,0.0019744529602646775,5,0.3355673289183222,0.004995365989469775,5,0.5,0.0,5
synthetic_gp,DUMMY,off,hidden,full,50,0.5,0.0,5,0.0,0.0,5,0.33421633554083885,0.0019744529602646775,5,0.3355673289183222,0.004995365989469775,5,0.5,0.0,5
synthetic_gp,DUMMY,off,hidden,full,100,0.5,0.0,5,0.0,0.0,5,0.33421633554083885,0.0019744529602646775,5,0.3355673289183222,0.004995365989469775,5,0.5,0.0,5
synthetic_gp,GEMMA,off,hidden,full,10,0.7658631452581032,0.03423276736678024,5,0.5432868181312196,0.07110095667635564,5,0.7635490708282127,0.034407516715160846,5,0.7635911760913705,0.03444727822980836,5,,,0
synthetic_gp,GEMMA,off,hidden,full,20,0.7915462184873949,0.04034749489879678,5,0.5995235132107954,0.07984880519551567,5,0.7889647722928066,0.04176571098420616,5,0.7890546919347555,0.04186863711532686,5,,,0
synthetic_gp,GEMMA,off,hidden,full,50,0.8578679471788716,0.025937005342953724,5,0.7252219399695095,0.046981146037406635,5,0.8569282431482861,0.02668730724461962,5,0.856958318336256,0.026677100739432136,5,,,0
synthetic_gp,GEMMA,off,hidden,full,100,0.8719903961584634,0.04265921218609328,5,0.7501514294382016,0.08517445784603177,5,0.8714384862501596,0.042866438019165336,5,0.8714480900916964,0.04286882754696084,5,,,0
synthetic_gp,LOCAL-GEMMA-3-27B,off,hidden,full,10,0.7561048419367747,0.07774450862037216,5,0.5230074000438714,0.15399071507420697,5,0.7525457010664363,0.08131805712379207,5,0.7525381003063603,0.08131134806079947,5,,,0
synthetic_gp,LOCAL-GEMMA-3-27B,off,hidden,full,20,0.7894661864745899,0.03313673840103362,5,0.5940821834843149,0.07764289478756614,5,0.7876040210476787,0.032581200031708064,5,0.7877083688737656,0.0327357307004995,5,,,0
synthetic_gp,LOCAL-GEMMA-3-27B,off,hidden,full,50,0.833907162865146,0.011342421992027557,5,0.6791416900392748,0.01631391836000417,5,0.8325259899464224,0.01247807779986668,5,0.8325516309720633,0.012496734755293925,5,,,0
synthetic_gp,LOCAL-GEMMA-3-27B,off,hidden,full,100,0.8305034013605443,0.0400115849297996,5,0.6749848124412874,0.07642814537052287,5,0.828152432633994,0.04160000199895157,5,0.8280589009000128,0.041714823539426,5,,,0
synthetic_gp,LOCAL-LLAMA-3.1-8B,off,hidden,full,10,0.5200408163265307,0.01410630786915174,5,0.12602474193304947,0.07727487218650454,5,0.3767105634706712,0.0290014712534316,5,0.3779905634706712,0.028209989928347612,5,,,0
synthetic_gp,LOCAL-LLAMA-3.1-8B,off,hidden,full,20,0.6016134453781512,0.08369607420102852,5,0.25189592863033106,0.17360774543779056,5,0.5421730830891206,0.13906833998243703,5,0.5423200615282339,0.13923216409151493,5,,,0
synthetic_gp,LOCAL-LLAMA-3.1-8B,off,hidden,full,50,0.6510964385754301,0.07445176767328784,5,0.3859336206094505,0.13229470667974974,5,0.6032366232393149,0.1103538306224363,5,0.6029020029046946,0.11007168370187627,5,,,0
synthetic_gp,LOCAL-MISTRAL-7B-FP16,off,hidden,full,10,0.7190132052821128,0.05364902756632359,5,0.4579902687287814,0.09464969945612141,5,0.7105443992434655,0.06225429794339624,5,0.7101980494981344,0.06275313716925994,5,,,0
synthetic_gp,LOCAL-MISTRAL-7B-FP16,off,hidden,full,20,0.7255806322529011,0.05191563433141439,5,0.46887441036820177,0.08940852643311505,5,0.7190161573536487,0.05947667786786735,5,0.7191330404705317,0.059569242835234036,5,,,0
synthetic_gp,LOCAL-MISTRAL-7B-FP16,off,hidden,full,50,0.6809173669467787,0.08512091280376449,4,0.39393822727578365,0.17459007165767254,4,0.6647595987957511,0.09475784667934119,4,0.6644707510972649,0.09477822195225048,4,,,0
synthetic_gp,LOCAL-MISTRAL-7B-FP16,off,hidden,full,100,0.6522849139655862,0.024053433383931164,3,0.3679942107843675,0.027786575588641435,3,0.6202748397735632,0.042016004446297765,3,0.6193613620494021,0.04318693521365768,3,,,0
synthetic_gp,LOCAL-MISTRAL-SMALL-3.1-24B-FP16,off,hidden,full,10,0.7539463785514207,0.07628778605431315,5,0.5170661175571267,0.1478233680445955,5,0.7510326620182761,0.07879458682034364,5,0.751053080394815,0.0788201252332027,5,,,0
synthetic_gp,LOCAL-MISTRAL-SMALL-3.1-24B-FP16,off,hidden,full,20,0.8235070028011204,0.023695892961341097,5,0.6623947497349469,0.04013679351805122,5,0.8216806131475523,0.025803714456010634,5,0.8217720044164221,0.02587137780866383,5,,,0
synthetic_gp,LOCAL-MISTRAL-SMALL-3.1-24B-FP16,off,hidden,full,50,0.8418303321328532,0.048000265504961094,5,0.6909465364170763,0.09068502883729498,5,0.8408713427076316,0.04928214973766672,5,0.8409002467622282,0.04931055234876584,5,,,0
synthetic_gp,LOCAL-MISTRAL-SMALL-3.1-24B-FP16,off,hidden,full,100,0.8521504601840736,0.03287317149622331,5,0.7120748179870875,0.06142215812298109,5,0.8510669869840763,0.03350719343491626,5,0.8510573831425396,0.033496849938396536,5,,,0
synthetic_gp,LOCAL-QWEN3-30B-A3B,off,hidden,full,10,0.7104577831132453,0.0465026064293712,5,0.43213335172884115,0.09677118632930945,5,0.7066044713692818,0.046396796647601456,5,0.7064913400561507,0.04636526735223693,5,,,0
synthetic_gp,LOCAL-QWEN3-30B-A3B,off,hidden,full,20,0.6184833933573429,0.06947594289398125,5,0.2676286532188513,0.11267000860129767,5,0.5835028959544228,0.10744838788325363,5,0.5843308237761,0.10635862196099238,5,,,0
synthetic_gp,LOCAL-QWEN3-30B-A3B,off,hidden,full,50,0.7092917166866746,0.06525910529005492,5,0.4318436363481342,0.1322437778135899,5,0.7048552565274533,0.06729792739997567,5,0.7051312187641998,0.06695150061875618,5,,,0
synthetic_gp,LOCAL-QWEN3-30B-A3B,off,hidden,full,100,0.7217406962785115,0.05192015349128382,5,0.4535789122837099,0.0955165612965324,5,0.717766441387056,0.056691314216485586,5,0.7178437360730463,0.056760878522435644,5,,,0
synthetic_gp,LOCAL-QWEN3-32B-FP8,off,hidden,full,10,0.7639007603041217,0.05505489659916699,5,0.5386215690010155,0.11188424874768174,5,0.7617128631974535,0.055276857176165435,5,0.7617513247359151,0.05527509977459119,5,,,0
synthetic_gp,LOCAL-QWEN3-32B-FP8,off,hidden,full,20,0.8035414165666266,0.05215391726096472,5,0.6172503719179694,0.1025439238446471,5,0.8021201439431132,0.052617918846182464,5,0.8022417999292794,0.052514263306162635,5,,,0
synthetic_gp,LOCAL-QWEN3-32B-FP8,off,hidden,full,50,0.8256214485794319,0.06231944884841026,5,0.6612885930917279,0.11981893779072168,5,0.8242117323585306,0.06327710289354668,5,0.8243141718767004,0.06316200763114495,5,,,0
synthetic_gp,LOCAL-QWEN3-32B-FP8,off,hidden,full,100,0.8340264105642257,0.032089552535790454,5,0.6773334586571098,0.06247300319233854,5,0.8327733471377107,0.03279106611991513,5,0.8327801478177786,0.03279034626002881,5,,,0
synthetic_gp,LOCAL-QWEN3-8B,off,hidden,full,10,0.7150572228891556,0.06982131746318757,5,0.4866855987791755,0.09514399876962575,5,0.6923123871155982,0.09169701061785933,5,0.6920030537822648,0.09170655855656056,5,,,0
synthetic_gp,LOCAL-QWEN3-8B,off,hidden,full,20,0.7398663465386155,0.07694164858792132,5,0.516100118586672,0.10923549200105759,5,0.7250344718243297,0.0998354836941268,5,0.7250685570373623,0.09988011683071236,5,,,0
synthetic_gp,LOCAL-QWEN3-8B,off,hidden,full,50,0.7307418967587035,0.061048683277145535,5,0.5077822797641546,0.11529578628901298,5,0.7161469238495238,0.07069644289969904,5,0.7159858693752164,0.07056337225844068,5,,,0
synthetic_gp,LOCAL-QWEN3-8B,off,hidden,full,100,0.7590572228891557,0.06744421290583867,5,0.5775104768736512,0.10999075046489355,5,0.7434102566172051,0.07711294386280021,5,0.7431009232838718,0.07738005507216539,5,,,0
synthetic_gp,QWEN,off,hidden,full,10,0.7721488595438175,0.0741812637763659,5,0.5594892181114156,0.14831302184744619,5,0.7685975830447278,0.07548806410887436,5,0.7685863785629351,0.07547111850285022,5,,,0
synthetic_gp,QWEN,off,hidden,full,20,0.8120704281712685,0.046711857057413035,5,0.6343856368280194,0.08475588285449595,5,0.8100346147057864,0.04858982556198867,5,0.8100346147057864,0.048589825561988646,5,,,0
synthetic_gp,QWEN,off,hidden,full,50,0.834188075230092,0.02092127794052151,5,0.6837353110526205,0.020106929139632905,5,0.8318115637274509,0.024194707535671343,5,0.8317935475128578,0.024177931356484886,5,,,0
synthetic_gp,QWEN,off,hidden,full,100,0.8322272909163665,0.021790000553709114,5,0.681913346964917,0.036105732653963815,5,0.8297116411404248,0.023512011008347846,5,0.8296860001147838,0.023498401548599814,5,,,0
synthetic_gp,REALTABPFN-V2,off,hidden,full,10,0.7997094837935175,0.09055154146781104,5,0.610363935446095,0.18172931209000537,5,0.7980360068443481,0.0915280953440072,5,0.7980831890199707,0.0915738319124446,5,0.8896722849139657,0.07366154907832696,5
synthetic_gp,REALTABPFN-V2,off,hidden,full,20,0.8317078831532612,0.03615634665114135,5,0.672582537952074,0.07461980935035162,5,0.8308558423974197,0.03623730182767197,5,0.8309102833692921,0.03627114161931625,5,0.9243959663865546,0.028214640945848128,5
synthetic_gp,REALTABPFN-V2,off,hidden,full,50,0.8818287314925971,0.031298026014675524,5,0.7662337553482415,0.06125727085821977,5,0.8817358677775609,0.031334186088173295,5,0.8817695891745903,0.031304342373390394,5,0.9524759983993597,0.011033444158013762,5
synthetic_gp,REALTABPFN-V2,off,hidden,full,100,0.8898711484593838,0.01581401320340907,5,0.7816845371924447,0.03262254375604985,5,0.8898506843736655,0.01576861986461706,5,0.8898727395115102,0.015768476039636242,5,0.961517086834734,0.016383433522106267,5
synthetic_gp,RF,off,hidden,full,10,0.7381800720288115,0.07331823982163067,5,0.49653877941055724,0.15626556223552587,5,0.7333262046574224,0.07384282471894316,5,0.7332961776331005,0.07383449407190272,5,0.8331840416166466,0.06681827505700291,5
synthetic_gp,RF,off,hidden,full,20,0.7935022008803522,0.04357363869365614,5,0.6067901098318913,0.08346821953133898,5,0.7902270215102081,0.045215754744661725,5,0.790352684504904,0.04516579246205529,5,0.8777096118447378,0.035406889681074444,5
synthetic_gp,RF,off,hidden,full,50,0.8517847138855542,0.041144097785370995,5,0.7057503634658626,0.08164616983369419,5,0.8516872478529713,0.04110408866870269,5,0.8517407098165929,0.04103490764494086,5,0.9212726050420168,0.016023269984308516,5
synthetic_gp,RF,off,hidden,full,100,0.878031212484994,0.023894376862473612,5,0.7584154316098608,0.04800834256081947,5,0.8778067626274213,0.02390880750139268,5,0.8778111630674654,0.023911612052699663,5,0.9464351340536215,0.014452549671826862,5
synthetic_hier,DUMMY,off,hidden,full,10,0.1666666666666666,0.0,5,0.0,0.0,5,0.0476190476190476,0.0,5,0.0476190476190476,0.0,5,0.5,0.0,5
synthetic_hier,DUMMY,off,hidden,full,20,0.1666666666666666,0.0,5,0.0,0.0,5,0.0476190476190476,0.0,5,0.0476190476190476,0.0,5,0.5,0.0,5
synthetic_hier,DUMMY,off,hidden,full,50,0.1666666666666666,0.0,5,0.0,0.0,5,0.0476190476190476,0.0,5,0.0476190476190476,0.0,5,0.5,0.0,5
synthetic_hier,DUMMY,off,hidden,full,100,0.1666666666666666,0.0,5,0.0,0.0,5,0.0476190476190476,0.0,5,0.0476190476190476,0.0,5,0.5,0.0,5
synthetic_hier,GEMMA,off,hidden,full,10,0.7208333333333333,0.0496297052065483,5,0.6737854911586426,0.05597366506778565,5,0.7133387692084934,0.054108107361652724,5,0.7133387692084934,0.054108107361652724,5,,,0
synthetic_hier,GEMMA,off,hidden,full,20,0.7895833333333333,0.038555740673586976,5,0.7536902692087548,0.04383588322816169,5,0.7855623757462723,0.04213288233766291,5,0.7855623757462723,0.04213288233766291,5,,,0
synthetic_hier,GEMMA,off,hidden,full,50,0.8208333333333334,0.038555740673586976,5,0.786875814179642,0.0461207445654267,5,0.819833048090671,0.038442092211090434,5,0.819833048090671,0.038442092211090434,5,,,0
synthetic_hier,GEMMA,off,hidden,full,100,0.84375,0.02083333333333335,5,0.8156382129672488,0.02450071608593682,5,0.8413398040869412,0.024459845034483417,5,0.8413398040869412,0.024459845034483417,5,,,0
synthetic_hier,LOCAL-GEMMA-3-27B,off,hidden,full,10,0.5875,0.04919049563798997,5,0.5165598450103499,0.0590841842804573,5,0.569171295662418,0.05673918865902217,5,0.569171295662418,0.05673918865902217,5,,,0
synthetic_hier,LOCAL-GEMMA-3-27B,off,hidden,full,20,0.6270833333333334,0.038555740673586913,5,0.563366127507417,0.04494000867298148,5,0.6121314702375065,0.04099576630636456,5,0.6121314702375065,0.04099576630636456,5,,,0
synthetic_hier,LOCAL-GEMMA-3-27B,off,hidden,full,50,0.58125,0.045045308980082625,5,0.5093438087829758,0.05044055332809776,5,0.5573848162580445,0.05644253002197385,5,0.5573848162580445,0.05644253002197385,5,,,0
synthetic_hier,LOCAL-GEMMA-3-27B,off,hidden,full,100,0.55,0.02890507692814921,5,0.46885119508256495,0.03695213252766788,5,0.5410213384209188,0.030133719963304436,5,0.5410213384209188,0.030133719963304436,5,,,0
synthetic_hier,LOCAL-LLAMA-3.1-8B,off,hidden,full,10,0.359375,0.05155986946151907,2,0.27361358008550357,0.044992282018371646,2,0.23658451684767468,0.10277760636043395,2,0.23658451684767468,0.10277760636043395,2,,,0
synthetic_hier,LOCAL-LLAMA-3.1-8B,off,hidden,full,50,0.4618055555555556,0.021684020827772234,3,0.3840964553881269,0.03891523877232473,3,0.4150974338504965,0.022477947316538502,3,0.4150974338504965,0.022477947316538502,3,,,0
synthetic_hier,LOCAL-LLAMA-3.1-8B,off,hidden,full,100,0.453125,0.06629126073623882,2,0.36305058005677754,0.08190705054821897,2,0.40447796677635384,0.07849803549467377,2,0.40447796677635384,0.07849803549467377,2,,,0
synthetic_hier,LOCAL-MISTRAL-7B-FP16,off,hidden,full,10,0.3458333333333333,0.08048518238367441,5,0.2294843703520908,0.09818203139711355,5,0.29095886195766296,0.0829826064119964,5,0.29095886195766296,0.0829826064119964,5,,,0
synthetic_hier,LOCAL-MISTRAL-7B-FP16,off,hidden,full,20,0.3984375,0.03743725460563861,4,0.3022131640754951,0.03200352705942292,4,0.32102146053745867,0.08010867861618959,4,0.32102146053745867,0.08010867861618959,4,,,0
synthetic_hier,LOCAL-MISTRAL-7B-FP16,off,hidden,full,50,0.40104166666666663,0.03682847818679932,2,0.3071097122276427,0.02642435113297212,2,0.3108758363923718,0.06705864770961444,2,0.3108758363923718,0.06705864770961444,2,,,0
synthetic_hier,LOCAL-MISTRAL-SMALL-3.1-24B-FP16,off,hidden,full,10,0.5895833333333333,0.0653017834110728,5,0.5180403077245355,0.07374025364120114,5,0.5789905992357521,0.062072911138250385,5,0.5789905992357521,0.062072911138250385,5,,,0
synthetic_hier,LOCAL-MISTRAL-SMALL-3.1-24B-FP16,off,hidden,full,20,0.65,0.05827750304458064,5,0.584792635935773,0.0693688447058518,5,0.6395452225349606,0.062289352404713734,5,0.6395452225349606,0.062289352404713734,5,,,0
synthetic_hier,LOCAL-MISTRAL-SMALL-3.1-24B-FP16,off,hidden,full,50,0.7125,0.059201134326595094,5,0.6578121557319909,0.07059086998782187,5,0.7070971901804636,0.0632376973298963,5,0.7070971901804636,0.0632376973298963,5,,,0
synthetic_hier,LOCAL-MISTRAL-SMALL-3.1-24B-FP16,off,hidden,full,100,0.6770833333333333,0.04166666666666665,5,0.6184801099550509,0.04831103397207182,5,0.6733155183160691,0.04173679548640643,5,0.6733155183160691,0.04173679548640643,5,,,0
synthetic_hier,LOCAL-QWEN3-30B-A3B,off,hidden,full,10,0.45,0.03855574067358698,5,0.369244754632121,0.04304907321483488,5,0.39748141580702,0.06144983745271066,5,0.39748141580702,0.06144983745271066,5,,,0
synthetic_hier,LOCAL-QWEN3-30B-A3B,off,hidden,full,20,0.5125,0.06310471346192065,5,0.4410287589889525,0.07669389723394518,5,0.4820641510858751,0.06332414599290494,5,0.4820641510858751,0.06332414599290494,5,,,0
synthetic_hier,LOCAL-QWEN3-30B-A3B,off,hidden,full,50,0.4916666666666666,0.036383852492860365,5,0.4140520675373184,0.03733897062347386,5,0.4570507354172385,0.06384312063229287,5,0.4570507354172385,0.06384312063229287,5,,,0
synthetic_hier,LOCAL-QWEN3-30B-A3B,off,hidden,full,100,0.4791666666666667,0.059384136723913454,5,0.3989434705811477,0.06484084271448887,5,0.43297651609569077,0.07531374841251297,5,0.43297651609569077,0.07531374841251297,5,,,0
synthetic_hier,LOCAL-QWEN3-32B-FP8,off,hidden,full,10,0.5770833333333334,0.09507170174253864,5,0.5075950050561904,0.11153570449125531,5,0.5456083833846059,0.10203243150951335,5,0.5456083833846059,0.10203243150951335,5,,,0
synthetic_hier,LOCAL-QWEN3-32B-FP8,off,hidden,full,20,0.6729166666666667,0.04205547757955492,5,0.6151871168355753,0.050176770860908694,5,0.6632133899851944,0.04687683048719237,5,0.6632133899851944,0.04687683048719237,5,,,0
synthetic_hier,LOCAL-QWEN3-32B-FP8,off,hidden,full,50,0.6729166666666667,0.08545476792497365,5,0.613792876802443,0.0976719930760273,5,0.6655791134964913,0.08854976784532115,5,0.6655791134964913,0.08854976784532115,5,,,0
synthetic_hier,LOCAL-QWEN3-32B-FP8,off,hidden,full,100,0.6833333333333333,0.06011057519272294,5,0.6262923613200277,0.07123938547880133,5,0.6766405335492675,0.06418472134616339,5,0.6766405335492675,0.06418472134616339,5,,,0
synthetic_hier,LOCAL-QWEN3-8B,off,hidden,full,10,0.4083333333333334,0.07156485015549027,5,0.3143043028145779,0.08526410423060445,5,0.3394083757976866,0.08672335072578197,5,0.3394083757976866,0.08672335072578197,5,,,0
synthetic_hier,LOCAL-QWEN3-8B,off,hidden,full,20,0.5041666666666667,0.05541431699279329,5,0.4249964108588119,0.06388506245994778,5,0.4592291973427464,0.0627865157727831,5,0.4592291973427464,0.0627865157727831,5,,,0
synthetic_hier,LOCAL-QWEN3-8B,off,hidden,full,50,0.5083333333333333,0.03993810315141836,5,0.4255577750350179,0.043429092929438466,5,0.46962834116475916,0.06318736847074256,5,0.46962834116475916,0.06318736847074256,5,,,0
synthetic_hier,LOCAL-QWEN3-8B,off,hidden,full,100,0.48125,0.06480137922914911,5,0.3955048145693096,0.07710179572821659,5,0.4427886832024101,0.08923122071885983,5,0.4427886832024101,0.08923122071885983,5,,,0
synthetic_hier,QWEN,off,hidden,full,10,0.5895833333333333,0.07049551798203596,5,0.5253910661640177,0.08922272476652023,5,0.5595795292684282,0.07569888931861675,5,0.5595795292684282,0.07569888931861675,5,,,0
synthetic_hier,QWEN,off,hidden,full,20,0.7125,0.03653266232656291,5,0.6657577966248797,0.03886515608782145,5,0.7070995648234116,0.04052218067075147,5,0.7070995648234116,0.04052218067075147,5,,,0
synthetic_hier,QWEN,off,hidden,full,50,0.6958333333333333,0.0528074660651524,5,0.642484176921357,0.06280255930210803,5,0.6894598956437598,0.0512278693481589,5,0.6894598956437598,0.0512278693481589,5,,,0
synthetic_hier,QWEN,off,hidden,full,100,0.73125,0.020036858397574252,5,0.6848114851672189,0.02193224051226641,5,0.7281623682109345,0.02206152006559138,5,0.7281623682109345,0.02206152006559138,5,,,0
synthetic_hier,REALTABPFN-V2,off,hidden,full,10,0.5333333333333333,0.12808688457449496,5,0.4543191431683951,0.1506768959314269,5,0.4965488043279883,0.14576189578328316,5,0.4965488043279883,0.14576189578328316,5,0.8820572916666667,0.05726661087998562,5
synthetic_hier,REALTABPFN-V2,off,hidden,full,20,0.8291666666666666,0.0342326598440729,5,0.7979562019535955,0.04058800005559849,5,0.8272988039127791,0.035852490707935274,5,0.8272988039127791,0.035852490707935274,5,0.9814322916666667,0.0057980003212913505,5
synthetic_hier,REALTABPFN-V2,off,hidden,full,50,0.8833333333333334,0.039253007669618284,5,0.8614931469516541,0.046427132062416145,5,0.8826768317634803,0.039484077547972694,5,0.8826768317634803,0.039484077547972694,5,0.9910937500000001,0.004197679183212143,5
synthetic_hier,REALTABPFN-V2,off,hidden,full,100,0.8958333333333334,0.026557393299962376,5,0.8765202540608591,0.03149595692767148,5,0.8953964844271886,0.02633516629756438,5,0.8953964844271886,0.02633516629756438,5,0.9932552083333333,0.0032829546663251455,5
synthetic_hier,RF,off,hidden,full,10,0.4354166666666667,0.03244252396332801,5,0.3376146120773704,0.04275629167470495,5,0.3911577534239992,0.0380743829321288,5,0.3911577534239992,0.0380743829321288,5,0.8086458333333335,0.025781924049479744,5
synthetic_hier,RF,off,hidden,full,20,0.7166666666666667,0.038555740673586976,5,0.6641571339961628,0.04486323732748017,5,0.7144683992695012,0.04012747319888154,5,0.7144683992695012,0.04012747319888154,5,0.9369401041666666,0.01482665030700362,5
synthetic_hier,RF,off,hidden,full,50,0.8625,0.011410886614690946,5,0.8371460928086127,0.014108281799575965,5,0.8615121973714309,0.01149203319791058,5,0.8615121973714309,0.01149203319791058,5,0.9791927083333333,0.006362679204475986,5
synthetic_hier,RF,off,hidden,full,100,0.8833333333333334,0.022582795196540363,5,0.8619120906365175,0.026234635168601812,5,0.8829054037796595,0.022772819552972088,5,0.8829054037796595,0.022772819552972088,5,0.9861197916666665,0.0025157517005705895,5
synthetic_imbalanced,DUMMY,off,hidden,full,10,0.5,0.0,5,0.0,0.0,5,0.4686479792862771,0.001258622074467971,5,0.8267040414274456,0.0064270277610631935,5,0.5,0.0,5
synthetic_imbalanced,DUMMY,off,hidden,full,20,0.5,0.0,5,0.0,0.0,5,0.4686479792862771,0.001258622074467971,5,0.8267040414274456,0.0064270277610631935,5,0.5,0.0,5
synthetic_imbalanced,DUMMY,off,hidden,full,50,0.5,0.0,5,0.0,0.0,5,0.4686479792862771,0.001258622074467971,5,0.8267040414274456,0.0064270277610631935,5,0.5,0.0,5
synthetic_imbalanced,DUMMY,off,hidden,full,100,0.5,0.0,5,0.0,0.0,5,0.4686479792862771,0.001258622074467971,5,0.8267040414274456,0.0064270277610631935,5,0.5,0.0,5
synthetic_imbalanced,GEMMA,off,hidden,full,10,0.5489019407558733,0.06000738462166124,5,0.1330020432913246,0.14898985556917566,5,0.5513568247266838,0.07487870926146546,5,0.8372496402284183,0.0243751129109101,5,,,0
synthetic_imbalanced,GEMMA,off,hidden,full,20,0.6966164453524004,0.07752814263256311,5,0.4728886800552674,0.18899818984616662,5,0.7277298816538982,0.08969860759073621,5,0.8937950679013369,0.03743798803509597,5,,,0
synthetic_imbalanced,GEMMA,off,hidden,full,50,0.595467313585291,0.06765416101508337,5,0.266958445334044,0.17138436718850356,5,0.614784220126175,0.0876587032137883,5,0.8585366322448665,0.03193393506449935,5,,,0
synthetic_imbalanced,GEMMA,off,hidden,full,100,0.6128915560095336,0.03294334099779056,5,0.32602260465204347,0.036771412916540056,5,0.6400169803709843,0.03264914930405904,5,0.8683223585712119,0.007412271748821848,5,,,0
synthetic_imbalanced,LOCAL-GEMMA-3-27B,off,hidden,full,10,0.5549497786857337,0.09724889318093839,5,0.12620000736756504,0.2371748391362757,5,0.558695333947066,0.11449278760773145,5,0.824269230390196,0.04960372116719017,5,,,0
synthetic_imbalanced,LOCAL-GEMMA-3-27B,off,hidden,full,20,0.626906707524685,0.06249823314453985,5,0.3216401422075577,0.1953531795200688,5,0.6504004907730921,0.08679027206017127,5,0.8627048913658873,0.040906867070608116,5,,,0
synthetic_imbalanced,LOCAL-GEMMA-3-27B,off,hidden,full,50,0.513321416411304,0.019003133315219557,5,0.048342912144779884,0.08331599328581785,5,0.5023835298573577,0.03484686494980429,5,0.8271991453496108,0.009667092368652019,5,,,0
synthetic_imbalanced,LOCAL-GEMMA-3-27B,off,hidden,full,100,0.5117424242424242,0.022978410436519853,5,0.06295680849574772,0.13356621211746517,5,0.4959459829110838,0.04239271673558419,5,0.8300918802781176,0.018056266261532897,5,,,0
synthetic_imbalanced,LOCAL-LLAMA-3.1-8B,off,hidden,full,10,0.5,0.0,4,0.0,0.0,4,0.4687886975121017,0.0014071822582460932,4,0.8274226049757964,0.007185635483507785,4,,,0
synthetic_imbalanced,LOCAL-LLAMA-3.1-8B,off,hidden,full,20,0.5071969696969697,0.019425577886300106,5,0.047010409204929694,0.12688734341367436,5,0.4839643275187706,0.03558014010906526,5,0.8302761989320186,0.01169098681151755,5,,,0
synthetic_imbalanced,LOCAL-LLAMA-3.1-8B,off,hidden,full,50,0.5,0.0,5,0.0,0.0,5,0.4686479792862771,0.001258622074467971,5,0.8267040414274456,0.0064270277610631935,5,,,0
synthetic_imbalanced,LOCAL-LLAMA-3.1-8B,off,hidden,full,100,0.5063131313131314,0.010934664189197448,3,0.018826083157496832,0.03260773253630123,3,0.48467004520678164,0.028725956683248385,3,0.8232153579953083,0.0010642226591435476,3,,,0
synthetic_imbalanced,LOCAL-MISTRAL-7B-FP16,off,hidden,full,10,0.5098995573714674,0.05073297986948177,5,0.0009649937919462004,0.09580042199728023,5,0.4662773613346394,0.059429527290000214,5,0.7330467177687037,0.13010506062583563,5,,,0
synthetic_imbalanced,LOCAL-MISTRAL-7B-FP16,off,hidden,full,20,0.5272727272727272,0.06751568535233159,5,0.0344107409244949,0.10885852448414189,5,0.4925862420045254,0.0564955334291605,5,0.818168717144896,0.01740011655038664,5,,,0
synthetic_imbalanced,LOCAL-MISTRAL-7B-FP16,off,hidden,full,50,0.49660367722165477,0.003100513874145234,5,-0.0219120449138798,0.020016067457085045,5,0.4669473205142792,0.001557977464743292,5,0.8236996245306634,0.0058668984533249285,5,,,0
synthetic_imbalanced,LOCAL-MISTRAL-7B-FP16,off,hidden,full,100,0.49886363636363634,0.0025409863380679363,5,-0.00742269619025204,0.016597653257732273,5,0.4680790863519274,0.002000715228152647,5,0.8257027898629901,0.0073153153101947685,5,,,0
synthetic_imbalanced,LOCAL-MISTRAL-SMALL-3.1-24B-FP16,off,hidden,full,10,0.556213823629554,0.05881390768555261,5,0.1006292340823955,0.0941774099768458,5,0.5393889606660978,0.053061366525268605,5,0.7928148077808875,0.05704777532362831,5,,,0
synthetic_imbalanced,LOCAL-MISTRAL-SMALL-3.1-24B-FP16,off,hidden,full,20,0.6012512768130746,0.055969839384755596,5,0.21553500690340668,0.08687538887884803,5,0.5772714424982638,0.05165793314408456,5,0.8084093967042545,0.055989973838650786,5,,,0
synthetic_imbalanced,LOCAL-MISTRAL-SMALL-3.1-24B-FP16,off,hidden,full,50,0.5928285665645217,0.060575156809444516,5,0.2156673756560124,0.12193703302834631,5,0.6001332281079721,0.06358929956137185,5,0.8435105774170946,0.026032829870864457,5,,,0
synthetic_imbalanced,LOCAL-MISTRAL-SMALL-3.1-24B-FP16,off,hidden,full,100,0.5689649302008852,0.04495059421920321,5,0.1946354503194707,0.1240534339455529,5,0.5831937372521366,0.059408721132169655,5,0.8422109093625669,0.032595528574124316,5,,,0
synthetic_imbalanced,LOCAL-QWEN3-30B-A3B,off,hidden,full,10,0.5416666666666666,0.02894073255669722,5,0.15473996652751823,0.13106664484688027,5,0.5329239669665202,0.05139906332917621,5,0.8188276776702308,0.059974617203834873,5,,,0
synthetic_imbalanced,LOCAL-QWEN3-30B-A3B,off,hidden,full,20,0.5136363636363637,0.017937515897805425,5,0.05740839323624427,0.0787047542855554,5,0.5019373231452847,0.033072651905206814,5,0.8281123342383465,0.014902560599232185,5,,,0
synthetic_imbalanced,LOCAL-QWEN3-30B-A3B,off,hidden,full,50,0.5060861423220974,0.020476524090476615,5,0.044388490405029575,0.12917501783374835,5,0.4834014546154721,0.03585965886826392,5,0.8292629073054606,0.009922013019737165,5,,,0
synthetic_imbalanced,LOCAL-QWEN3-30B-A3B,off,hidden,full,100,0.498876404494382,0.002512435929775058,5,-0.00706665253337572,0.015801515437999212,5,0.4680851063829786,0.0,5,0.8257021276595744,0.004186680468510209,5,,,0
synthetic_imbalanced,LOCAL-QWEN3-32B-FP8,off,hidden,full,10,0.5542815798433776,0.07006158990315618,5,0.08433859320758205,0.11829499553945441,5,0.511073036637723,0.0693119417086205,5,0.7604226683295598,0.08830382676365459,5,,,0
synthetic_imbalanced,LOCAL-QWEN3-32B-FP8,off,hidden,full,20,0.6674242424242424,0.07550383643157565,5,0.3674383530690671,0.1502564936256868,5,0.6506743086871918,0.08524992484106039,5,0.8401444494263302,0.07016678762731894,5,,,0
synthetic_imbalanced,LOCAL-QWEN3-32B-FP8,off,hidden,full,50,0.6275663942798775,0.11292793571019949,5,0.1932181774766433,0.17194084520914263,5,0.5700000783634849,0.07900082853639309,5,0.780956734756312,0.05423135818686221,5,,,0
synthetic_imbalanced,LOCAL-QWEN3-32B-FP8,off,hidden,full,100,0.5784601634320735,0.1277469852573481,5,0.1587526677975607,0.20088414274769215,5,0.5576460978931366,0.09534749314576563,5,0.7988126569141641,0.06580095762573361,5,,,0
synthetic_imbalanced,LOCAL-QWEN3-8B,off,hidden,full,10,0.5417688117126319,0.09714185040809428,5,0.07004847667811788,0.1886616013663805,5,0.525972255785929,0.09940309932731367,5,0.8176801649702107,0.035453733474458286,5,,,0
synthetic_imbalanced,LOCAL-QWEN3-8B,off,hidden,full,20,0.5174242424242423,0.038892680682256604,5,0.035725132545847284,0.09980376999967304,5,0.5019086574680662,0.053540591733142524,5,0.8253239944476842,0.011899458756030936,5,,,0
synthetic_imbalanced,LOCAL-QWEN3-8B,off,hidden,full,50,0.5023110316649643,0.04233339167798782,5,0.0013691443592570435,0.12345701756235429,5,0.48655764842438404,0.059571718273263734,5,0.8197110264443073,0.025378140706982764,5,,,0
synthetic_imbalanced,LOCAL-QWEN3-8B,off,hidden,full,100,0.5083716377255703,0.06008749155172429,5,0.048033482176492025,0.14777367763833857,5,0.510743525278717,0.07020488348797391,5,0.8055229876351042,0.053054570996187524,5,,,0
synthetic_imbalanced,QWEN,off,hidden,full,10,0.5470207694926796,0.06073089466695581,5,0.16550696225434408,0.19519937765367232,5,0.5492986152254531,0.08777497722287403,5,0.8426187852500199,0.02346369977742482,5,,,0
synthetic_imbalanced,QWEN,off,hidden,full,20,0.6023493360572012,0.12401639011805159,5,0.1923781050957402,0.2118930276306875,5,0.5765123128921716,0.11482360429460682,5,0.8340015788213068,0.04287932582446259,5,,,0
synthetic_imbalanced,QWEN,off,hidden,full,50,0.5337248893428669,0.05435817754787477,5,0.1010034269513358,0.17166969163279663,5,0.5336803460236441,0.07809707956199385,5,0.8334203954269528,0.027530074571547197,5,,,0
synthetic_imbalanced,QWEN,off,hidden,full,100,0.5647727272727272,0.0985249044415927,5,0.18286281524780607,0.23294788752291803,5,0.5628001136147808,0.12039345539903455,5,0.8483922618260762,0.03362710081846628,5,,,0
synthetic_imbalanced,REALTABPFN-V2,off,hidden,full,10,0.5071969696969697,0.019425577886300102,5,0.047010409204929694,0.12688734341367439,5,0.4839643275187705,0.035580140109065246,5,0.8302761989320186,0.011690986811517543,5,0.748596569628873,0.054033374237265744,5
synthetic_imbalanced,REALTABPFN-V2,off,hidden,full,20,0.5704545454545454,0.13545573180959697,5,0.17867552963760597,0.2740227404607792,5,0.5530374112977368,0.1479464230313557,5,0.8505114930496657,0.04005801383405211,5,0.8816372999659515,0.09111000773129672,5
synthetic_imbalanced,REALTABPFN-V2,off,hidden,full,50,0.5973484848484849,0.11907442634027036,5,0.2758604160397861,0.2774520883333237,5,0.5989373696976952,0.14665855562506128,5,0.8618694796076524,0.043011850595648625,5,0.8753426115083418,0.06574466041234009,5
synthetic_imbalanced,REALTABPFN-V2,off,hidden,full,100,0.7481060606060607,0.14076442557622765,5,0.6484380106913828,0.22181605378812452,5,0.7943070542052043,0.1369392301378223,5,0.9250112590235249,0.04737518170073524,5,0.9078332482124616,0.05948847016662947,5
synthetic_imbalanced,RF,off,hidden,full,10,0.5083333333333333,0.018633899812498238,5,0.05443310539518174,0.12171612389003691,5,0.48453322045312025,0.03522690924041228,5,0.8312774504964743,0.01063128345581255,5,0.7683116275110657,0.08400507502019312,5
synthetic_imbalanced,RF,off,hidden,full,20,0.6128787878787879,0.12683456322278847,5,0.34640533254070477,0.24863487866796696,5,0.6222401874847867,0.14173996566564226,5,0.8706517316098858,0.039563564358098324,5,0.8405079588014981,0.09976661924072859,5
synthetic_imbalanced,RF,off,hidden,full,50,0.6238636363636363,0.07151471012960862,5,0.43290831588820844,0.10441634638867824,5,0.6585034738342701,0.08064769384700576,5,0.8804097627726094,0.023729876087345475,5,0.8521844143684032,0.08020666790814521,5
synthetic_imbalanced,RF,off,hidden,full,100,0.5905303030303031,0.05729597091269406,5,0.350955176384008,0.1596184893356987,5,0.6197005115660044,0.08158004250069492,5,0.867977613606232,0.028226977017324215,5,0.8587057371467484,0.09539444159532026,5
synthetic_linear,DUMMY,off,hidden,full,10,0.5,0.0,5,0.0,0.0,5,0.3366391184573002,0.003017755137769481,5,0.34172176308539937,0.0076575536620901,5,0.5,0.0,5
synthetic_linear,DUMMY,off,hidden,full,20,0.5,0.0,5,0.0,0.0,5,0.3366391184573002,0.003017755137769481,5,0.34172176308539937,0.0076575536620901,5,0.5,0.0,5
synthetic_linear,DUMMY,off,hidden,full,50,0.5,0.0,5,0.0,0.0,5,0.3366391184573002,0.003017755137769481,5,0.34172176308539937,0.0076575536620901,5,0.5,0.0,5
synthetic_linear,DUMMY,off,hidden,full,100,0.5,0.0,5,0.0,0.0,5,0.3366391184573002,0.003017755137769481,5,0.34172176308539937,0.0076575536620901,5,0.5,0.0,5
synthetic_linear,GEMMA,off,hidden,full,10,0.6135506566604128,0.09157131770333167,5,0.24139367941226347,0.18428232362949418,5,0.5932818472371222,0.11299359860741322,5,0.5943523432878274,0.11087765944161097,5,,,0
synthetic_linear,GEMMA,off,hidden,full,20,0.6750781738586616,0.07652451382542108,5,0.389330806233044,0.13036169792850721,5,0.6550943120050214,0.09108684923363819,5,0.6560804751113876,0.09067131675582445,5,,,0
synthetic_linear,GEMMA,off,hidden,full,50,0.700697310819262,0.03257350824810184,5,0.41452066558443257,0.06636364472542067,5,0.6971115435742584,0.03343065484771949,5,0.6977433079474769,0.03328702640473181,5,,,0
synthetic_linear,GEMMA,off,hidden,full,100,0.7331425891181989,0.03922592920643552,5,0.4797731378483815,0.07547805043843464,5,0.730372692262488,0.04073663046351761,5,0.7309991940800733,0.04020833767390844,5,,,0
synthetic_linear,LOCAL-GEMMA-3-27B,off,hidden,full,10,0.6099953095684804,0.12754965500800441,5,0.2384418553877971,0.25781464136734644,5,0.5935319030240012,0.13331689609965944,5,0.5947966349170137,0.1327938237884507,5,,,0
synthetic_linear,LOCAL-GEMMA-3-27B,off,hidden,full,20,0.5982207629768606,0.029300763905822206,5,0.23260652874978488,0.08815150744136956,5,0.5751942235162604,0.02621256312104553,5,0.5760853351043029,0.025390327475389097,5,,,0
synthetic_linear,LOCAL-GEMMA-3-27B,off,hidden,full,50,0.6155393996247656,0.06460157571610224,5,0.2741151278421514,0.1528099440590994,5,0.5826775064635122,0.08378476308301665,5,0.5847779032452081,0.08223863614035158,5,,,0
synthetic_linear,LOCAL-GEMMA-3-27B,off,hidden,full,100,0.6297326454033771,0.03587945140485908,5,0.27584311162574254,0.07938105101382814,5,0.6214963266592736,0.035175371524394664,5,0.6226471084821865,0.03490375454093468,5,,,0
synthetic_linear,LOCAL-LLAMA-3.1-8B,off,hidden,full,10,0.5003173858661663,0.03215364437209095,5,0.04367857297954463,0.11639934050910736,5,0.3854800246012884,0.04616106648816397,5,0.39011310580516717,0.04437934882623613,5,,,0
synthetic_linear,LOCAL-LLAMA-3.1-8B,off,hidden,full,20,0.5675234521575986,0.058063692749919314,5,0.16997180258307498,0.11098643521106533,5,0.49426014140005775,0.1282439651979636,5,0.49471229162959246,0.12635206406365146,5,,,0
synthetic_linear,LOCAL-LLAMA-3.1-8B,off,hidden,full,50,0.541213258286429,0.05819681273521379,5,0.08744246490939397,0.130367988998083,5,0.4559998346079851,0.12847517018044993,5,0.4581841861962316,0.12793855289506983,5,,,0
synthetic_linear,LOCAL-LLAMA-3.1-8B,off,hidden,full,100,0.572946633312487,0.03350563440153971,3,0.22063997577287808,0.01609081973172853,3,0.5025580257783647,0.08226182227811862,3,0.5041638234646709,0.07773957421584306,3,,,0
synthetic_linear,LOCAL-MISTRAL-7B-FP16,off,hidden,full,10,0.5484615384615384,0.05766222685405059,5,0.10173783021678498,0.12540141039697186,5,0.5338310466470582,0.0658493343288894,5,0.5346350537493286,0.06596487927300541,5,,,0
synthetic_linear,LOCAL-MISTRAL-7B-FP16,off,hidden,full,20,0.5802194079633104,0.030013218131183232,3,0.1906018931501964,0.04145019489777442,3,0.5446187338724652,0.05842220907862691,3,0.5462811105348419,0.055902714471301705,3,,,0
synthetic_linear,LOCAL-MISTRAL-7B-FP16,off,hidden,full,50,0.5326590838023765,0.037612828928530254,4,0.10014336528793012,0.1114256118914516,4,0.4583138269024491,0.03865499709720064,4,0.45582602434860886,0.04104531172882396,4,,,0
synthetic_linear,LOCAL-MISTRAL-7B-FP16,off,hidden,full,100,0.5175109443402126,,1,0.0382000701790505,,1,0.4947368421052631,,1,0.4923684210526316,,1,,,0
synthetic_linear,LOCAL-MISTRAL-SMALL-3.1-24B-FP16,off,hidden,full,10,0.6516338336460288,0.036625463105690495,4,0.3187435562383931,0.07251352036349311,4,0.6435006121446439,0.03830944159476988,4,0.6442558827237721,0.03688734492296915,4,,,0
synthetic_linear,LOCAL-MISTRAL-SMALL-3.1-24B-FP16,off,hidden,full,20,0.6609490306441526,0.07411218806905075,5,0.3462633540265222,0.1351854745439909,5,0.6439165114863634,0.08721874095927994,5,0.6435857295032641,0.08754469119196233,5,,,0
synthetic_linear,LOCAL-MISTRAL-SMALL-3.1-24B-FP16,off,hidden,full,50,0.6408536585365854,0.05909349729093646,5,0.31012103974160554,0.10709524513737788,5,0.6226576893546698,0.07364406269882143,5,0.6245035893131655,0.07213370680538114,5,,,0
synthetic_linear,LOCAL-MISTRAL-SMALL-3.1-24B-FP16,off,hidden,full,100,0.59291588492808,0.05052336884155808,5,0.1954229181016379,0.09648185644569304,5,0.5794025411639174,0.06335830404266526,5,0.5804867779655631,0.062217238183158066,5,,,0
synthetic_linear,LOCAL-QWEN3-30B-A3B,off,hidden,full,10,0.5508302063789869,0.06571114754904656,5,0.11751133471482209,0.14584910044529079,5,0.5289651558495209,0.06380341546465931,5,0.5275022936032046,0.06377101540780343,5,,,0
synthetic_linear,LOCAL-QWEN3-30B-A3B,off,hidden,full,20,0.5675078173858662,0.10525368401200037,5,0.14499234172534925,0.22708766966480143,5,0.5549267930040408,0.10967747489255321,5,0.5547592107278341,0.1110995284435704,5,,,0
synthetic_linear,LOCAL-QWEN3-30B-A3B,off,hidden,full,50,0.5325156347717324,0.018571584775850622,5,0.07386926153409094,0.04408286527842238,5,0.5090968901160677,0.01837735173242282,5,0.5079351893818872,0.019343238956102883,5,,,0
synthetic_linear,LOCAL-QWEN3-30B-A3B,off,hidden,full,100,0.5562101313320825,0.0346883184217208,5,0.12608588641681986,0.08289166629170532,5,0.5415803117864539,0.033201301305521735,5,0.5411545561804914,0.03268842372945468,5,,,0
synthetic_linear,LOCAL-QWEN3-32B-FP8,off,hidden,full,10,0.588048780487805,0.08357068023592955,5,0.1976531484178261,0.18545000493076869,5,0.5595783684424658,0.09645301251576892,5,0.5594902260799827,0.09627735774015322,5,,,0
synthetic_linear,LOCAL-QWEN3-32B-FP8,off,hidden,full,20,0.6555487804878048,0.03747999506296923,5,0.327968895878461,0.07183218265265663,5,0.6459131139366124,0.04516389114167469,5,0.6457483660661211,0.04580133746431385,5,,,0
synthetic_linear,LOCAL-QWEN3-32B-FP8,off,hidden,full,50,0.651621325828643,0.052336065956872145,5,0.308705297360396,0.10160381883283405,5,0.6477356826808928,0.05553169855210775,5,0.6481845220571152,0.05502516594817534,5,,,0
synthetic_linear,LOCAL-QWEN3-32B-FP8,off,hidden,full,100,0.6256644777986241,0.052595294258988096,5,0.2602769267161712,0.1159107283559681,5,0.6211368777835399,0.047677290160444544,5,0.6210119813364201,0.047282240105278456,5,,,0
synthetic_linear,LOCAL-QWEN3-8B,off,hidden,full,10,0.5915353345841151,0.08416443309198748,5,0.21264640558078857,0.16029999784009177,5,0.5484297731431214,0.1169089399064432,5,0.549055199418176,0.11619439734371619,5,,,0
synthetic_linear,LOCAL-QWEN3-8B,off,hidden,full,20,0.5543277048155096,0.06543953310369736,5,0.11037174610201968,0.1664263736540114,5,0.47518348029066776,0.13104481906534832,5,0.4784684890397887,0.12952564727965876,5,,,0
synthetic_linear,LOCAL-QWEN3-8B,off,hidden,full,50,0.5382739212007505,0.04791316580510779,5,0.10902193873639758,0.10545896153265541,5,0.446117728004095,0.12047931075924456,5,0.44852112706536856,0.12032746008036205,5,,,0
synthetic_linear,LOCAL-QWEN3-8B,off,hidden,full,100,0.5468918073796123,0.041803658441142796,5,0.13345918919661132,0.10321452859452553,5,0.469193336421683,0.10143811913808098,5,0.4722972808691768,0.1012172400972255,5,,,0
synthetic_linear,QWEN,off,hidden,full,10,0.549229205753596,0.10578724267661767,5,0.13064990896690273,0.22579577576355403,5,0.5097998004358517,0.11706890083416435,5,0.5115935204528687,0.11668256919676583,5,,,0
synthetic_linear,QWEN,off,hidden,full,20,0.6152345215759849,0.03929094326333982,5,0.25035583783192855,0.07882694540704693,5,0.5980259281009321,0.052382121254724606,5,0.5979869446945123,0.05271340261304878,5,,,0
synthetic_linear,QWEN,off,hidden,full,50,0.6001657285803627,0.034206050025068484,5,0.2314767694546787,0.05281122404248839,5,0.5732457300813152,0.061248501250551486,5,0.5745393327601873,0.05918513988583366,5,,,0
synthetic_linear,QWEN,off,hidden,full,100,0.610864602876798,0.054377604708757625,5,0.2459500738164316,0.11474902989128309,5,0.591322762042066,0.07147020800548752,5,0.5920685584423429,0.07163132216344248,5,,,0
synthetic_linear,REALTABPFN-V2,off,hidden,full,10,0.5662773608505316,0.061401361663596436,5,0.1392187870535332,0.1279095280796792,5,0.5188225607263529,0.1210654652928297,5,0.5210847566148249,0.1183350524676149,5,0.6867257661038149,0.14450635429328876,5
synthetic_linear,REALTABPFN-V2,off,hidden,full,20,0.7312898686679175,0.06881603208869166,5,0.480785766129206,0.1393958976008953,5,0.7263956097887079,0.073276987668158,5,0.7267290552618727,0.07354370900622038,5,0.8416490775484678,0.10100764424736648,5
synthetic_linear,REALTABPFN-V2,off,hidden,full,50,0.8319496560350219,0.08128461362039706,5,0.6668320947838398,0.1634391451794079,5,0.8320393792341925,0.0813036070624994,5,0.8321730840744375,0.08130409532499629,5,0.9107264696685429,0.05785054429928571,5
synthetic_linear,REALTABPFN-V2,off,hidden,full,100,0.8596419637273296,0.051830691909887844,5,0.723786830428528,0.10242426144968031,5,0.8594130289510196,0.05208871668314345,5,0.859501740057991,0.05208870481037399,5,0.9402931128830521,0.02590548148415295,5
synthetic_linear,RF,off,hidden,full,10,0.6165009380863039,0.0953130111904979,5,0.26390784594196415,0.201053928941652,5,0.5988550317086071,0.10438620677982222,5,0.6003232661998759,0.1041930105945891,5,0.7146729205753596,0.12141553904811853,5
synthetic_linear,RF,off,hidden,full,20,0.703719512195122,0.07060332329483399,5,0.4246621335670094,0.14138236074506538,5,0.6980063123379883,0.07371000319360409,5,0.6984403002931245,0.0738984566703315,5,0.8113261022514072,0.0822252156614103,5
synthetic_linear,RF,off,hidden,full,50,0.7847514071294559,0.07554294329379832,5,0.5722216465416083,0.14988338591352304,5,0.7841978993720652,0.07630718619138215,5,0.7842911619402504,0.07637477802608499,5,0.8685273608505316,0.0630712867917692,5
synthetic_linear,RF,off,hidden,full,100,0.8101203877423389,0.0471308934841179,5,0.6220851422857463,0.0931211172160651,5,0.8096421301674024,0.04809329096087257,5,0.8096428850666989,0.04826592597983956,5,0.8926522435897436,0.04472843428731112,5
synthetic_mixed,DUMMY,off,hidden,full,10,0.5,0.0,5,0.0,0.0,5,0.3863247863247863,0.0023406946901930238,5,0.4864413364413364,0.007766850562913208,5,0.5,0.0,5
synthetic_mixed,DUMMY,off,hidden,full,20,0.5,0.0,5,0.0,0.0,5,0.3863247863247863,0.0023406946901930238,5,0.4864413364413364,0.007766850562913208,5,0.5,0.0,5
synthetic_mixed,DUMMY,off,hidden,full,50,0.5,0.0,5,0.0,0.0,5,0.3863247863247863,0.0023406946901930238,5,0.4864413364413364,0.007766850562913208,5,0.5,0.0,5
synthetic_mixed,DUMMY,off,hidden,full,100,0.5,0.0,5,0.0,0.0,5,0.3863247863247863,0.0023406946901930238,5,0.4864413364413364,0.007766850562913208,5,0.5,0.0,5
synthetic_mixed,GEMMA,off,hidden,full,10,0.6864150432900433,0.06391785651743948,5,0.37175487201871776,0.12038497759897306,5,0.6835607404911132,0.06107345185859345,5,0.7041048473307636,0.05636546036486978,5,,,0
synthetic_mixed,GEMMA,off,hidden,full,20,0.7910227272727273,0.08778832270235887,5,0.6100865405522554,0.15428868422926542,5,0.7954081537618809,0.09082400051650102,5,0.8131032140486164,0.07965663388538731,5,,,0
synthetic_mixed,GEMMA,off,hidden,full,50,0.7705844155844156,0.09220455778273318,5,0.5517299749283282,0.1616295708258176,5,0.77002055834296,0.08511810689077763,5,0.7883538072430513,0.07456248393567436,5,,,0
synthetic_mixed,GEMMA,off,hidden,full,100,0.8474837662337663,0.05844726612915805,5,0.6997768594945887,0.0906991180965483,5,0.8445467601590367,0.044617009650811446,5,0.8555191114948526,0.038971057741157444,5,,,0
synthetic_mixed,LOCAL-GEMMA-3-27B,off,hidden,full,10,0.6455898268398268,0.07433593272056872,5,0.3012107895948006,0.1590022660199556,5,0.6429372708336306,0.08068347543885307,5,0.6665407989094696,0.07946941687286233,5,,,0
synthetic_mixed,LOCAL-GEMMA-3-27B,off,hidden,full,20,0.7391341991341991,0.06828839941919333,5,0.501258240126915,0.14930929675731,5,0.7425845437297698,0.07111667118407666,5,0.7618094626230973,0.06829932134865431,5,,,0
synthetic_mixed,LOCAL-GEMMA-3-27B,off,hidden,full,50,0.7569372294372294,0.0697666364330614,5,0.5363473685114833,0.11632384102005063,5,0.7581116937110108,0.06023706701130353,5,0.7779375806310341,0.05113315704236569,5,,,0
synthetic_mixed,LOCAL-GEMMA-3-27B,off,hidden,full,100,0.8091477272727273,0.09465405374170137,5,0.6321117688652652,0.17419821013317419,5,0.8089369926041924,0.09120929517090938,5,0.8236852287991994,0.08167140470201463,5,,,0
synthetic_mixed,LOCAL-LLAMA-3.1-8B,off,hidden,full,10,0.5070707070707071,0.007626095389162365,3,0.05926136487915814,0.07131531258251073,3,0.405724916410809,0.014809164926262136,3,0.5004384079134206,0.005637589070304678,3,,,0
synthetic_mixed,LOCAL-LLAMA-3.1-8B,off,hidden,full,20,0.6326055194805195,0.08886841803901338,5,0.371918109253064,0.1810923632070591,5,0.6113063456559926,0.1274091519147619,5,0.663603361458453,0.10511526863703304,5,,,0
synthetic_mixed,LOCAL-LLAMA-3.1-8B,off,hidden,full,50,0.6206818181818182,0.1188289535470341,5,0.2957839261705564,0.23951684402463214,5,0.5904016339739832,0.15308675770442376,5,0.640107514576551,0.12399923109253255,5,,,0
synthetic_mixed,LOCAL-LLAMA-3.1-8B,off,hidden,full,100,0.653837481962482,0.07586428633279708,3,0.3806925803469238,0.10411463500371476,3,0.6431740434478926,0.1051606215393183,3,0.6828054877685369,0.08272802311146228,3,,,0
synthetic_mixed,LOCAL-MISTRAL-7B-FP16,off,hidden,full,10,0.6581899350649351,0.08590958794489192,5,0.3528929749226581,0.14507955049446547,5,0.6522917648278366,0.09359773984234546,5,0.6889752160859908,0.07579698910064195,5,,,0
synthetic_mixed,LOCAL-MISTRAL-7B-FP16,off,hidden,full,20,0.6359902597402597,0.09793795864728472,5,0.29443163954977664,0.2004183132419785,5,0.6359060564025351,0.10470350852058158,5,0.6704079541155188,0.09363061973077122,5,,,0
synthetic_mixed,LOCAL-MISTRAL-7B-FP16,off,hidden,full,50,0.6434659090909091,0.05893927402173846,5,0.33847104051580257,0.13297352161410145,5,0.6451235744267707,0.06792570409177799,5,0.6843427751339997,0.055887362655351235,5,,,0
synthetic_mixed,LOCAL-MISTRAL-7B-FP16,off,hidden,full,100,0.6072564935064936,0.0868043260908791,5,0.25602486778548444,0.17353602951704442,5,0.5744808655518463,0.13352265976472985,5,0.6280598578963887,0.10364171558624027,5,,,0
synthetic_mixed,LOCAL-MISTRAL-SMALL-3.1-24B-FP16,off,hidden,full,10,0.6731195887445888,0.02969892305353217,5,0.36238093031404006,0.0817218535237849,5,0.6713710734838114,0.03765081006035291,5,0.6936253633802915,0.0432648256126979,5,,,0
synthetic_mixed,LOCAL-MISTRAL-SMALL-3.1-24B-FP16,off,hidden,full,20,0.7549215367965367,0.08008680883062282,5,0.5197558038680309,0.14943948161709847,5,0.7560991474088545,0.07946141574519133,5,0.7751708231985581,0.07003235971160823,5,,,0
synthetic_mixed,LOCAL-MISTRAL-SMALL-3.1-24B-FP16,off,hidden,full,50,0.7750459956709956,0.07920143388459487,5,0.5597613691460464,0.13152546239725668,5,0.7716588752240902,0.07310567254238746,5,0.7886922313498587,0.06340899692903701,5,,,0
synthetic_mixed,LOCAL-MISTRAL-SMALL-3.1-24B-FP16,off,hidden,full,100,0.8164556277056277,0.08436016242468736,5,0.6299452573332034,0.15742701829725642,5,0.8107011430106572,0.08131119971869483,5,0.8226186653710243,0.0758362090572118,5,,,0
synthetic_mixed,LOCAL-QWEN3-30B-A3B,off,hidden,full,10,0.6068127705627706,0.030871700600526585,5,0.25459182218707277,0.08250119944343698,5,0.6013482329488864,0.037957953834167765,5,0.6413941103550238,0.03200587297511993,5,,,0
synthetic_mixed,LOCAL-QWEN3-30B-A3B,off,hidden,full,20,0.631271645021645,0.07368680667349176,5,0.344961748844799,0.1597112847141479,5,0.6231767461310767,0.091625078860001,5,0.6693113155736719,0.07715189213526402,5,,,0
synthetic_mixed,LOCAL-QWEN3-30B-A3B,off,hidden,full,50,0.5970806277056278,0.03812279651351898,5,0.2651742835986871,0.08770260059214866,5,0.5805105894445896,0.055402757938261785,5,0.6316003128428406,0.044039572974993724,5,,,0
synthetic_mixed,LOCAL-QWEN3-30B-A3B,off,hidden,full,100,0.6568885281385282,0.06761015977543139,5,0.36684516127257244,0.12954680604036745,5,0.6549736883211019,0.08088507009480583,5,0.6934972916706934,0.06360422088080203,5,,,0
synthetic_mixed,LOCAL-QWEN3-32B-FP8,off,hidden,full,10,0.6745265151515152,0.08292432556305314,5,0.3513203107474875,0.17533362046122994,5,0.664500736507714,0.09075577513752388,5,0.6803483992200452,0.0898350404494993,5,,,0
synthetic_mixed,LOCAL-QWEN3-32B-FP8,off,hidden,full,20,0.7410443722943723,0.11768436163049376,5,0.4855550800444485,0.2282485771672724,5,0.73585411320144,0.1145061225160134,5,0.7549621707119976,0.10211008101907623,5,,,0
synthetic_mixed,LOCAL-QWEN3-32B-FP8,off,hidden,full,50,0.7212148268398269,0.052387822911056384,5,0.4503953697357801,0.09888804474329538,5,0.722135239311128,0.0503092918829618,5,0.7426047537562497,0.04514903601375488,5,,,0
synthetic_mixed,LOCAL-QWEN3-32B-FP8,off,hidden,full,100,0.7810876623376624,0.0842360910098233,5,0.5597521236025911,0.15814028740593325,5,0.7728154334738833,0.0804558440425621,5,0.7863637799661835,0.074578720899429,5,,,0
synthetic_mixed,LOCAL-QWEN3-8B,off,hidden,full,10,0.6418290043290044,0.05766832992533201,5,0.30075587130112813,0.10479366847744277,5,0.636101361203732,0.0592492735830727,5,0.6654376886662083,0.04981508746071432,5,,,0
synthetic_mixed,LOCAL-QWEN3-8B,off,hidden,full,20,0.7042775974025974,0.09583867473674759,5,0.4658118006631419,0.18008182691305277,5,0.7008291954988775,0.09343051909268468,5,0.7305146972797054,0.07851164448152438,5,,,0
synthetic_mixed,LOCAL-QWEN3-8B,off,hidden,full,50,0.6884307359307359,0.04562965763601589,5,0.382814596539169,0.0912724968632875,5,0.6736093859725727,0.0406645933682944,5,0.6893763714942194,0.042677234102233695,5,,,0
synthetic_mixed,LOCAL-QWEN3-8B,off,hidden,full,100,0.6867072510822511,0.025685787953247302,5,0.4139038193514072,0.06113685148201718,5,0.691408585131077,0.028541290065568905,5,0.7195794558754828,0.026756513857225057,5,,,0
synthetic_mixed,QWEN,off,hidden,full,10,0.6346185064935065,0.04550193365704213,5,0.3166766498387983,0.09671845947398117,5,0.6300440025740652,0.04173206595339298,5,0.6663791956236234,0.03521821897195957,5,,,0
synthetic_mixed,QWEN,off,hidden,full,20,0.7369967532467532,0.09811113138171207,5,0.48311737768180285,0.19911593853225143,5,0.7397236493355965,0.09987527250842615,5,0.757732206293222,0.09648863615348714,5,,,0
synthetic_mixed,QWEN,off,hidden,full,50,0.7206087662337662,0.05896418507565518,5,0.46059212408499184,0.11684606247289823,5,0.7242666142552758,0.058389418470166564,5,0.7465739627851448,0.052699102727115074,5,,,0
synthetic_mixed,QWEN,off,hidden,full,100,0.7595238095238095,0.08241330943650874,5,0.5103079183202917,0.1569013927933649,5,0.7510920905569223,0.07897812255835308,5,0.7651371266028776,0.07342494613016723,5,,,0
synthetic_mixed,REALTABPFN-V2,off,hidden,full,10,0.5497564935064935,0.029933647039099207,5,0.14982865831706968,0.10598713272541932,5,0.5100928922909207,0.07171933345208814,5,0.575455306568901,0.047850005974947915,5,0.6752891024695001,0.05451081929216106,5
synthetic_mixed,REALTABPFN-V2,off,hidden,full,20,0.6175189393939393,0.10376290550576867,5,0.280849058749728,0.245309195590759,5,0.5945855045620086,0.1515629307553487,5,0.6441293968052175,0.12505338030470312,5,0.7403306400039356,0.08801865515840006,5
synthetic_mixed,REALTABPFN-V2,off,hidden,full,50,0.7604410173160173,0.055271799215879214,5,0.57218270723953,0.09349563189505374,5,0.7699942991086948,0.05400609763187696,5,0.791861448445627,0.0465200045524194,5,0.8419868531090122,0.0781677932810345,5
synthetic_mixed,REALTABPFN-V2,off,hidden,full,100,0.8670048701298703,0.09325662205582652,5,0.7554301604772251,0.16600467801112256,5,0.8726643342343182,0.08559643778970186,5,0.883457553428566,0.07725781963430806,5,0.9298632428177882,0.052412970354819975,5
synthetic_mixed,RF,off,hidden,full,10,0.5867207792207791,0.014821329419077628,5,0.22352365676263983,0.049223200506909155,5,0.5775715947401159,0.013838530315034842,5,0.626690709524331,0.013596958787365346,5,0.6748896841794569,0.04827231575954371,5
synthetic_mixed,RF,off,hidden,full,20,0.6409604978354978,0.08549142030805205,5,0.32042848192732726,0.15008545481345317,5,0.6270087035387241,0.09993236771135827,5,0.6625287714407968,0.08357191548686856,5,0.7303315623770169,0.06996593857339144,5
synthetic_mixed,RF,off,hidden,full,50,0.7448782467532468,0.10871726047020065,5,0.5081283524521291,0.2042638951637487,5,0.7464488953597865,0.10804794255724612,5,0.7677754005221439,0.09697244622454744,5,0.8313929063360881,0.10033192545676546,5
synthetic_mixed,RF,off,hidden,full,100,0.8329383116883117,0.09089425575251484,5,0.6844460360194349,0.15549217539528215,5,0.837143296787621,0.08166143889072655,5,0.8507452819134652,0.07362701343714795,5,0.9028906864915388,0.05944534228342225,5
synthetic_mlp,DUMMY,off,hidden,full,10,0.5,0.0,5,0.0,0.0,5,0.33598233995584986,0.0024182011368881506,5,0.3400353200883001,0.006118048876327063,5,0.5,0.0,5
synthetic_mlp,DUMMY,off,hidden,full,20,0.5,0.0,5,0.0,0.0,5,0.33598233995584986,0.0024182011368881506,5,0.3400353200883001,0.006118048876327063,5,0.5,0.0,5
synthetic_mlp,DUMMY,off,hidden,full,50,0.5,0.0,5,0.0,0.0,5,0.33598233995584986,0.0024182011368881506,5,0.3400353200883001,0.006118048876327063,5,0.5,0.0,5
synthetic_mlp,DUMMY,off,hidden,full,100,0.5,0.0,5,0.0,0.0,5,0.33598233995584986,0.0024182011368881506,5,0.3400353200883001,0.006118048876327063,5,0.5,0.0,5
synthetic_mlp,GEMMA,off,hidden,full,10,0.6072765106042417,0.07756698106397626,5,0.21684804833927998,0.15725087864303763,5,0.606490213564565,0.0770330538753899,5,0.6067892697263358,0.07728998624931682,5,,,0
synthetic_mlp,GEMMA,off,hidden,full,20,0.6796830732292918,0.0688919463220367,5,0.36587890403334933,0.13275577031596872,5,0.6750827297390536,0.07488703755239912,5,0.6752350194844867,0.07487852296068329,5,,,0
synthetic_mlp,GEMMA,off,hidden,full,50,0.7001272509003601,0.04534275155237338,5,0.40762784058327817,0.08678923050404341,5,0.6966114757638222,0.04725117254521743,5,0.6966671349247141,0.04684880220413483,5,,,0
synthetic_mlp,GEMMA,off,hidden,full,100,0.6782793117246898,0.030364890939325772,5,0.3685736026097023,0.05569458111375403,5,0.6721971585830375,0.03563809819262043,5,0.6721303641807153,0.036006713410471326,5,,,0
synthetic_mlp,LOCAL-GEMMA-3-27B,off,hidden,full,10,0.5228163265306123,0.08604226372890647,5,0.045007903180116236,0.17507200603842785,5,0.5169634996627974,0.09021672713360969,5,0.5175915318614732,0.09015949286733078,5,,,0
synthetic_mlp,LOCAL-GEMMA-3-27B,off,hidden,full,20,0.5262472989195678,0.045765196106071666,5,0.05452826517009056,0.09688175873731526,5,0.5152603126842116,0.04729429210613989,5,0.5152942879376322,0.046099138249709,5,,,0
synthetic_mlp,LOCAL-GEMMA-3-27B,off,hidden,full,50,0.5795798319327731,0.054501292878956886,5,0.16634701080037922,0.11433530929946126,5,0.5700268793561012,0.055420345177563675,5,0.5694073476431649,0.05557445210924963,5,,,0
synthetic_mlp,LOCAL-GEMMA-3-27B,off,hidden,full,100,0.5155566226490595,0.045459812645868965,5,0.036362936707425395,0.10628916349858103,5,0.4721250940245897,0.05503126304778292,5,0.47017952383514283,0.05671333848924745,5,,,0
synthetic_mlp,LOCAL-LLAMA-3.1-8B,off,hidden,full,10,0.5025510204081632,0.005102040816326545,4,0.025633591520188324,0.05126718304037665,4,0.3492214595072256,0.01607511353828557,4,0.3525102012290799,0.016345421455036875,4,,,0
synthetic_mlp,LOCAL-LLAMA-3.1-8B,off,hidden,full,20,0.505921568627451,0.005606155666448093,5,0.027205950970054182,0.030311757273221288,5,0.38249678359739436,0.06329390953949045,5,0.3812967176990306,0.06461841053553594,5,,,0
synthetic_mlp,LOCAL-LLAMA-3.1-8B,off,hidden,full,50,0.5,0.0,2,0.0,0.0,2,0.33109619686800895,0.0031637887301411215,2,0.3278076062639821,0.007814558163448544,2,,,0
synthetic_mlp,LOCAL-LLAMA-3.1-8B,off,hidden,full,100,0.5062691743364013,0.01476169504428862,3,0.04035362037918524,0.08637524680464775,3,0.36647453899231075,0.028458423675415376,3,0.3647512330584785,0.025523116362985866,3,,,0
synthetic_mlp,LOCAL-MISTRAL-7B-FP16,off,hidden,full,10,0.535250100040016,0.06844550773028688,5,0.10800803758877095,0.1621823137636605,5,0.4780405204390325,0.08647141956187746,5,0.47947029229278704,0.08680441722421897,5,,,0
synthetic_mlp,LOCAL-MISTRAL-7B-FP16,off,hidden,full,20,0.583327330932373,0.07541623464972011,2,0.17718292368943836,0.16034637935491547,2,0.5719791005107551,0.07914834502368161,2,0.572648798733161,0.08009544133250533,2,,,0
synthetic_mlp,LOCAL-MISTRAL-7B-FP16,off,hidden,full,50,0.4942096838735494,0.08352406318601734,3,-0.017292292290242067,0.18218624152296375,3,0.4653029218941862,0.0968829028388748,3,0.4647725075630064,0.09787739077121192,3,,,0
synthetic_mlp,LOCAL-MISTRAL-7B-FP16,off,hidden,full,100,0.5800000000000001,,1,0.2,,1,0.5384615384615385,,1,0.5384615384615384,,1,,,0
synthetic_mlp,LOCAL-MISTRAL-SMALL-3.1-24B-FP16,off,hidden,full,10,0.5921416566626652,0.029454489606096538,5,0.19734350521572433,0.06746452836418924,5,0.5814322027818936,0.028422350403965752,5,0.582257671002204,0.028620867946927978,5,,,0
synthetic_mlp,LOCAL-MISTRAL-SMALL-3.1-24B-FP16,off,hidden,full,20,0.6360768307322929,0.027567411865527348,5,0.2853050785348796,0.05286992443835302,5,0.6273924245918714,0.032358691424518395,5,0.627433355898435,0.032219921425309675,5,,,0
synthetic_mlp,LOCAL-MISTRAL-SMALL-3.1-24B-FP16,off,hidden,full,50,0.6253101240496198,0.0494426150057958,5,0.26450921553727136,0.09308823689785377,5,0.6113788855170522,0.061438474812624815,5,0.6108911309171057,0.06180301723826884,5,,,0
synthetic_mlp,LOCAL-MISTRAL-SMALL-3.1-24B-FP16,off,hidden,full,100,0.6271076430572229,0.08125050541775954,5,0.2605036352170378,0.1597241569835713,5,0.6190716260863319,0.08727676629800066,5,0.6186677799324858,0.08751042835051082,5,,,0
synthetic_mlp,LOCAL-QWEN3-30B-A3B,off,hidden,full,10,0.5333813525410165,0.08346839770845653,5,0.0587677894505676,0.18691263234847547,5,0.5129246074625404,0.10900202534860129,5,0.5132651335786428,0.10915160958677289,5,,,0
synthetic_mlp,LOCAL-QWEN3-30B-A3B,off,hidden,full,20,0.4916430572228892,0.03587744996487569,5,-0.03130359841014472,0.10140201265465693,5,0.4081039831039831,0.07498574628246235,5,0.4107760914760915,0.07461432103250121,5,,,0
synthetic_mlp,LOCAL-QWEN3-30B-A3B,off,hidden,full,50,0.5473397358943577,0.08028993505228889,5,0.09758624812832914,0.19860004749259622,5,0.4734686218773592,0.13705374172062745,5,0.475000057272834,0.13657357031625436,5,,,0
synthetic_mlp,LOCAL-QWEN3-30B-A3B,off,hidden,full,100,0.6005034013605443,0.036887138711156134,5,0.22818860442577416,0.08901404016327158,5,0.5790275482579197,0.04972546766967675,5,0.5806301352015886,0.04871509308149989,5,,,0
synthetic_mlp,LOCAL-QWEN3-32B-FP8,off,hidden,full,10,0.5695822328931572,0.054591810123346504,5,0.1510773084318833,0.1148371221108735,5,0.5513019709668697,0.06182706491920437,5,0.5515950666254806,0.061543016482458246,5,,,0
synthetic_mlp,LOCAL-QWEN3-32B-FP8,off,hidden,full,20,0.5707090836334534,0.08845863154496078,5,0.14328132786213746,0.18451646739448122,5,0.5627117436213119,0.09464594634562905,5,0.5625258803111464,0.09436313968518431,5,,,0
synthetic_mlp,LOCAL-QWEN3-32B-FP8,off,hidden,full,50,0.6088675470188075,0.01952093503275229,5,0.2250235001013785,0.036398111987235145,5,0.6013294076688911,0.024063741954038907,5,0.6010421318731084,0.0240955705886698,5,,,0
synthetic_mlp,LOCAL-QWEN3-32B-FP8,off,hidden,full,100,0.5588011204481793,0.09685441167817227,5,0.12333917988114673,0.2008301949703563,5,0.5534891586640255,0.09471454614278227,5,0.5531563027164388,0.09492725056618372,5,,,0
synthetic_mlp,LOCAL-QWEN3-8B,off,hidden,full,10,0.5254117647058824,0.052006364048790735,5,0.06592410083946833,0.13049093630627093,5,0.4742344089586571,0.0777713175398264,5,0.4734951821438461,0.07842520488543907,5,,,0
synthetic_mlp,LOCAL-QWEN3-8B,off,hidden,full,20,0.4643513405362144,0.021246367291213795,5,-0.08612810649885366,0.033665261846689,5,0.41028675912282814,0.041017493379540026,5,0.41141983335371324,0.039234516390764126,5,,,0
synthetic_mlp,LOCAL-QWEN3-8B,off,hidden,full,50,0.5158463385354141,0.07052323402585649,5,0.0551162660462509,0.16226168912870398,5,0.4655631403272912,0.09052209598675334,5,0.46459799620743014,0.09123419658087809,5,,,0
synthetic_mlp,LOCAL-QWEN3-8B,off,hidden,full,100,0.5065538215286114,0.05361689913389895,5,0.02926228651700736,0.13947107537206763,5,0.45667578737775577,0.08235915397005741,5,0.4552367484247449,0.08345994500485862,5,,,0
synthetic_mlp,QWEN,off,hidden,full,10,0.5513709483793517,0.03199530654206384,5,0.11717516032114114,0.0782661480320513,5,0.5307294148881363,0.02727127862498622,5,0.5320375620406732,0.02693270698136463,5,,,0
synthetic_mlp,QWEN,off,hidden,full,20,0.590186474589836,0.08128540657145303,5,0.18334147651042743,0.16517928562889972,5,0.5860287272234659,0.08207003846803779,5,0.5860939415487827,0.08155807906325555,5,,,0
synthetic_mlp,QWEN,off,hidden,full,50,0.6289923969587836,0.054248066421873284,5,0.2865058535334535,0.13754407558200538,5,0.6159445526049636,0.049426202423708265,5,0.6163791963199995,0.04939003686937897,5,,,0
synthetic_mlp,QWEN,off,hidden,full,100,0.5862529011604642,0.07776363669353516,5,0.19393935958851366,0.15429844348261113,5,0.5533336188724691,0.09880070176181768,5,0.5522167855778864,0.09998553686581496,5,,,0
synthetic_mlp,REALTABPFN-V2,off,hidden,full,10,0.6469235694277711,0.05616205772506963,5,0.332372480885203,0.10992149796674647,5,0.6242190147579894,0.07755272979727759,5,0.6246244460833899,0.07785068649118645,5,0.7774325730292116,0.06780211262227599,5
synthetic_mlp,REALTABPFN-V2,off,hidden,full,20,0.722172869147659,0.05363941216008672,5,0.45370099815339937,0.10939864591643608,5,0.7193059052847991,0.05446768116155018,5,0.7192674594198476,0.05466470916265203,5,0.8156738695478192,0.05041900573347258,5
synthetic_mlp,REALTABPFN-V2,off,hidden,full,50,0.7717478991596639,0.02877757609328523,5,0.5445819138520449,0.05654358457291753,5,0.7716274285674357,0.02893175405764881,5,0.7717289946349803,0.028906972464948874,5,0.8635689155662265,0.02637628513479834,5
synthetic_mlp,REALTABPFN-V2,off,hidden,full,100,0.8236382553021209,0.030163161483470757,5,0.6500990858422419,0.06117634574714789,5,0.8235478681102244,0.030404204229203195,5,0.8236377352895328,0.03044770817809936,5,0.9015365346138455,0.01730225723206551,5
synthetic_mlp,RF,off,hidden,full,10,0.6346018407362946,0.0786271576160237,5,0.2787655033041053,0.15790170851476237,5,0.6270315164651669,0.08452528834835916,5,0.6275968317654612,0.08447158693119873,5,0.7074998639455783,0.07199870842055443,5
synthetic_mlp,RF,off,hidden,full,20,0.6853709483793518,0.0558047709331337,5,0.3814039618805145,0.11091335473560933,5,0.6807344948406004,0.0596164382196055,5,0.6809364641178551,0.05990687493772813,5,0.7428193837535014,0.02796741107012013,5
synthetic_mlp,RF,off,hidden,full,50,0.7277334933973589,0.019337417344048747,5,0.4560461617641162,0.03860927824712178,5,0.727701610611706,0.019316856435112783,5,0.7278238915556177,0.01927226388174887,5,0.8065930852340937,0.027090558595521688,5
synthetic_mlp,RF,off,hidden,full,100,0.7620648259303722,0.04046099904871881,5,0.5272789995183707,0.08189974294411355,5,0.7613122493774505,0.040710799224885616,5,0.7613258238650012,0.040821226475447885,5,0.8487647539015606,0.027235955692979916,5
synthetic_noisy,DUMMY,off,hidden,full,10,0.5,0.0,5,0.0,0.0,5,0.3397449220595182,0.002483767856424011,5,0.3496768225476302,0.006443350901843028,5,0.5,0.0,5
synthetic_noisy,DUMMY,off,hidden,full,20,0.5,0.0,5,0.0,0.0,5,0.3397449220595182,0.002483767856424011,5,0.3496768225476302,0.006443350901843028,5,0.5,0.0,5
synthetic_noisy,DUMMY,off,hidden,full,50,0.5,0.0,5,0.0,0.0,5,0.3397449220595182,0.002483767856424011,5,0.3496768225476302,0.006443350901843028,5,0.5,0.0,5
synthetic_noisy,DUMMY,off,hidden,full,100,0.5,0.0,5,0.0,0.0,5,0.3397449220595182,0.002483767856424011,5,0.3496768225476302,0.006443350901843028,5,0.5,0.0,5
synthetic_noisy,GEMMA,off,hidden,full,10,0.5487130208235005,0.07328316804054079,5,0.09897534627618736,0.1477564565149309,5,0.544993265064422,0.0739905919255966,5,0.5458480441743745,0.07365566301963349,5,,,0
synthetic_noisy,GEMMA,off,hidden,full,20,0.5986216843814306,0.03315454308418615,5,0.1997426522161045,0.06701987291575251,5,0.5955932924684951,0.0343135639339173,5,0.5954841530058456,0.035137197214376664,5,,,0
synthetic_noisy,GEMMA,off,hidden,full,50,0.6121886386376938,0.05562081603532723,5,0.23407307916001213,0.11165356058884299,5,0.5989134056340205,0.06640132143233622,5,0.597408641856544,0.06810461252413505,5,,,0
synthetic_noisy,GEMMA,off,hidden,full,100,0.5937363741056089,0.03894211618398422,5,0.19084448963146167,0.07560831584896373,5,0.5869755670584913,0.04675905636035954,5,0.5862350389242899,0.04815368135393426,5,,,0
synthetic_noisy,LOCAL-GEMMA-3-27B,off,hidden,full,10,0.5463611168796844,0.04945601092659132,5,0.09384219648656936,0.09961205950028774,5,0.5395042895267806,0.05527783936294534,5,0.5405052319771485,0.0547372326631992,5,,,0
synthetic_noisy,LOCAL-GEMMA-3-27B,off,hidden,full,20,0.5664647246502671,0.08048009239396846,5,0.13788643205392642,0.16224940188911424,5,0.551619994204442,0.092538781782577,5,0.5508173893782751,0.09395722896951046,5,,,0
synthetic_noisy,LOCAL-GEMMA-3-27B,off,hidden,full,50,0.5779630727406596,0.04827694543870543,5,0.16103174367578718,0.09727818509511343,5,0.5690680736647662,0.049580422108761665,5,0.5680456453985482,0.049618980632159755,5,,,0
synthetic_noisy,LOCAL-GEMMA-3-27B,off,hidden,full,100,0.5219954690479337,0.034317739757864014,5,0.04743830354383654,0.07188151242890894,5,0.5011361039275696,0.04188743025104601,5,0.4986787705765689,0.04306354420352374,5,,,0
synthetic_noisy,LOCAL-LLAMA-3.1-8B,off,hidden,full,10,0.5000868432479375,0.007369853370962141,5,0.0008551675634510009,0.07257282172097716,5,0.3434613971553036,0.010567137782653804,5,0.3532971130968001,0.010860683250873852,5,,,0
synthetic_noisy,LOCAL-LLAMA-3.1-8B,off,hidden,full,20,0.5186283297777946,0.024057690030592653,5,0.061192578988832055,0.07898098466901157,5,0.4100083026195701,0.050495402129611705,5,0.41462066302949624,0.041845072731075336,5,,,0
synthetic_noisy,LOCAL-LLAMA-3.1-8B,off,hidden,full,50,0.5049934867564047,0.00789987207931403,5,0.0273384521756191,0.04673678695965681,5,0.37449832012875345,0.06235492883545105,5,0.36882563545031677,0.06646052997056817,5,,,0
synthetic_noisy,LOCAL-LLAMA-3.1-8B,off,hidden,full,100,0.5159574468085106,0.009978710546488438,2,0.05477439136078505,0.029055721245640802,2,0.4167772372106737,0.03085708495226561,2,0.41652691778465767,0.03793067206442284,2,,,0
synthetic_noisy,LOCAL-MISTRAL-7B-FP16,off,hidden,full,10,0.5165870225981234,0.0676423977652085,5,0.03636182165174204,0.14311920144033338,5,0.486800196657155,0.07590440715510241,5,0.48614196292779593,0.07534752982596421,5,,,0
synthetic_noisy,LOCAL-MISTRAL-7B-FP16,off,hidden,full,20,0.5374295153769185,0.07020045526669946,5,0.07583001908278184,0.1591441724497825,5,0.4937883817181474,0.10570332271635167,5,0.49636755436418706,0.1040257283454738,5,,,0
synthetic_noisy,LOCAL-MISTRAL-7B-FP16,off,hidden,full,50,0.5717057146632936,0.05284546727740426,4,0.16755659997824837,0.11470611689316236,4,0.5426655024927038,0.06539655687495374,4,0.5432795899725705,0.06718255929698193,4,,,0
synthetic_noisy,LOCAL-MISTRAL-7B-FP16,off,hidden,full,100,0.5396584794880024,0.05683796442897634,4,0.0916102887581841,0.11439753007548915,4,0.4996136469889884,0.08311839617350333,4,0.5012691410429299,0.08022372093825014,4,,,0
synthetic_noisy,LOCAL-MISTRAL-SMALL-3.1-24B-FP16,off,hidden,full,10,0.5205309143083691,0.07580537246743244,5,0.03939819960929526,0.1548937074097377,5,0.5169785868333339,0.08041225260918697,5,0.5174298257694138,0.0798253665667383,5,,,0
synthetic_noisy,LOCAL-MISTRAL-SMALL-3.1-24B-FP16,off,hidden,full,20,0.6109178198568974,0.030519027647066366,5,0.22805512403689718,0.0624224799838487,5,0.604929429353315,0.0290749807761957,5,0.6050374589393723,0.02787509621052883,5,,,0
synthetic_noisy,LOCAL-MISTRAL-SMALL-3.1-24B-FP16,off,hidden,full,50,0.5825362004191131,0.04744516981469916,5,0.17422177470034067,0.09101722815754043,5,0.5678365379615414,0.059391280157748284,5,0.5674055434343325,0.06056440524266999,5,,,0
synthetic_noisy,LOCAL-MISTRAL-SMALL-3.1-24B-FP16,off,hidden,full,100,0.5638237459646208,0.071661574837425,5,0.12833340869688442,0.15209020478138777,5,0.5385664389974965,0.09729866187678816,5,0.536059554949188,0.09918871235333075,5,,,0
synthetic_noisy,LOCAL-QWEN3-30B-A3B,off,hidden,full,10,0.5288005437142479,0.0531478351081419,5,0.062434822724592484,0.11445042768450311,5,0.5169466907097042,0.05093901326882053,5,0.5174461357003478,0.049911365636972925,5,,,0
synthetic_noisy,LOCAL-QWEN3-30B-A3B,off,hidden,full,20,0.5409265041816912,0.02992004162276724,5,0.11277639330900961,0.09507892508652543,5,0.49920976200484396,0.05604770172080239,5,0.5030368145629416,0.05494585431696695,5,,,0
synthetic_noisy,LOCAL-QWEN3-30B-A3B,off,hidden,full,50,0.5157995808869338,0.03076605384412179,5,0.03708829027218198,0.07831120435910637,5,0.4831159165971246,0.040533143787463935,5,0.48718414818039574,0.03785298264446084,5,,,0
synthetic_noisy,LOCAL-QWEN3-30B-A3B,off,hidden,full,100,0.5328946364854915,0.043586104686047504,5,0.06394099522914498,0.09641074735461376,5,0.5145574216640012,0.06819459473479023,5,0.5171199781916539,0.0670895517411502,5,,,0
synthetic_noisy,LOCAL-QWEN3-32B-FP8,off,hidden,full,10,0.5226410164435802,0.03129744353396617,5,0.06094940957711059,0.08414361488288608,5,0.4818462466099375,0.03462895747681626,5,0.48105068032534276,0.03724283099584418,5,,,0
synthetic_noisy,LOCAL-QWEN3-32B-FP8,off,hidden,full,20,0.5804025373331572,0.02301903625707389,5,0.1640472477311607,0.04721614854010197,5,0.576786724309609,0.022618624518157528,5,0.5773961694652192,0.02212181894526725,5,,,0
synthetic_noisy,LOCAL-QWEN3-32B-FP8,off,hidden,full,50,0.5546258377541581,0.06738223795672732,5,0.10890829735259569,0.13808473983593303,5,0.5496305537996726,0.0721366552527091,5,0.5497839571314544,0.07111435065335539,5,,,0
synthetic_noisy,LOCAL-QWEN3-32B-FP8,off,hidden,full,100,0.5539191980214843,0.015622184229256538,5,0.11078168625622123,0.03538806981653096,5,0.5480458026643718,0.01057113351810144,5,0.5474732984589126,0.009845833001438244,5,,,0
synthetic_noisy,LOCAL-QWEN3-8B,off,hidden,full,10,0.5252115010666616,0.02797152197361089,5,0.053530630725813634,0.06820390785513548,5,0.48340239228695464,0.059761843483971414,5,0.4802710924718891,0.060890903529438815,5,,,0
synthetic_noisy,LOCAL-QWEN3-8B,off,hidden,full,20,0.5484403707829107,0.02575778314002629,5,0.11412880129292571,0.053238692320902066,5,0.5061827489413141,0.050075664026448585,5,0.5041894475030485,0.04963543899436536,5,,,0
synthetic_noisy,LOCAL-QWEN3-8B,off,hidden,full,50,0.5278862731031357,0.07199646664894493,5,0.06252555337659185,0.1631151328227268,5,0.47113923194510604,0.10051165972197053,5,0.4676147057564604,0.1016721715199356,5,,,0
synthetic_noisy,LOCAL-QWEN3-8B,off,hidden,full,100,0.5287914818101154,0.03027603209033528,5,0.05926616610834973,0.061502779827575536,5,0.48134067586877977,0.08374431873312316,5,0.47698521885297485,0.08842616693966858,5,,,0
synthetic_noisy,QWEN,off,hidden,full,10,0.5449749098529327,0.03481723423797913,5,0.09804337916727204,0.0768144838769788,5,0.5339738595492299,0.03036914967932579,5,0.5365150186184835,0.031203536692242507,5,,,0
synthetic_noisy,QWEN,off,hidden,full,20,0.6206240631312655,0.050523994375658667,5,0.25659569507832825,0.10109350340280875,5,0.6058681632907524,0.06076703086853679,5,0.6051966268039035,0.06224799044097626,5,,,0
synthetic_noisy,QWEN,off,hidden,full,50,0.5629991882044214,0.05244107831693596,5,0.13910153408382836,0.11569063231760346,5,0.5441551099204889,0.05307511326569746,5,0.5431800658223805,0.053488946335152686,5,,,0
synthetic_noisy,QWEN,off,hidden,full,100,0.5692906794540203,0.06350142279326382,5,0.15534761621004622,0.14444306040537416,5,0.5411356170063626,0.0796667072766856,5,0.5389351092235641,0.08230606890546253,5,,,0
synthetic_noisy,REALTABPFN-V2,off,hidden,full,10,0.5261737242538088,0.09902154571786463,5,0.09026316486618371,0.22853189855985778,5,0.48885057144837524,0.08208126101007875,5,0.4925464257410136,0.08322363119714489,5,0.5949953180161981,0.1478274360766481,5
synthetic_noisy,REALTABPFN-V2,off,hidden,full,20,0.6183840737034869,0.04087471606169602,5,0.2556952321248275,0.08288410073834108,5,0.6062107093215954,0.0460428230147939,5,0.6082595670785559,0.045458248323946356,5,0.6643787309558421,0.05322320093228434,5
synthetic_noisy,REALTABPFN-V2,off,hidden,full,50,0.638498480243161,0.046337790540207174,5,0.2819565655181609,0.09214557654338444,5,0.6341713176190276,0.04736921196711631,5,0.6340312021306926,0.04733964448398829,5,0.6988413034038776,0.04341861023743534,5
synthetic_noisy,REALTABPFN-V2,off,hidden,full,100,0.6489515376918575,0.04159343945377504,5,0.29968912769018896,0.08271415145595043,5,0.6469191237097804,0.04336723622721824,5,0.6467196158518245,0.04385377179400421,5,0.6815867771715532,0.03297160387052653,5
synthetic_noisy,RF,off,hidden,full,10,0.5478765693141272,0.09164176020965202,5,0.10984049800059892,0.21071707815107113,5,0.521800348350167,0.1012290998956469,5,0.5249818683233596,0.1008798742270266,5,0.5775042194491118,0.11479642936014384,5
synthetic_noisy,RF,off,hidden,full,20,0.6024689912967962,0.041426864471512795,5,0.21198623635108477,0.09180329022847568,5,0.598822604826811,0.038343700411129215,5,0.5997358216631998,0.0381452612580686,5,0.6407091883932111,0.060557666564893566,5
synthetic_noisy,RF,off,hidden,full,50,0.6371992297381487,0.03589524766153154,5,0.2758628556792738,0.07065991348703497,5,0.6359105042377127,0.036861526932108916,5,0.636248028245746,0.036754790589432165,5,0.6908900488965244,0.013845358610481508,5
synthetic_noisy,RF,off,hidden,full,100,0.6232393664218694,0.02982862588736234,5,0.24791290851627887,0.059693705280244,5,0.6217123334861349,0.03067468300763842,5,0.6217961514492185,0.030926170178808946,5,0.664434329513489,0.01763538186616239,5
synthetic_parity3,DUMMY,off,hidden,full,10,0.5,0.0,5,0.0,0.0,5,0.3403624956430812,0.002386382700876471,5,0.35127500871383754,0.0061816857483504,5,0.5,0.0,5
synthetic_parity3,DUMMY,off,hidden,full,20,0.5,0.0,5,0.0,0.0,5,0.3403624956430812,0.002386382700876471,5,0.35127500871383754,0.0061816857483504,5,0.5,0.0,5
synthetic_parity3,DUMMY,off,hidden,full,50,0.5,0.0,5,0.0,0.0,5,0.3403624956430812,0.002386382700876471,5,0.35127500871383754,0.0061816857483504,5,0.5,0.0,5
synthetic_parity3,DUMMY,off,hidden,full,100,0.5,0.0,5,0.0,0.0,5,0.3403624956430812,0.002386382700876471,5,0.35127500871383754,0.0061816857483504,5,0.5,0.0,5
synthetic_parity3,GEMMA,off,hidden,full,10,0.5210743912949796,0.02806006347403137,5,0.0446828627680419,0.05987474746593744,5,0.5104815322348264,0.029991168398754736,5,0.5131610705148684,0.03035912301254876,5,,,0
synthetic_parity3,GEMMA,off,hidden,full,20,0.5649467479299413,0.04770278356192895,5,0.13637225254696594,0.09420302408809371,5,0.5514132886971751,0.05804678210443685,5,0.5540568632021051,0.05700196481032638,5,,,0
synthetic_parity3,GEMMA,off,hidden,full,50,0.6457352171637887,0.030017967116283593,5,0.3031902674894469,0.05149636962044095,5,0.6388894257564743,0.03637023746567565,5,0.6400287833840741,0.03559073986336753,5,,,0
synthetic_parity3,GEMMA,off,hidden,full,100,0.6703233216363469,0.05954155351004436,5,0.34852727108958337,0.11836126605827789,5,0.6670071047377308,0.060120289064971195,5,0.6678857273454636,0.05962035247979609,5,,,0
synthetic_parity3,LOCAL-GEMMA-3-27B,off,hidden,full,10,0.5426716840582386,0.05271764548004852,5,0.09617739174499526,0.11133931423470847,5,0.5254778455221606,0.05808348561903181,5,0.5283816643525955,0.05713452555175527,5,,,0
synthetic_parity3,LOCAL-GEMMA-3-27B,off,hidden,full,20,0.5638253378274387,0.01848478051931211,5,0.1519470882690886,0.052849050147737164,5,0.5379298302386684,0.026511059572744508,5,0.5420975578697107,0.024128095620215912,5,,,0
synthetic_parity3,LOCAL-GEMMA-3-27B,off,hidden,full,50,0.5678146258503401,0.04052681189682829,5,0.14750446627736427,0.07889320683706577,5,0.5439526933922834,0.06251514127932879,5,0.5470901771314287,0.061985865956227945,5,,,0
synthetic_parity3,LOCAL-GEMMA-3-27B,off,hidden,full,100,0.5708918182657678,0.04070666923714884,5,0.1515987859342367,0.08223768534575555,5,0.5570463245736974,0.04912686392379793,5,0.5595753168440568,0.049091368110864515,5,,,0
synthetic_parity3,LOCAL-LLAMA-3.1-8B,off,hidden,full,10,0.4871794871794872,0.01813094310734733,2,-0.0409417439214247,0.05790036952088504,2,0.36234694535528256,0.034787675127573324,2,0.37075147531900565,0.037120509602074955,2,,,0
synthetic_parity3,LOCAL-LLAMA-3.1-8B,off,hidden,full,20,0.5200145442792501,0.03420167423649405,5,0.04626750257593802,0.07573238133807855,5,0.4308990817135111,0.09753379172235241,5,0.4324763008609268,0.09692877796452178,5,,,0
synthetic_parity3,LOCAL-LLAMA-3.1-8B,off,hidden,full,50,0.511458044756364,0.03311740618878153,5,0.04140034590823778,0.09278578120594098,5,0.42091863904764465,0.055646561864997536,5,0.4197355476751243,0.04941336271269177,5,,,0
synthetic_parity3,LOCAL-LLAMA-3.1-8B,off,hidden,full,100,0.4998743086978381,0.01941961125759183,3,-0.033855489980420865,0.09393761353323857,3,0.3967316975971162,0.10629384923497771,3,0.40374190509831626,0.10119546425895695,3,,,0
synthetic_parity3,LOCAL-MISTRAL-7B-FP16,off,hidden,full,10,0.4964505032782343,0.07280155049593152,5,-0.017960445945345373,0.15553787087870521,5,0.4534479320073596,0.09402973723305463,5,0.45469199440316255,0.09300238893469112,5,,,0
synthetic_parity3,LOCAL-MISTRAL-7B-FP16,off,hidden,full,20,0.5164302259365284,0.040880856205162804,5,0.016560531318124645,0.13989552231805014,5,0.46213070844067816,0.09052622624957747,5,0.46666260450711433,0.08886394144291362,5,,,0
synthetic_parity3,LOCAL-MISTRAL-7B-FP16,off,hidden,full,50,0.5237975959614615,0.038117191201344845,5,0.06350866318693647,0.08336630642405364,5,0.4918545135409807,0.0631324183307023,5,0.4955529318382891,0.059996945684183525,5,,,0
synthetic_parity3,LOCAL-MISTRAL-7B-FP16,off,hidden,full,100,0.5514694339274171,0.027870826266158468,5,0.11087820216439606,0.0634803815116155,5,0.5370558895658862,0.022377999935436186,5,0.5357386242492213,0.022669762720185185,5,,,0
synthetic_parity3,LOCAL-MISTRAL-SMALL-3.1-24B-FP16,off,hidden,full,10,0.5625754147812971,0.0567048890578395,5,0.13277041497745826,0.11813608136909902,5,0.552638270303104,0.0559277415991095,5,0.5535683959489683,0.05583440626619936,5,,,0
synthetic_parity3,LOCAL-MISTRAL-SMALL-3.1-24B-FP16,off,hidden,full,20,0.5703891171853357,0.047564386159480124,5,0.1584476529769759,0.107213472481228,5,0.5565504994846427,0.043713180562482426,5,0.5584622514564191,0.04338167154820219,5,,,0
synthetic_parity3,LOCAL-MISTRAL-SMALL-3.1-24B-FP16,off,hidden,full,50,0.5765006002400961,0.049277431319452975,5,0.16306246570680794,0.09766251307594961,5,0.560674669683911,0.062394919844902114,5,0.5634043653296161,0.06186054134979901,5,,,0
synthetic_parity3,LOCAL-MISTRAL-SMALL-3.1-24B-FP16,off,hidden,full,100,0.5586045956844277,0.077475887485945,5,0.12140878079897566,0.1657785596235014,5,0.5366069569562149,0.09652334057297583,5,0.5394779865006756,0.09554433263648987,5,,,0
synthetic_parity3,LOCAL-QWEN3-30B-A3B,off,hidden,full,10,0.5205405239018683,0.029984918082358838,5,0.0410969271559561,0.060035418981264126,5,0.5195635621332204,0.030738149999614436,5,0.5195626499624144,0.03113410225788012,5,,,0
synthetic_parity3,LOCAL-QWEN3-30B-A3B,off,hidden,full,20,0.5110355680733832,0.05954079079278136,5,0.026201770959610217,0.1298707249222523,5,0.4970367611624445,0.055769595309540704,5,0.4988880488102433,0.05462770354136496,5,,,0
synthetic_parity3,LOCAL-QWEN3-30B-A3B,off,hidden,full,50,0.5768882553021208,0.02917000922847251,5,0.15959045787502843,0.06366282421799009,5,0.571284539280802,0.027357734288351154,5,0.5719826607763359,0.028352846180685228,5,,,0
synthetic_parity3,LOCAL-QWEN3-30B-A3B,off,hidden,full,100,0.5148336257579955,0.054059178966992145,5,0.03634041035033077,0.12062713880369179,5,0.501898944416081,0.042302256198551554,5,0.5008871411584697,0.04108398347362767,5,,,0
synthetic_parity3,LOCAL-QWEN3-32B-FP8,off,hidden,full,10,0.5448902637978268,0.07186949846162202,5,0.09200412280987032,0.14467085798156662,5,0.5390082967732926,0.07294016765826851,5,0.5387890267269348,0.07365506317827004,5,,,0
synthetic_parity3,LOCAL-QWEN3-32B-FP8,off,hidden,full,20,0.5588945193462,0.06651968586362313,5,0.12820957688453566,0.14143534322800771,5,0.5427535403019778,0.06530187294748517,5,0.542852375543387,0.06324477641070485,5,,,0
synthetic_parity3,LOCAL-QWEN3-32B-FP8,off,hidden,full,50,0.6002404808077076,0.08810437436887103,5,0.20213295092041478,0.17709372810401128,5,0.5914016370109149,0.09722751747772036,5,0.5926975138119138,0.0952726050631023,5,,,0
synthetic_parity3,LOCAL-QWEN3-32B-FP8,off,hidden,full,100,0.5990326899990766,0.07328530071602742,5,0.20192115825562845,0.14660703115447782,5,0.592805761323415,0.07808782910873241,5,0.5924748519159391,0.07923830673105692,5,,,0
synthetic_parity3,LOCAL-QWEN3-8B,off,hidden,full,10,0.4902728399051928,0.049251176250436075,5,-0.023863695195166176,0.12608684006532028,5,0.43556693000932195,0.060174155530182474,5,0.441515610604832,0.0576598936157038,5,,,0
synthetic_parity3,LOCAL-QWEN3-8B,off,hidden,full,20,0.5370094191522763,0.022005500809947953,5,0.14012523104348662,0.03971838139636587,5,0.44701810279851373,0.0776245241066971,5,0.45354532133223485,0.07605226110065441,5,,,0
synthetic_parity3,LOCAL-QWEN3-8B,off,hidden,full,50,0.5214560824329733,0.017489876863226582,5,0.06385633315391456,0.04391267550615157,5,0.44979769534839276,0.08896657208195362,5,0.4565588854076509,0.08280028360643744,5,,,0
synthetic_parity3,LOCAL-QWEN3-8B,off,hidden,full,100,0.5120650183150183,0.037905596922149835,5,0.05218142241105785,0.08940976050005549,5,0.42353500222953233,0.08004189036467986,5,0.43095596886806325,0.07740231388243302,5,,,0
synthetic_parity3,QWEN,off,hidden,full,10,0.5433269461630805,0.02296232706878281,5,0.11255721589641283,0.08090515206217819,5,0.5185272882213682,0.02786623157444311,5,0.5221336136361464,0.025439788119400928,5,,,0
synthetic_parity3,QWEN,off,hidden,full,20,0.5894552051589868,0.056406323810145854,5,0.1807941977769834,0.11257180311188922,5,0.5851543520014273,0.06016560767620484,5,0.5857136150840052,0.05942076983430016,5,,,0
synthetic_parity3,QWEN,off,hidden,full,50,0.5829581832733093,0.08044417093581305,5,0.17763516858485873,0.17278653104327063,5,0.5668301486308968,0.08324714705592635,5,0.5679381817598902,0.08112378523236591,5,,,0
synthetic_parity3,QWEN,off,hidden,full,100,0.5794169590913288,0.03428122536742445,5,0.17604836352240003,0.07264921739328531,5,0.5596949449391593,0.04594227795380924,5,0.5629095826247736,0.04541760159676529,5,,,0
synthetic_parity3,REALTABPFN-V2,off,hidden,full,10,0.5216871363930187,0.049457693745194466,5,0.04242570084818194,0.12277717544060973,5,0.4367161949473788,0.11126339235157548,5,0.44476212219789035,0.1053670442522612,5,0.5497230142056824,0.05870481595074504,5
synthetic_parity3,REALTABPFN-V2,off,hidden,full,20,0.4924704497183489,0.06623237003861109,5,-0.035542776602909075,0.16684050312701657,5,0.4530249885937492,0.09763130457214435,5,0.4577051739432044,0.09477315150289577,5,0.5135066526610644,0.0742349874580905,5
synthetic_parity3,REALTABPFN-V2,off,hidden,full,50,0.5464676255117432,0.048962243573630486,5,0.09091764700951088,0.10665207400927224,5,0.5210975478800648,0.083753195070842,5,0.5233251465116858,0.08165968087008772,5,0.5833446840274571,0.0822036583397865,5
synthetic_parity3,REALTABPFN-V2,off,hidden,full,100,0.7821016868285776,0.06997408015549197,5,0.5706175935435643,0.14120116798349364,5,0.782207228018095,0.07055032995460146,5,0.7827809146915623,0.07055599996109733,5,0.8387760392618585,0.0988299982227392,5
synthetic_parity3,RF,off,hidden,full,10,0.5267351171237726,0.06796116563359575,5,0.05537780748515016,0.14845469506455655,5,0.5034019740173302,0.08160928195910964,5,0.507514308007347,0.07943114590680346,5,0.5065536791639733,0.06534295203073583,5
synthetic_parity3,RF,off,hidden,full,20,0.516257272139625,0.05003624027218955,5,0.03195988330744196,0.10128835798363332,5,0.5125027608978818,0.05263142064552017,5,0.5137345764861212,0.05133843360105983,5,0.508199289331117,0.06893123701428688,5
synthetic_parity3,RF,off,hidden,full,50,0.5374759519192291,0.06172058354905696,5,0.07546853061866682,0.12365786856132675,5,0.5347063413204676,0.06197951671086248,5,0.5342846249775223,0.0621408986362911,5,0.5629186770862191,0.06712685707116402,5
synthetic_parity3,RF,off,hidden,full,100,0.5928490627020039,0.05862999688618792,5,0.187356889145419,0.11972257364200879,5,0.5924093922073391,0.0580788215222569,5,0.5931129876593019,0.058237042433418054,5,0.6191626169698649,0.06745885712189556,5
synthetic_rings,DUMMY,off,hidden,full,10,0.5,0.0,5,0.0,0.0,5,0.3322128851540616,0.0025053982941174026,5,0.3305742296918767,0.006169543299264125,5,0.5,0.0,5
synthetic_rings,DUMMY,off,hidden,full,20,0.5,0.0,5,0.0,0.0,5,0.3322128851540616,0.0025053982941174026,5,0.3305742296918767,0.006169543299264125,5,0.5,0.0,5
synthetic_rings,DUMMY,off,hidden,full,50,0.5,0.0,5,0.0,0.0,5,0.3322128851540616,0.0025053982941174026,5,0.3305742296918767,0.006169543299264125,5,0.5,0.0,5
synthetic_rings,DUMMY,off,hidden,full,100,0.5,0.0,5,0.0,0.0,5,0.3322128851540616,0.0025053982941174026,5,0.3305742296918767,0.006169543299264125,5,0.5,0.0,5
synthetic_rings,GEMMA,off,hidden,full,10,0.5774499687304566,0.044514865570142316,5,0.16426534773945028,0.09787977717843081,5,0.5684382155970051,0.04308614275239297,5,0.5684882468665486,0.04313171239560216,5,,,0
synthetic_rings,GEMMA,off,hidden,full,20,0.6565775484677924,0.04109232009923784,5,0.3309172155074655,0.06387934488677129,5,0.6453461691765032,0.055709916936878545,5,0.6457367941765032,0.055400628964553375,5,,,0
synthetic_rings,GEMMA,off,hidden,full,50,0.7740931832395247,0.0431006105608157,5,0.5587918566071529,0.08179280612050296,5,0.7723468449448567,0.04410924093989835,5,0.7726072616115234,0.043870648608038305,5,,,0
synthetic_rings,GEMMA,off,hidden,full,100,0.8324843652282677,0.03134828588190864,5,0.6733679120259575,0.056641333363999055,5,0.8312514942064023,0.03247615951563456,5,0.8312671289781346,0.03250244757389161,5,,,0
synthetic_rings,LOCAL-GEMMA-3-27B,off,hidden,full,10,0.6282160725453408,0.08824104193841883,5,0.27147030936390887,0.1717363912731436,5,0.5992632011076857,0.12343157228777168,5,0.5990885979330824,0.12321739223799967,5,,,0
synthetic_rings,LOCAL-GEMMA-3-27B,off,hidden,full,20,0.7125875547217011,0.06957767058542061,5,0.44405711679525817,0.13462183484138068,5,0.7036318778904451,0.08113199421476995,5,0.7036318778904451,0.08113199421476995,5,,,0
synthetic_rings,LOCAL-GEMMA-3-27B,off,hidden,full,50,0.7617854909318325,0.03797724054327795,5,0.5609564297328984,0.0715681016113714,5,0.7539479677244451,0.041855194102035705,5,0.7541253068353422,0.04200398188006798,5,,,0
synthetic_rings,LOCAL-GEMMA-3-27B,off,hidden,full,100,0.7946669793621013,0.0729694872597416,5,0.6186428866677559,0.11390884288342643,5,0.786731096814371,0.08617235005274158,5,0.7868027390754323,0.08622394112064197,5,,,0
synthetic_rings,LOCAL-LLAMA-3.1-8B,off,hidden,full,10,0.5399390243902439,0.06582048057630435,5,0.10086096294813376,0.1389249742565417,5,0.43749580804849775,0.1313299729304454,5,0.43596231329466406,0.13258281056605542,5,,,0
synthetic_rings,LOCAL-LLAMA-3.1-8B,off,hidden,full,20,0.5978846153846155,0.08203112232309032,5,0.2749744223230591,0.13788188418577982,5,0.5249316227860749,0.14300626604104233,5,0.5260475648150603,0.14268552928808317,5,,,0
synthetic_rings,LOCAL-LLAMA-3.1-8B,off,hidden,full,50,0.618713258286429,0.08333723357493894,5,0.31078653840038817,0.14329036880093488,5,0.5538058990995011,0.13923856726361922,5,0.5534504020619764,0.13882470645052544,5,,,0
synthetic_rings,LOCAL-LLAMA-3.1-8B,off,hidden,full,100,0.58125,0.11490485194281404,2,0.1909288860199652,0.27001422005822157,2,0.5136509345772261,0.17518166005457475,2,0.5136509345772261,0.1751816600545747,2,,,0
synthetic_rings,LOCAL-MISTRAL-7B-FP16,off,hidden,full,10,0.5909521575984991,0.11797231406299305,5,0.19813104619759217,0.2453392668369382,5,0.5816010394945075,0.1166724907642531,5,0.582282381213585,0.11667595393768032,5,,,0
synthetic_rings,LOCAL-MISTRAL-7B-FP16,off,hidden,full,20,0.6341400875547217,0.08556909522835732,5,0.2988545289521918,0.17788038942535508,5,0.6153112482687295,0.0909187062859612,5,0.6146402525977339,0.09134291114107444,5,,,0
synthetic_rings,LOCAL-MISTRAL-7B-FP16,off,hidden,full,50,0.7695766885553471,0.03048745234197485,4,0.5502508227204109,0.06540151079655351,4,0.766702053477021,0.02944625646093121,4,0.7665507241527608,0.029323709594715704,4,,,0
synthetic_rings,LOCAL-MISTRAL-7B-FP16,off,hidden,full,100,0.6962132582864291,0.05511942222963071,5,0.44056026005910276,0.09050917436187511,5,0.6746097864277791,0.07509306985686466,5,0.6742542893902546,0.07504167647476824,5,,,0
synthetic_rings,LOCAL-MISTRAL-SMALL-3.1-24B-FP16,off,hidden,full,10,0.5954596622889305,0.08873690835771457,5,0.19495702863210607,0.18146646006950107,5,0.588820818820482,0.09248859347683448,5,0.588698254395592,0.09234918573274933,5,,,0
synthetic_rings,LOCAL-MISTRAL-SMALL-3.1-24B-FP16,off,hidden,full,20,0.684651344590369,0.05735100473018053,5,0.40159062645300647,0.10087604811183336,5,0.6690355617961408,0.07031044685002714,5,0.6691623134887876,0.07040390157411115,5,,,0
synthetic_rings,LOCAL-MISTRAL-SMALL-3.1-24B-FP16,off,hidden,full,50,0.7518495934959349,0.04186889502655792,5,0.5321052495358489,0.07222700269862185,5,0.7447604081917578,0.04986008753185724,5,0.7449138608771798,0.050055685462088245,5,,,0
synthetic_rings,LOCAL-MISTRAL-SMALL-3.1-24B-FP16,off,hidden,full,100,0.7872951844903064,0.048822964257585956,5,0.5951823603687219,0.08144149340624836,5,0.782759354081475,0.0539956386458607,5,0.782802491336377,0.05407475961665924,5,,,0
synthetic_rings,LOCAL-QWEN3-30B-A3B,off,hidden,full,10,0.6119621638524078,0.11233062663994393,5,0.23646880778124318,0.23673206558499568,5,0.606146099542221,0.11067303901493457,5,0.6063365757326972,0.11086535856863539,5,,,0
synthetic_rings,LOCAL-QWEN3-30B-A3B,off,hidden,full,20,0.6720731707317074,0.07632815427896544,5,0.3771252415065375,0.1193648603228992,5,0.6499593390526314,0.10760837292765936,5,0.6489474342907267,0.10944908044450909,5,,,0
synthetic_rings,LOCAL-QWEN3-30B-A3B,off,hidden,full,50,0.6901579111944965,0.05643576954139315,5,0.3966890062566934,0.09336073408436785,5,0.6801296280839465,0.06989620895630838,5,0.6801147820142481,0.06987435377391792,5,,,0
synthetic_rings,LOCAL-QWEN3-30B-A3B,off,hidden,full,100,0.7350359599749844,0.05759536623996499,5,0.48733815939434333,0.0983530867840805,5,0.7284461168743503,0.0654575048803034,5,0.7284594001998701,0.06547248127632264,5,,,0
synthetic_rings,LOCAL-QWEN3-32B-FP8,off,hidden,full,10,0.6103955597248281,0.07809977305577274,5,0.22242110780686986,0.15722901091030164,5,0.6087505320314781,0.07798506182362017,5,0.6086446496785369,0.07789639573608871,5,,,0
synthetic_rings,LOCAL-QWEN3-32B-FP8,off,hidden,full,20,0.6823952470293934,0.06166171838713698,5,0.3701203852720645,0.13030782845017422,5,0.6810817949541198,0.06007651001580916,5,0.681145165318695,0.0600515445312204,5,,,0
synthetic_rings,LOCAL-QWEN3-32B-FP8,off,hidden,full,50,0.7552861163227017,0.0578945702460092,5,0.5394424611478812,0.08758326537913289,5,0.7459224327639087,0.06871948385645009,5,0.7458825329047317,0.06868957652929154,5,,,0
synthetic_rings,LOCAL-QWEN3-32B-FP8,off,hidden,full,100,0.8098530331457161,0.04867850387230117,5,0.6314949890427575,0.08141351454853858,5,0.8072566909877372,0.05329022218306297,5,0.80730055063686,0.053308112377129645,5,,,0
synthetic_rings,LOCAL-QWEN3-8B,off,hidden,full,10,0.5517792370231395,0.11116089519046735,5,0.12861886604697445,0.22733641617595574,5,0.5063157712666191,0.1413543405632995,5,0.5065348372271391,0.141788581537437,5,,,0
synthetic_rings,LOCAL-QWEN3-8B,off,hidden,full,20,0.6129534083802376,0.07765836663025284,5,0.26910385741926723,0.16235696614047718,5,0.5539707932900896,0.1441484226867823,5,0.5538293727998319,0.1440642401485833,5,,,0
synthetic_rings,LOCAL-QWEN3-8B,off,hidden,full,50,0.5853846153846154,0.03881686824506876,5,0.2830865477603638,0.0800524486606771,5,0.5043477546425592,0.06580445123253302,5,0.5054636966715447,0.06554403063731278,5,,,0
synthetic_rings,LOCAL-QWEN3-8B,off,hidden,full,100,0.6328814884302689,0.07159029737589574,5,0.347960826692948,0.1402255970349473,5,0.5851314805557517,0.10481439766315033,5,0.5863150554349787,0.10305174063704674,5,,,0
synthetic_rings,QWEN,off,hidden,full,10,0.6179596622889305,0.053370243592596595,5,0.24567063550648216,0.10600135068624943,5,0.6069626801315231,0.06224938469720921,5,0.606840115706633,0.06208685001153523,5,,,0
synthetic_rings,QWEN,off,hidden,full,20,0.7115838023764853,0.04065206781494854,5,0.4374990986986377,0.08518628365935403,5,0.7074825878580029,0.04126218090799827,5,0.7078211295246696,0.04079445803047324,5,,,0
synthetic_rings,QWEN,off,hidden,full,50,0.745536272670419,0.055444043080543966,5,0.4942171442918723,0.11373406558512264,5,0.7444767927086366,0.054653960056170764,5,0.7443831066749411,0.0545656169030085,5,,,0
synthetic_rings,QWEN,off,hidden,full,100,0.8022920575359599,0.026765579290167693,5,0.6163643734202169,0.04519183351819343,5,0.8003117390483258,0.029075040567838866,5,0.8003627194404827,0.029155264371614815,5,,,0
synthetic_rings,REALTABPFN-V2,off,hidden,full,10,0.5678861788617886,0.050664875541699406,5,0.16755147607591306,0.10642623141369481,5,0.527332759638018,0.0984200646925809,5,0.5272033478733119,0.09832421042467412,5,0.5767666119449656,0.07195590256066677,5
synthetic_rings,REALTABPFN-V2,off,hidden,full,20,0.593760162601626,0.0690312098625799,5,0.19557973159481776,0.14347857162837768,5,0.5770614768819123,0.08623129156309878,5,0.5776429502834898,0.08607161785259858,5,0.6386376250781739,0.08330872992072205,5
synthetic_rings,REALTABPFN-V2,off,hidden,full,50,0.8800453408380238,0.02588245771356388,5,0.7613174136788641,0.05332100555646798,5,0.879920933109557,0.02583730296853297,5,0.8799295282025403,0.02583005605865782,5,0.9439953095684803,0.01897129754834797,5
synthetic_rings,REALTABPFN-V2,off,hidden,full,100,0.932801751094434,0.020563747564421742,5,0.8678573961369416,0.038792869434460836,5,0.9324016495997703,0.021024938307759623,5,0.9323852202459916,0.021044521131099482,5,0.9729964821763601,0.01641414080158941,5
synthetic_rings,RF,off,hidden,full,10,0.5176328955597248,0.04401038578129052,5,0.034972923798411215,0.08919897833785764,5,0.5083771583633229,0.05076935492018669,5,0.5083498103401942,0.05073298169077361,5,0.520880902126329,0.06200403012343677,5
synthetic_rings,RF,off,hidden,full,20,0.6245231394621639,0.05082201807116505,5,0.25231631753861083,0.10388270421409417,5,0.6228679670269484,0.05050131139967426,5,0.6230460015260778,0.05076932979304013,5,0.6414600140712945,0.048219318940677415,5
synthetic_rings,RF,off,hidden,full,50,0.7899108818011257,0.02711036146955287,5,0.5805675237197632,0.05450613823965893,5,0.7898333961072721,0.027066574523734562,5,0.7898732959664491,0.02706187005780796,5,0.8534801829268293,0.030724926586314028,5
synthetic_rings,RF,off,hidden,full,100,0.8577345215759851,0.03722277959526066,5,0.7181936832820026,0.07662190683374057,5,0.8572965315184902,0.03701438728012967,5,0.857280896746758,0.03700509653153874,5,0.9239225687929956,0.0315599738111925,5
synthetic_scm,DUMMY,off,hidden,full,10,0.5,0.0,5,0.0,0.0,5,0.33421633554083885,0.001974452960264694,5,0.3355673289183222,0.004995365989469763,5,0.5,0.0,5
synthetic_scm,DUMMY,off,hidden,full,20,0.5,0.0,5,0.0,0.0,5,0.33421633554083885,0.001974452960264694,5,0.3355673289183222,0.004995365989469763,5,0.5,0.0,5
synthetic_scm,DUMMY,off,hidden,full,50,0.5,0.0,5,0.0,0.0,5,0.33421633554083885,0.001974452960264694,5,0.3355673289183222,0.004995365989469763,5,0.5,0.0,5
synthetic_scm,DUMMY,off,hidden,full,100,0.5,0.0,5,0.0,0.0,5,0.33421633554083885,0.001974452960264694,5,0.3355673289183222,0.004995365989469763,5,0.5,0.0,5
synthetic_scm,GEMMA,off,hidden,full,10,0.8557046818727491,0.0571349074438322,5,0.7196207949471264,0.10286294492191701,5,0.8545058719911403,0.059067132302437805,5,0.8545748305555116,0.05900008269106638,5,,,0
synthetic_scm,GEMMA,off,hidden,full,20,0.8943105242096839,0.023866582895024243,5,0.791538880267147,0.04700930144917394,5,0.8938193616321124,0.024160437837070482,5,0.8937904575775157,0.024181828959417492,5,,,0
synthetic_scm,GEMMA,off,hidden,full,50,0.9038271308523409,0.05057478109034691,5,0.8104399771974029,0.09992907503192063,5,0.9037502345259203,0.050516371979029986,5,0.9037887732653825,0.05045506350810444,5,,,0
synthetic_scm,GEMMA,off,hidden,full,100,0.9283105242096837,0.03214372755705119,5,0.859153560742351,0.06186207870277792,5,0.9278736410933235,0.03286758503078828,5,0.9278447370387269,0.032920707890044726,5,,,0
synthetic_scm,LOCAL-GEMMA-3-27B,off,hidden,full,10,0.8721928771508602,0.04229077130188518,5,0.7531757998346139,0.08354250524868453,5,0.8712142097074651,0.04237289330079375,5,0.8712033999787092,0.04236055597123272,5,,,0
synthetic_scm,LOCAL-GEMMA-3-27B,off,hidden,full,20,0.8906274509803922,0.04029313962841509,5,0.7935838699780311,0.06845996974205198,5,0.8888863599588367,0.04251809062644586,5,0.8887949686899669,0.04265829450832162,5,,,0
synthetic_scm,LOCAL-GEMMA-3-27B,off,hidden,full,50,0.92031212484994,0.013597090391431227,5,0.844375944616184,0.0255175385290601,5,0.9198315860173547,0.01423598565707983,5,0.9198074993051909,0.014278730304243922,5,,,0
synthetic_scm,LOCAL-GEMMA-3-27B,off,hidden,full,100,0.9282729091636653,0.03013455632149108,5,0.860206663559052,0.05770735586500226,5,0.9278178575969885,0.030505433333091074,5,0.9277998124842067,0.030518798795337494,5,,,0
synthetic_scm,LOCAL-LLAMA-3.1-8B,off,hidden,full,10,0.5382082833133253,0.045173134750475435,4,0.13128897774085796,0.14304345729468987,4,0.42716398466284344,0.09048616995132928,4,0.42804279360734576,0.09176077200736378,4,,,0
synthetic_scm,LOCAL-LLAMA-3.1-8B,off,hidden,full,20,0.7789411764705882,0.1671289206707429,5,0.5755951965500974,0.3361429319146177,5,0.7417310915815906,0.23772068983638736,5,0.7415091495891568,0.23771413311327064,5,,,0
synthetic_scm,LOCAL-LLAMA-3.1-8B,off,hidden,full,50,0.8333389355742298,0.06919201667050265,5,0.687123896102301,0.12452042747873034,5,0.8302499678033219,0.07205158501966337,5,0.8304434361786838,0.07171998250772861,5,,,0
synthetic_scm,LOCAL-MISTRAL-7B-FP16,off,hidden,full,10,0.7110196078431372,0.060263327065506696,5,0.5071382920159166,0.08903977547324915,5,0.68220730546351,0.07895053856085542,5,0.6819424497759039,0.07877686051366108,5,,,0
synthetic_scm,LOCAL-MISTRAL-7B-FP16,off,hidden,full,20,0.798155262104842,0.1752861619718592,5,0.6350325683561433,0.29606285779502844,5,0.7729625930844588,0.21355229693792838,5,0.7729577911636906,0.21354760284303012,5,,,0
synthetic_scm,LOCAL-MISTRAL-7B-FP16,off,hidden,full,50,0.8345098039215686,0.07064295264878781,3,0.7010336630003654,0.11314143582600711,3,0.8282169974977623,0.07613104879397188,3,0.8280199531627869,0.07618205769167957,3,,,0
synthetic_scm,LOCAL-MISTRAL-7B-FP16,off,hidden,full,100,0.81,0.10000000000000002,3,0.6594836713852924,0.16057668556814972,3,0.8005110737484231,0.11144666808566576,3,0.8005110737484232,0.11144666808566571,3,,,0
synthetic_scm,LOCAL-MISTRAL-SMALL-3.1-24B-FP16,off,hidden,full,10,0.8315414165666267,0.06849913814056126,5,0.675130081010457,0.13123040237493805,5,0.8299233640962631,0.06952761925503873,5,0.8300450200824294,0.06938830042408704,5,,,0
synthetic_scm,LOCAL-MISTRAL-SMALL-3.1-24B-FP16,off,hidden,full,20,0.8923121248499399,0.04215127052187814,5,0.7899784167730575,0.08441502878553023,5,0.8916452109800798,0.0422515389736987,5,0.891621124267916,0.042245876773509765,5,,,0
synthetic_scm,LOCAL-MISTRAL-SMALL-3.1-24B-FP16,off,hidden,full,50,0.8940720288115246,0.03132261759370239,5,0.7919698283389434,0.060384533178484745,5,0.8936937464177162,0.03153928376456667,5,0.8936937464177162,0.03153928376456671,5,,,0
synthetic_scm,LOCAL-MISTRAL-SMALL-3.1-24B-FP16,off,hidden,full,100,0.9066258503401361,0.05565429561239625,5,0.8232213323215174,0.09932560344472637,5,0.9050501209041389,0.05824887372669894,5,0.9049473057266603,0.05844459096001832,5,,,0
synthetic_scm,LOCAL-QWEN3-30B-A3B,off,hidden,full,10,0.7370980392156863,0.06702318167595801,5,0.5187186434783246,0.13356318677288578,5,0.7239577874159764,0.07381685150405258,5,0.7236454751036641,0.07394832999832253,5,,,0
synthetic_scm,LOCAL-QWEN3-30B-A3B,off,hidden,full,20,0.7923857543017208,0.08716505511400162,5,0.6233966202856687,0.1302742339835928,5,0.7801128554784691,0.10692272065220182,5,0.7800548844639763,0.10689654943544534,5,,,0
synthetic_scm,LOCAL-QWEN3-30B-A3B,off,hidden,full,50,0.8662665066026412,0.04366199187632836,5,0.7378137484173586,0.08723762648588447,5,0.8655420662418927,0.04398862083728956,5,0.8655079810288602,0.04402351105635322,5,,,0
synthetic_scm,LOCAL-QWEN3-30B-A3B,off,hidden,full,100,0.8641424569827931,0.07516771583314988,5,0.7322780011859635,0.14995427724107988,5,0.8635931240843874,0.07556535186352617,5,0.8635755170415702,0.07558973076208955,5,,,0
synthetic_scm,LOCAL-QWEN3-32B-FP8,off,hidden,full,10,0.8838287314925971,0.06434611701534379,5,0.7720672019853536,0.12807809566749961,5,0.8835882764181981,0.06446651322706694,5,0.8836219978152275,0.06445080136631108,5,,,0
synthetic_scm,LOCAL-QWEN3-32B-FP8,off,hidden,full,20,0.9362745098039216,0.018062644632041557,5,0.8757282259784496,0.0345341083974946,5,0.9358813379602854,0.0182505196530958,5,0.9358673028725659,0.018256367957568898,5,,,0
synthetic_scm,LOCAL-QWEN3-32B-FP8,off,hidden,full,50,0.9362745098039216,0.027861427298389054,5,0.8754602032464656,0.053587646101999044,5,0.9358740866567861,0.02804199156791527,5,0.9358600515690668,0.028045793625024087,5,,,0
synthetic_scm,LOCAL-QWEN3-32B-FP8,off,hidden,full,100,0.924390556222489,0.03984722683375637,5,0.8543414553570156,0.07395160488920687,5,0.9236515434303698,0.04076840177006306,5,0.9236128960873746,0.040821100821204825,5,,,0
synthetic_scm,LOCAL-QWEN3-8B,off,hidden,full,10,0.7555294117647059,0.11550371105049394,5,0.5742103434778283,0.18962174614853747,5,0.7319768284293328,0.14124477517715955,5,0.7313080762569311,0.1423364856569464,5,,,0
synthetic_scm,LOCAL-QWEN3-8B,off,hidden,full,20,0.9023529411764706,0.0638567276087622,5,0.8222985027876064,0.10601638911990229,5,0.8999614179406855,0.0671714405192052,5,0.8999360938526542,0.06716694231852907,5,,,0
synthetic_scm,LOCAL-QWEN3-8B,off,hidden,full,50,0.9026274509803921,0.05499739604475097,5,0.8183737505797495,0.09778879108856746,5,0.9008422217127745,0.05711108274449112,5,0.9007508304439046,0.05723940500676488,5,,,0
synthetic_scm,LOCAL-QWEN3-8B,off,hidden,full,100,0.8589411764705883,0.09350850672772948,5,0.7448968091483257,0.1584433767933278,5,0.8530895374141071,0.1010271254376976,5,0.8528675954216733,0.10131707935025631,5,,,0
synthetic_scm,QWEN,off,hidden,full,10,0.8442272909163666,0.04275494587342669,5,0.7031603454631041,0.08130372983836492,5,0.8421710519055271,0.04412876668807999,5,0.842145410879886,0.04413056699466737,5,,,0
synthetic_scm,QWEN,off,hidden,full,20,0.9184297719087635,0.03345670172650303,5,0.841269922748128,0.06100204007828723,5,0.9177070173121628,0.034622902895901406,5,0.9176598351365403,0.034706037792739335,5,,,0
synthetic_scm,QWEN,off,hidden,full,50,0.9159071628651461,0.04413255203690681,5,0.8325132496828427,0.0879698457913993,5,0.9159287039374684,0.04403594551629191,5,0.9159543449631095,0.04398049708289502,5,,,0
synthetic_scm,QWEN,off,hidden,full,100,0.9022697078831532,0.030802387586986054,5,0.8094150273803283,0.06239261243972433,5,0.9017392761499524,0.03116649072842448,5,0.9017132109870453,0.03120004800989073,5,,,0
synthetic_scm,REALTABPFN-V2,off,hidden,full,10,0.8622304921968788,0.05505122870675687,5,0.7362705701621712,0.10047039441877847,5,0.8604436088090679,0.056636118956719356,5,0.8604243780398371,0.05662791585463198,5,0.9539561904761905,0.025425635286167696,5
synthetic_scm,REALTABPFN-V2,off,hidden,full,20,0.9043529411764706,0.026190016323349254,5,0.8199936336936766,0.046295083320221364,5,0.9032614646551436,0.02664071992223147,5,0.9032361405671121,0.02663329877529311,5,0.9780767667066825,0.012611955852372334,5
synthetic_scm,REALTABPFN-V2,off,hidden,full,50,0.936392156862745,0.02820416312138915,5,0.8771396277693286,0.05168487464599888,5,0.9357969547234228,0.029050417401793677,5,0.9357647486042602,0.029100962210350974,5,0.9847177911164465,0.008635974641537475,5
synthetic_scm,REALTABPFN-V2,off,hidden,full,100,0.948313725490196,0.021178558357505536,5,0.8987724892504463,0.03979307488733389,5,0.947927381762732,0.021774010124462034,5,0.947908112393001,0.021805243753008262,5,0.9859979511804722,0.007963632133305448,5
synthetic_scm,RF,off,hidden,full,10,0.8582320928371349,0.08333450115843027,5,0.734405125331216,0.14277034203743222,5,0.8541190450791202,0.0902900323005753,5,0.8541030194380944,0.09027989509403715,5,0.9511553741496599,0.02076756427798111,5
synthetic_scm,RF,off,hidden,full,20,0.9063513405362145,0.017792233682518876,5,0.8198891617196112,0.03254756043057889,5,0.905584094421895,0.018381374930300166,5,0.9055531427587458,0.018415415585770135,5,0.9628344457783113,0.01805812350481072,5
synthetic_scm,RF,off,hidden,full,50,0.9303513405362145,0.027667366105946695,5,0.8642280416823527,0.05169232502319823,5,0.929827540082419,0.02849890901559012,5,0.9297965884192696,0.028553744751895628,5,0.9693144457783113,0.023413453459632083,5
synthetic_scm,RF,off,hidden,full,100,0.948313725490196,0.023420745805850542,5,0.8990533245727844,0.04436475258373883,5,0.9479173711527829,0.023968456696350813,5,0.9478981017830519,0.02399682421462084,5,0.9714356942777111,0.016376195644063674,5
synthetic_sparse,DUMMY,off,hidden,32,10,0.5,0.0,5,0.0,0.0,5,0.3355371900826446,0.003017755137769481,5,0.3389256198347107,0.0076575536620901,5,0.5,0.0,5
synthetic_sparse,DUMMY,off,hidden,32,20,0.5,0.0,5,0.0,0.0,5,0.3355371900826446,0.003017755137769481,5,0.3389256198347107,0.0076575536620901,5,0.5,0.0,5
synthetic_sparse,DUMMY,off,hidden,32,50,0.5,0.0,5,0.0,0.0,5,0.3355371900826446,0.003017755137769481,5,0.3389256198347107,0.0076575536620901,5,0.5,0.0,5
synthetic_sparse,DUMMY,off,hidden,32,100,0.5,0.0,5,0.0,0.0,5,0.3355371900826446,0.003017755137769481,5,0.3389256198347107,0.0076575536620901,5,0.5,0.0,5
synthetic_sparse,DUMMY,off,hidden,full,10,0.5,0.0,5,0.0,0.0,5,0.3355371900826446,0.003017755137769481,5,0.3389256198347107,0.0076575536620901,5,0.5,0.0,5
synthetic_sparse,DUMMY,off,hidden,full,20,0.5,0.0,5,0.0,0.0,5,0.3355371900826446,0.003017755137769481,5,0.3389256198347107,0.0076575536620901,5,0.5,0.0,5
synthetic_sparse,DUMMY,off,hidden,full,50,0.5,0.0,5,0.0,0.0,5,0.3355371900826446,0.003017755137769481,5,0.3389256198347107,0.0076575536620901,5,0.5,0.0,5
synthetic_sparse,DUMMY,off,hidden,full,100,0.5,0.0,5,0.0,0.0,5,0.3355371900826446,0.003017755137769481,5,0.3389256198347107,0.0076575536620901,5,0.5,0.0,5
synthetic_sparse,GEMMA,off,hidden,32,10,0.5519418386491558,0.0663235900763563,5,0.11517762904766653,0.142733751322561,5,0.5382828107040621,0.06485771176048867,5,0.5386374472955409,0.06450268544063036,5,,,0
synthetic_sparse,GEMMA,off,hidden,32,20,0.5932129455909945,0.020332389015770145,5,0.2040022895865147,0.033856011008217245,5,0.5755139148482186,0.03885901206679062,5,0.5763440947454745,0.0387521967958665,5,,,0
synthetic_sparse,GEMMA,off,hidden,32,50,0.5683270794246404,0.050081081985761916,5,0.14896804362160337,0.09978469652696828,5,0.5503515529315781,0.05933212089013574,5,0.5500111903858406,0.05965613136447897,5,,,0
synthetic_sparse,GEMMA,off,hidden,32,100,0.5643970189701898,0.020017540135771606,3,0.13533855610004822,0.046349778217365925,3,0.5542604032200115,0.015936306774892446,3,0.5535013717633057,0.01662971676294795,3,,,0
synthetic_sparse,GEMMA,off,hidden,full,10,0.5518808630393996,0.08263819268501264,5,0.11492827866685984,0.16984379479179504,5,0.5375392941209745,0.08395415763514068,5,0.5378572515484286,0.08415753996014243,5,,,0
synthetic_sparse,GEMMA,off,hidden,full,20,0.552828330206379,0.021423039563080566,5,0.11854062676494262,0.051936385202286474,5,0.5344815459454635,0.022026258806527255,5,0.5355405542910698,0.022451120257587626,5,,,0
synthetic_sparse,GEMMA,off,hidden,full,50,0.5578877423389619,0.04469788191977979,5,0.12087798007458625,0.09560265907248024,5,0.5518067215112434,0.04097623527802298,5,0.5516887256963168,0.041073025770497346,5,,,0
synthetic_sparse,LOCAL-GEMMA-3-27B,off,hidden,32,10,0.4881222639149468,0.08709702101978764,5,-0.03757984135002246,0.19026305850367564,5,0.43487980443854635,0.10573789342463136,5,0.4344539802627222,0.10683490642992337,5,,,0
synthetic_sparse,LOCAL-GEMMA-3-27B,off,hidden,32,20,0.5093667917448406,0.08365955346902854,5,0.005961971597914781,0.1848031843394031,5,0.4760500226196978,0.11284107948422123,5,0.47494196401163913,0.1142730042023398,5,,,0
synthetic_sparse,LOCAL-GEMMA-3-27B,off,hidden,32,50,0.4719934333958724,0.048936726753021596,5,-0.06739525715612908,0.11810097215438087,5,0.44620061934318456,0.06623719173443082,5,0.44676854264794985,0.06374664192302767,5,,,0
synthetic_sparse,LOCAL-GEMMA-3-27B,off,hidden,32,100,0.5183771106941839,0.021066047260710607,5,0.06497418239087788,0.07281906020085185,5,0.43669320022564684,0.07961427427403588,5,0.43476111599001294,0.08069686247172221,5,,,0
synthetic_sparse,LOCAL-GEMMA-3-27B,off,hidden,full,10,0.49262195121951213,0.03176068152544925,5,-0.01714745783475132,0.06692252789321732,5,0.4506665829695363,0.04618206263780767,5,0.4506665829695363,0.046269266573670836,5,,,0
synthetic_sparse,LOCAL-GEMMA-3-27B,off,hidden,full,20,0.5233661663539712,0.07657415090439644,5,0.03870814648433628,0.16393463971162917,5,0.49072797513604804,0.11059717610205418,5,0.4902351664678027,0.11136330396147176,5,,,0
synthetic_sparse,LOCAL-GEMMA-3-27B,off,hidden,full,50,0.478874296435272,0.041131709903303997,5,-0.051332359001658244,0.09206432279498711,5,0.4579129072982311,0.06048088246034002,5,0.45873263139096065,0.05882239477260818,5,,,0
synthetic_sparse,LOCAL-GEMMA-3-27B,off,hidden,full,100,0.5459474671669794,0.02012712919179372,5,0.12357473978440914,0.031083954690681988,5,0.48086569177039407,0.05942017021387902,5,0.47905405554369473,0.06071525918151737,5,,,0
synthetic_sparse,LOCAL-LLAMA-3.1-8B,off,hidden,32,10,0.5130112570356473,0.044409093809335456,5,0.013812260122845157,0.10720903533538464,5,0.4114561022510168,0.10999222626396202,5,0.4129684560028175,0.10829325840926719,5,,,0
synthetic_sparse,LOCAL-LLAMA-3.1-8B,off,hidden,32,20,0.5373983739837399,0.054556419739211756,3,0.10542982607904387,0.1033466867016547,3,0.42710070845664067,0.14461772782226845,3,0.42454488386691774,0.14660130776631303,3,,,0
synthetic_sparse,LOCAL-LLAMA-3.1-8B,off,hidden,full,10,0.516260162601626,,1,0.0340799088295498,,1,0.5031055900621118,,1,0.5013975155279503,,1,,,0
synthetic_sparse,LOCAL-LLAMA-3.1-8B,off,hidden,full,50,0.575,,1,0.15,,1,0.575,,1,0.575,,1,,,0
synthetic_sparse,LOCAL-LLAMA-3.1-8B,off,hidden,full,100,0.5341244527829894,0.04046938062340195,5,0.08817170921645165,0.09203259093765863,5,0.47738629153275297,0.07030604611516283,5,0.47806217848601473,0.0686827397913472,5,,,0
synthetic_sparse,LOCAL-MISTRAL-7B-FP16,off,hidden,32,10,0.5033786741713571,0.02288679693320307,5,-0.0017036817092462796,0.09532986046638994,5,0.4034049200054972,0.04860750170755652,5,0.40586868812143917,0.049681320853489815,5,,,0
synthetic_sparse,LOCAL-MISTRAL-7B-FP16,off,hidden,32,20,0.5314524702939337,0.05853177566985001,5,0.06607727761143373,0.15692582925981,5,0.45034448976165836,0.11198847945913645,5,0.4523000508810952,0.11221734045213046,5,,,0
synthetic_sparse,LOCAL-MISTRAL-7B-FP16,off,hidden,32,50,0.5423780487804878,0.04208366341412499,5,0.11969492664901096,0.08936183177416367,5,0.4475924275629407,0.1118464967824108,5,0.44451966357362405,0.1151581292816996,5,,,0
synthetic_sparse,LOCAL-MISTRAL-7B-FP16,off,hidden,32,100,0.5,,1,0.0,,1,0.3277310924369748,,1,0.3195378151260504,,1,,,0
synthetic_sparse,LOCAL-MISTRAL-7B-FP16,off,hidden,full,10,0.49775015634771724,0.028540704315265328,5,-0.014933746137313478,0.15996096693000178,5,0.35500215193481904,0.040690803104339465,5,0.3581195940336098,0.04127925949690664,5,,,0
synthetic_sparse,LOCAL-MISTRAL-7B-FP16,off,hidden,full,20,0.5275750469043152,0.040406750104442626,5,0.06677232794393935,0.13123757074870576,5,0.44339342320979125,0.09186911377689665,5,0.4446217927780679,0.09314013409880084,5,,,0
synthetic_sparse,LOCAL-MISTRAL-7B-FP16,off,hidden,full,50,0.4973749218261413,0.013667351029415412,5,-0.018541954798740958,0.05507050590683464,5,0.370780988908177,0.0743784229284709,5,0.36763468089182794,0.07624191834659277,5,,,0
synthetic_sparse,LOCAL-MISTRAL-SMALL-3.1-24B-FP16,off,hidden,32,10,0.5068589743589744,0.09648090759433714,5,0.013246152672479111,0.20570536110560037,5,0.4912859211267119,0.10236818069777134,5,0.4917141697786446,0.10204223348477283,5,,,0
synthetic_sparse,LOCAL-MISTRAL-SMALL-3.1-24B-FP16,off,hidden,32,20,0.5749484052532833,0.03440027109185952,5,0.15422127849876072,0.06945813703890333,5,0.5693649642452743,0.03571756358033023,5,0.5694537771062536,0.03558698630700838,5,,,0
synthetic_sparse,LOCAL-MISTRAL-SMALL-3.1-24B-FP16,off,hidden,32,50,0.5433130081300813,0.05382610489721496,5,0.09620975158783215,0.11428329055641565,5,0.5014375580126174,0.08188138718406933,5,0.49964798897343166,0.0836409528856386,5,,,0
synthetic_sparse,LOCAL-MISTRAL-SMALL-3.1-24B-FP16,off,hidden,32,100,0.566582238899312,0.023726309193417887,5,0.15117039283969932,0.050009241658183934,5,0.5414998733107399,0.03534116491884228,5,0.5419310629687336,0.03614843538681757,5,,,0
synthetic_sparse,LOCAL-MISTRAL-SMALL-3.1-24B-FP16,off,hidden,full,10,0.5239352720450281,0.05096632634050003,5,0.04932421545175578,0.10476342391236866,5,0.5135312936553257,0.054180884398586135,5,0.5141545826470357,0.05363248496725675,5,,,0
synthetic_sparse,LOCAL-MISTRAL-SMALL-3.1-24B-FP16,off,hidden,full,20,0.5797686053783615,0.011487073316987336,5,0.17502720934988067,0.028119539863255723,5,0.5622810551874,0.018989611685468376,5,0.5624468655882964,0.018964620236862396,5,,,0
synthetic_sparse,LOCAL-MISTRAL-SMALL-3.1-24B-FP16,off,hidden,full,50,0.5083067542213884,0.048731984811811555,5,-0.0027340803774270005,0.1624695019579293,5,0.44864097624959687,0.09873462601196752,5,0.44661792894903235,0.10128468797893012,5,,,0
synthetic_sparse,LOCAL-MISTRAL-SMALL-3.1-24B-FP16,off,hidden,full,100,0.5453830519074421,0.03565797953365989,5,0.10857358756775555,0.07566555830688572,5,0.4983041585383533,0.08238736963521345,5,0.496770687178795,0.08378908429049121,5,,,0
synthetic_sparse,LOCAL-QWEN3-30B-A3B,off,hidden,32,10,0.5583302063789869,0.05483843769933739,5,0.12494451576558056,0.1227046462618169,5,0.5433544737328757,0.05963788948104714,5,0.5430409514046205,0.059646563446171676,5,,,0
synthetic_sparse,LOCAL-QWEN3-30B-A3B,off,hidden,32,20,0.5028736710444027,0.02824131976213254,5,0.019473456363862756,0.12356949634351597,5,0.41484986117227124,0.054726913895142844,5,0.41620912032022267,0.0541779299106686,5,,,0
synthetic_sparse,LOCAL-QWEN3-30B-A3B,off,hidden,32,50,0.5266963727329581,0.02886068543915493,5,0.06969002495544174,0.06793063060765218,5,0.46617150724712564,0.06197953997413193,5,0.46810923657741743,0.06041681960999102,5,,,0
synthetic_sparse,LOCAL-QWEN3-30B-A3B,off,hidden,32,100,0.5563227016885554,0.02701378613053361,5,0.13050310463741416,0.056651723207451155,5,0.5277716447325947,0.048145503080641985,5,0.5283990724083132,0.04805784953554118,5,,,0
synthetic_sparse,LOCAL-QWEN3-30B-A3B,off,hidden,full,10,0.5323780487804879,0.05350296283390309,5,0.05919773478946351,0.1309802708256524,5,0.4865719605539714,0.09656202148679825,5,0.4867356999749909,0.09634741869993059,5,,,0
synthetic_sparse,LOCAL-QWEN3-30B-A3B,off,hidden,full,20,0.549631019387117,0.031411446311360676,5,0.13212060485509075,0.08283340794010437,5,0.503143399765402,0.03439520657482496,5,0.5033885180075902,0.034507796213779945,5,,,0
synthetic_sparse,LOCAL-QWEN3-30B-A3B,off,hidden,full,50,0.5182614133833645,0.0353937534340791,5,0.049789594513578936,0.09871969080714649,5,0.4825752458427549,0.03699800881532478,5,0.48346648567911954,0.03829187932962019,5,,,0
synthetic_sparse,LOCAL-QWEN3-30B-A3B,off,hidden,full,100,0.5373139462163852,0.0432681712780286,5,0.10035443535726016,0.10458832495440826,5,0.48365870251154985,0.07303323287180792,5,0.4837949779009567,0.07329694899925637,5,,,0
synthetic_sparse,LOCAL-QWEN3-32B-FP8,off,hidden,32,10,0.5095637898686679,0.05554852864282905,5,0.018946959065847518,0.11150856571144639,5,0.5086087160278798,0.05636067641757702,5,0.5088888116526098,0.05632090426536526,5,,,0
synthetic_sparse,LOCAL-QWEN3-32B-FP8,off,hidden,32,20,0.541072545340838,0.032872051330339,5,0.09687630404740707,0.0718605293184453,5,0.5098825793224393,0.03934499754717137,5,0.5105941129205709,0.04007949387691194,5,,,0
synthetic_sparse,LOCAL-QWEN3-32B-FP8,off,hidden,32,50,0.5920278298936835,0.02322535368452954,5,0.1910252112805849,0.04802959530526097,5,0.5846133734375616,0.026194560988056326,5,0.5848516141069332,0.02659715817431605,5,,,0
synthetic_sparse,LOCAL-QWEN3-32B-FP8,off,hidden,32,100,0.5629471544715446,0.03593296826570589,5,0.1418175736714927,0.07370248673642524,5,0.5380954235525065,0.06581092688500895,5,0.539346631281975,0.06320273359494204,5,,,0
synthetic_sparse,LOCAL-QWEN3-32B-FP8,off,hidden,full,10,0.5029299562226391,0.05570326156974869,5,0.00141860505525348,0.11594471132511483,5,0.4880569341539872,0.07070389418635391,5,0.48780909689845464,0.07169170335072222,5,,,0
synthetic_sparse,LOCAL-QWEN3-32B-FP8,off,hidden,full,20,0.573947779862414,0.043319703480273024,5,0.16121921262868433,0.10572549247501466,5,0.5640963423616474,0.03335571975842183,5,0.5646455158007135,0.03281382061373455,5,,,0
synthetic_sparse,LOCAL-QWEN3-32B-FP8,off,hidden,full,50,0.5593167604752971,0.05201990433493341,5,0.1215620844512411,0.10659180682763973,5,0.5544138457708179,0.05254892889918181,5,0.5548186043042775,0.05202495973147392,5,,,0
synthetic_sparse,LOCAL-QWEN3-32B-FP8,off,hidden,full,100,0.5352313946216385,0.1036694431219494,5,0.08061173966015149,0.2230056701620059,5,0.5198650042603019,0.10307385562584832,5,0.5197538525532424,0.10349648751597222,5,,,0
synthetic_sparse,LOCAL-QWEN3-8B,off,hidden,32,10,0.5128126954346467,0.04630434497815774,5,0.05962158139959831,0.13933140442125871,5,0.4481033853009187,0.055672489338776325,5,0.4464712880874261,0.057810703579940434,5,,,0
synthetic_sparse,LOCAL-QWEN3-8B,off,hidden,32,20,0.5304315196998124,0.060239368775013104,5,0.062004362047552795,0.13091464219371723,5,0.5039994781692637,0.08052828813955132,5,0.5023717152615511,0.08262497167422603,5,,,0
synthetic_sparse,LOCAL-QWEN3-8B,off,hidden,32,50,0.5320653533458412,0.02397052805234495,5,0.0848377451830595,0.0667583930528523,5,0.4837059643653448,0.05550455758079113,5,0.4826108984073798,0.056787845425687475,5,,,0
synthetic_sparse,LOCAL-QWEN3-8B,off,hidden,32,100,0.5611350844277674,0.04625178977979958,5,0.1336599679701034,0.09026629051924978,5,0.5280805170958623,0.08060642542458618,5,0.527470987736333,0.0817562655367979,5,,,0
synthetic_sparse,LOCAL-QWEN3-8B,off,hidden,full,10,0.5261272670419012,0.0484982606376262,5,0.07604521370363748,0.1407737198343964,5,0.4201320261515442,0.08687680469373853,5,0.4181326614351983,0.08667880837525718,5,,,0
synthetic_sparse,LOCAL-QWEN3-8B,off,hidden,full,20,0.5578095684803002,0.06636906343444143,5,0.13873704461647837,0.1445233482299627,5,0.5173080141193345,0.09835470261814135,5,0.5156603852563064,0.10112738699633687,5,,,0
synthetic_sparse,LOCAL-QWEN3-8B,off,hidden,full,50,0.5216838649155722,0.048388896250448205,5,0.07428552575766306,0.10988116994972233,5,0.4650477288891941,0.07405365325484192,5,0.46421501151952993,0.07404502460354868,5,,,0
synthetic_sparse,LOCAL-QWEN3-8B,off,hidden,full,100,0.5601938711694809,0.04804528689335527,5,0.136316822589353,0.09444937222878884,5,0.507116294845526,0.11548798019379583,5,0.5054958603364745,0.1180520024293232,5,,,0
synthetic_sparse,QWEN,off,hidden,32,10,0.5054283927454659,0.04984481261640784,5,0.0075434135421764605,0.1308862310147539,5,0.46320359821982066,0.06881221660808169,5,0.46456593113469563,0.06657706695642787,5,,,0
synthetic_sparse,QWEN,off,hidden,32,20,0.5443714821763602,0.053605618712605704,5,0.09327941362840482,0.11238755492889893,5,0.5378366185182131,0.050865189443473964,5,0.5382277883938812,0.05029701529861499,5,,,0
synthetic_sparse,QWEN,off,hidden,32,50,0.5151782363977485,0.05100588142532016,5,0.02908131564784484,0.11001429342934131,5,0.4815454072354554,0.07827470903288303,5,0.47997494513702216,0.0806738672938508,5,,,0
synthetic_sparse,QWEN,off,hidden,32,100,0.5390040650406505,0.03254960260407109,5,0.0938891710888634,0.08183346491394697,5,0.5061224822698449,0.04566176693170948,5,0.5053661970916086,0.046871570379533926,5,,,0
synthetic_sparse,QWEN,off,hidden,full,10,0.5233098811757348,0.07064188781131003,5,0.04428985024630048,0.1479565707874234,5,0.5069415240661383,0.08297972101889248,5,0.5079629322790237,0.08185528691265481,5,,,0
synthetic_sparse,QWEN,off,hidden,full,20,0.5476250781738587,0.048542886194449755,5,0.10235443803020099,0.10101997282866788,5,0.5378637167260013,0.04961380492216883,5,0.5378621539818225,0.049635106762290736,5,,,0
synthetic_sparse,QWEN,off,hidden,full,50,0.5557551594746717,0.04231068453309887,5,0.11772454632295407,0.08783617986390181,5,0.5235144960346576,0.07946678008650489,5,0.5217640327151076,0.08192297345311973,5,,,0
synthetic_sparse,QWEN,off,hidden,full,100,0.556641651031895,0.042970186062875344,5,0.14821471504004,0.089362988548765,5,0.5092961165207301,0.0841586546023159,5,0.5086417077688099,0.08364117865670663,5,,,0
synthetic_sparse,REALTABPFN-V2,off,hidden,32,10,0.627600062539087,0.12517996703105333,5,0.27148705016373625,0.26121320222747657,5,0.6063835608124405,0.1440436008075056,5,0.6074173634989969,0.14380005727289194,5,0.719255667604753,0.18625207612172984,5
synthetic_sparse,REALTABPFN-V2,off,hidden,32,20,0.7111804252657912,0.06867646994046396,5,0.4414066315128137,0.13236678596045443,5,0.7034163072517909,0.07830225666108649,5,0.7038351597197352,0.07841838706775017,5,0.816704268292683,0.08871683945665833,5
synthetic_sparse,REALTABPFN-V2,off,hidden,32,50,0.8999202626641651,0.07756851978922029,5,0.8033756932105627,0.1523711026851794,5,0.8995310817838454,0.07832852383166174,5,0.89955545902145,0.07833748884936227,5,0.9427441369606004,0.06270466606372675,5
synthetic_sparse,REALTABPFN-V2,off,hidden,32,100,0.9099874921826142,0.08584861682810785,5,0.8220291616593627,0.16850596305645277,5,0.9096151453656439,0.08665303232515661,5,0.9096260933777103,0.086659970706705,5,0.9503074186991871,0.051633904385999144,5
synthetic_sparse,REALTABPFN-V2,off,hidden,full,10,0.6375390869293309,0.10383939565387773,5,0.31147911909557596,0.21862895773213523,5,0.6161882027478377,0.11351491701015562,5,0.6172055200600812,0.1133555292842321,5,0.7104394152595372,0.1518207761205951,5
synthetic_sparse,REALTABPFN-V2,off,hidden,full,20,0.6986710444027517,0.0588923564540213,5,0.4127990781544593,0.12151600125184138,5,0.6937416677740306,0.06049010214235072,5,0.6942147550755283,0.0603273484084721,5,0.81913551438399,0.06639239234205117,5
synthetic_sparse,REALTABPFN-V2,off,hidden,full,50,0.8999812382739212,0.06311881874372573,5,0.8022693759765079,0.12650952890362654,5,0.8998345827607777,0.06320271394451075,5,0.8998534859957898,0.06321193339152156,5,0.9537435897435899,0.037529830527643235,5
synthetic_sparse,REALTABPFN-V2,off,hidden,full,100,0.9348624140087555,0.037847389713395074,5,0.8711697651143704,0.0747431227919625,5,0.934902899838715,0.03801879024980551,5,0.9349216850757287,0.0380280658018132,5,0.964369684177611,0.03201948683344784,5
synthetic_sparse,RF,off,hidden,32,10,0.5736382113821138,0.07802529610042032,5,0.18357618325735306,0.17467965302237723,5,0.5302977032150711,0.09489506659606307,5,0.5324023145457695,0.09318936317250982,5,0.6516663539712321,0.12657721946677983,5
synthetic_sparse,RF,off,hidden,32,20,0.6481582238899313,0.068875879627594,5,0.31126240506871306,0.13744798918211087,5,0.6386289232540973,0.07506720283243755,5,0.6393821610938142,0.07488021733941952,5,0.6881112414008757,0.09803018538292631,5
synthetic_sparse,RF,off,hidden,32,50,0.7343183239524703,0.10323349075418549,5,0.47930727103129717,0.2028588920150378,5,0.7292187369220424,0.10966816851874792,5,0.7294833065749505,0.10959504165764246,5,0.8229652908067543,0.11258030691025087,5
synthetic_sparse,RF,off,hidden,32,100,0.812077861163227,0.06927063912937514,5,0.6303542352313983,0.13408263486602123,5,0.8110025761839392,0.07055063968399754,5,0.8111337974805094,0.07049963156869321,5,0.883224476235147,0.061039140060552353,5
synthetic_sparse,RF,off,hidden,full,10,0.5567604752970607,0.03307502766866549,5,0.14960286511707005,0.08795406007661272,5,0.5059323494336987,0.04435191988513561,5,0.5076639044410227,0.043221257284642246,5,0.6422944027517199,0.08946069400995987,5
synthetic_sparse,RF,off,hidden,full,20,0.6454018136335209,0.06723727025825856,5,0.31346329393586736,0.13730968132582583,5,0.6315747373953299,0.07429287622983051,5,0.6324931047422686,0.0736276173987358,5,0.7104803392745466,0.06612141577583064,5
synthetic_sparse,RF,off,hidden,full,50,0.7545747342088805,0.08062425949455171,5,0.518900930283911,0.15596362984885134,5,0.7508513319992657,0.08651570900299037,5,0.7509841160400146,0.0865858618864817,5,0.841900523764853,0.05544973711078245,5
synthetic_sparse,RF,off,hidden,full,100,0.8321450906816761,0.06287709553339624,5,0.6689229505462886,0.12207383571844888,5,0.8315120273140593,0.06408266520516226,5,0.8316068673553391,0.06408217246326642,5,0.896474007191995,0.03605034641605855,5
synthetic_tree,DUMMY,off,hidden,full,10,0.5,0.0,5,0.0,0.0,5,0.33609195402298847,0.002518264632207635,5,0.34031609195402296,0.006374357350275591,5,0.5,0.0,5
synthetic_tree,DUMMY,off,hidden,full,20,0.5,0.0,5,0.0,0.0,5,0.33609195402298847,0.002518264632207635,5,0.34031609195402296,0.006374357350275591,5,0.5,0.0,5
synthetic_tree,DUMMY,off,hidden,full,50,0.5,0.0,5,0.0,0.0,5,0.33609195402298847,0.002518264632207635,5,0.34031609195402296,0.006374357350275591,5,0.5,0.0,5
synthetic_tree,DUMMY,off,hidden,full,100,0.5,0.0,5,0.0,0.0,5,0.33609195402298847,0.002518264632207635,5,0.34031609195402296,0.006374357350275591,5,0.5,0.0,5
synthetic_tree,GEMMA,off,hidden,full,10,0.5524089955130989,0.05229030802382298,5,0.10496747850990377,0.10551294975400398,5,0.5499491319693517,0.05472472150987032,5,0.5498745749597866,0.05468882685562673,5,,,0
synthetic_tree,GEMMA,off,hidden,full,20,0.5617446446663772,0.05892306580617642,5,0.1251945844177485,0.11912265890380205,5,0.560177213280637,0.0581525479115856,5,0.5605527476635357,0.05837800173936542,5,,,0
synthetic_tree,GEMMA,off,hidden,full,50,0.6075770733825445,0.036837255049896045,5,0.2187475617142706,0.07432558371293263,5,0.60360722441801,0.03743020921774158,5,0.6031311712727815,0.03759822084180172,5,,,0
synthetic_tree,GEMMA,off,hidden,full,100,0.617864379794471,0.03808895782194898,5,0.24106701592729296,0.07862226422887844,5,0.613253325493649,0.03749313592982082,5,0.6128382803137932,0.037681369214574705,5,,,0
synthetic_tree,LOCAL-GEMMA-3-27B,off,hidden,full,10,0.5143399913156752,0.08321934583752168,5,0.034735379923332504,0.1757272713595592,5,0.5076490065091865,0.07780097724517013,5,0.507753917144853,0.07835693694008791,5,,,0
synthetic_tree,LOCAL-GEMMA-3-27B,off,hidden,full,20,0.5541910913301491,0.06969955170928846,5,0.10929372545971361,0.14229542280509908,5,0.5444215420319323,0.07876824506157495,5,0.5444333385623866,0.07901671848501965,5,,,0
synthetic_tree,LOCAL-GEMMA-3-27B,off,hidden,full,50,0.610315349544073,0.033694371953174526,5,0.22268960080399972,0.06559468127542326,5,0.6078800295194033,0.035797056971827126,5,0.6079893778720685,0.035686618226828525,5,,,0
synthetic_tree,LOCAL-GEMMA-3-27B,off,hidden,full,100,0.5906055507309307,0.034396207661323876,5,0.1844007500588315,0.06936126459197438,5,0.5862121770694403,0.03524549576624687,5,0.5858556853789894,0.035225200402402256,5,,,0
synthetic_tree,LOCAL-LLAMA-3.1-8B,off,hidden,full,10,0.48871037776812853,0.0252443627507575,5,-0.02483264057395694,0.055527472384187114,5,0.3560704515925497,0.03643411380916237,5,0.35941503357506266,0.036013545000756916,5,,,0
synthetic_tree,LOCAL-LLAMA-3.1-8B,off,hidden,full,20,0.5055579678679983,0.010777620172363474,5,0.01702505838482602,0.037533667339725706,5,0.4228218514611547,0.07723083196536622,5,0.42590649696271826,0.07497293993650872,5,,,0
synthetic_tree,LOCAL-LLAMA-3.1-8B,off,hidden,full,50,0.5044688088001157,0.020676238937234356,5,0.04935672631714,0.08163158143273253,5,0.3862356933983937,0.04963517953644809,5,0.3834480787142273,0.051859945232405995,5,,,0
synthetic_tree,LOCAL-LLAMA-3.1-8B,off,hidden,full,100,0.5801095039079461,0.040399640093050235,4,0.1748208343935173,0.09821082907938107,4,0.568343096058412,0.034397298905622764,4,0.5675810421796658,0.03426145008130165,4,,,0
synthetic_tree,LOCAL-MISTRAL-7B-FP16,off,hidden,full,10,0.4683501592126212,0.014414891316704339,5,-0.07643936899729706,0.02803452456281232,5,0.4218539551985495,0.02801392081384575,5,0.4220722789315207,0.03039028774136063,5,,,0
synthetic_tree,LOCAL-MISTRAL-7B-FP16,off,hidden,full,20,0.5212257110290925,0.04676828978465,4,0.029959366163156403,0.11927474477518808,4,0.4727831104153048,0.09843764770880162,4,0.4726765842754596,0.09823619076851547,4,,,0
synthetic_tree,LOCAL-MISTRAL-7B-FP16,off,hidden,full,50,0.5434668548270373,0.02571166245250301,4,0.0894536459723977,0.051016171758804005,4,0.5334931589681055,0.035998880168018756,4,0.5339239480316915,0.03600390220422786,4,,,0
synthetic_tree,LOCAL-MISTRAL-7B-FP16,off,hidden,full,100,0.5115067303517151,,1,0.0517753689430677,,1,0.3934065934065934,,1,0.399198717948718,,1,,,0
synthetic_tree,LOCAL-MISTRAL-SMALL-3.1-24B-FP16,off,hidden,full,10,0.4648863800839484,0.04700763072665341,5,-0.07197161501525391,0.09416664574972522,5,0.4531165987399658,0.043607268117876824,5,0.4541565111770936,0.043714083791442315,5,,,0
synthetic_tree,LOCAL-MISTRAL-SMALL-3.1-24B-FP16,off,hidden,full,20,0.548764292951223,0.05727216772014643,5,0.10103513384191358,0.11797045633333714,5,0.5429558937610912,0.0575374423048112,5,0.5435497121274121,0.05789753488967025,5,,,0
synthetic_tree,LOCAL-MISTRAL-SMALL-3.1-24B-FP16,off,hidden,full,50,0.6078837386018237,0.055767523384481654,5,0.2221539583584339,0.11794863570690156,5,0.6026163977913589,0.053871046538604896,5,0.6020443588532602,0.053822329279506954,5,,,0
synthetic_tree,LOCAL-MISTRAL-SMALL-3.1-24B-FP16,off,hidden,full,100,0.562381495151252,0.03971844908106221,5,0.1289958365952847,0.08124229139872215,5,0.5512255903512597,0.04746668265808644,5,0.5503465055289756,0.048294792006386096,5,,,0
synthetic_tree,LOCAL-QWEN3-30B-A3B,off,hidden,full,10,0.4745187436676798,0.04598982953630346,5,-0.051907443596975675,0.09280432014235247,5,0.46894571835215226,0.045469164360182154,5,0.46930702462314977,0.04493378393361177,5,,,0
synthetic_tree,LOCAL-QWEN3-30B-A3B,off,hidden,full,20,0.5233554059921841,0.027597530373380887,5,0.048119560630618535,0.0926670560362719,5,0.4696124285067886,0.07008180691697692,5,0.4718385336563096,0.06784998998726884,5,,,0
synthetic_tree,LOCAL-QWEN3-30B-A3B,off,hidden,full,50,0.5408470835142568,0.03782086578103211,5,0.09818178223105338,0.08132216305109469,5,0.48485268527930947,0.08242799727303184,5,0.4877822499360372,0.0798000699456336,5,,,0
synthetic_tree,LOCAL-QWEN3-30B-A3B,off,hidden,full,100,0.5424156896801274,0.05194743868617563,5,0.09700833729093365,0.12197664399178099,5,0.4986075885708228,0.0823870326593385,5,0.5004062946533182,0.08195395529446997,5,,,0
synthetic_tree,LOCAL-QWEN3-32B-FP8,off,hidden,full,10,0.4763885873498335,0.03751617754617639,5,-0.04981882080063998,0.07927052832851829,5,0.4664285215247945,0.04149885353908171,5,0.4657858953359558,0.041062242500631174,5,,,0
synthetic_tree,LOCAL-QWEN3-32B-FP8,off,hidden,full,20,0.5279237226805616,0.048921374188457205,5,0.05735959779746994,0.10155266000602296,5,0.5228572201204718,0.050469837635219915,5,0.5234663244826419,0.05104229969216321,5,,,0
synthetic_tree,LOCAL-QWEN3-32B-FP8,off,hidden,full,50,0.5951223042408452,0.027477896926242175,5,0.20445473731847502,0.05792825417576997,5,0.581727087642737,0.037035556958792626,5,0.5820360086709314,0.03776527815287044,5,,,0
synthetic_tree,LOCAL-QWEN3-32B-FP8,off,hidden,full,100,0.6036275148357215,0.03797947752193356,5,0.2160067617267994,0.08078479398433276,5,0.5972283443673863,0.03649798413310444,5,0.5974772635360638,0.03689822848055945,5,,,0
synthetic_tree,LOCAL-QWEN3-8B,off,hidden,full,10,0.5078611231726733,0.03511112085016643,5,0.007311858460734505,0.10257898725228222,5,0.4466785931646613,0.07001880572851647,5,0.4447449730566991,0.06981043086324001,5,,,0
synthetic_tree,LOCAL-QWEN3-8B,off,hidden,full,20,0.5202824214792299,0.04818868052206456,5,0.04576884566750614,0.09980729593590355,5,0.49804395432298365,0.058199412307694404,5,0.4972740278284366,0.05906887178957841,5,,,0
synthetic_tree,LOCAL-QWEN3-8B,off,hidden,full,50,0.532255029671443,0.04829091077654613,5,0.09662067420453183,0.12894920484522604,5,0.4758457960978072,0.05139355428185425,5,0.474357060593134,0.050892567659085064,5,,,0
synthetic_tree,LOCAL-QWEN3-8B,off,hidden,full,100,0.5338706759299464,0.05272029386259298,5,0.0854158871270859,0.10937389984471722,5,0.4716649952377675,0.1046938396066995,5,0.47016869858776805,0.10632869512046833,5,,,0
synthetic_tree,QWEN,off,hidden,full,10,0.4927956288898538,0.09249700671242812,5,-0.01874725894042619,0.19508715564229348,5,0.4727203531241579,0.10079975399245086,5,0.4732146661432363,0.101327775624754,5,,,0
synthetic_tree,QWEN,off,hidden,full,20,0.5746363438992618,0.047720191657326626,5,0.15608766772754937,0.0970107990939605,5,0.5656888908673979,0.048572799298433826,5,0.5659595123475932,0.048115402679264015,5,,,0
synthetic_tree,QWEN,off,hidden,full,50,0.6066208930380663,0.04723144288055113,5,0.2311895743903613,0.09716709588005612,5,0.5884316257146723,0.05297230834401161,5,0.5874469401104215,0.05337285642935679,5,,,0
synthetic_tree,QWEN,off,hidden,full,100,0.5493170140396584,0.08057673462419607,5,0.10075763530960131,0.16805036499046408,5,0.5111586420718592,0.10756322526392516,5,0.5094165445238847,0.108369557061945,5,,,0
synthetic_tree,REALTABPFN-V2,off,hidden,full,10,0.5056900419742364,0.045524241529370416,5,0.0164479810721591,0.10521285596050302,5,0.4806442056837271,0.04226661217730601,5,0.48204009133561143,0.04282708252215365,5,0.5564861993112847,0.06229180648256785,5
synthetic_tree,REALTABPFN-V2,off,hidden,full,20,0.5451901505282964,0.039210654278983216,5,0.09553734229899132,0.07844138639617311,5,0.5312250471281909,0.045547280455360564,5,0.5326369983772921,0.0446175513045449,5,0.5830487558498577,0.04291873895752083,5
synthetic_tree,REALTABPFN-V2,off,hidden,full,50,0.6008512447532205,0.03820934226762448,5,0.20531322170423766,0.07917182988338349,5,0.5984793195221166,0.037799375547601786,5,0.5990276084913475,0.03786091139483651,5,0.6575087936327013,0.0380112444642168,5
synthetic_tree,REALTABPFN-V2,off,hidden,full,100,0.6961011000144739,0.045406981851023896,5,0.39283879919583936,0.09030534245507103,5,0.6955483749391449,0.04584892303184975,5,0.6955130768851134,0.0459187391957526,5,0.7569243732510735,0.030541602858125794,5
synthetic_tree,RF,off,hidden,full,10,0.51580547112462,0.06655690242315372,5,0.03994040195307,0.152060196557763,5,0.49334926257078865,0.06361545425194134,5,0.4948632917183442,0.06386225538209954,5,0.540944989476287,0.09185529782119184,5
synthetic_tree,RF,off,hidden,full,20,0.5355496453900709,0.05053775956712096,5,0.07564610751302173,0.10535931381486686,5,0.5251777276666786,0.050546769719655986,5,0.5262184859829756,0.04986680611273756,5,0.6022828202646308,0.06166044687319681,5
synthetic_tree,RF,off,hidden,full,50,0.6657964249529599,0.05778411372585411,5,0.3358107754217598,0.11788492271747693,5,0.6644607806556431,0.05783090693737626,5,0.6648016369308312,0.057826279952008695,5,0.6958871203623292,0.06922711369752588,5
synthetic_tree,RF,off,hidden,full,100,0.7060428426689824,0.028616508962450875,5,0.4138210174719131,0.057278874667128284,5,0.7055133368844748,0.02898237007512968,5,0.7056220508554378,0.029054675373835832,5,0.7878350852752449,0.013109721576005045,5
synthetic_wide_dense,DUMMY,off,hidden,32,10,0.5,0.0,5,0.0,0.0,5,0.33243847874720356,0.0020009556845635478,5,0.33112304250559277,0.004942360540871948,5,0.5,0.0,5
synthetic_wide_dense,DUMMY,off,hidden,32,20,0.5,0.0,5,0.0,0.0,5,0.33243847874720356,0.0020009556845635478,5,0.33112304250559277,0.004942360540871948,5,0.5,0.0,5
synthetic_wide_dense,DUMMY,off,hidden,32,50,0.5,0.0,5,0.0,0.0,5,0.33243847874720356,0.0020009556845635478,5,0.33112304250559277,0.004942360540871948,5,0.5,0.0,5
synthetic_wide_dense,DUMMY,off,hidden,32,100,0.5,0.0,5,0.0,0.0,5,0.33243847874720356,0.0020009556845635478,5,0.33112304250559277,0.004942360540871948,5,0.5,0.0,5
synthetic_wide_dense,DUMMY,off,hidden,full,10,0.5,0.0,5,0.0,0.0,5,0.33243847874720356,0.0020009556845635478,5,0.33112304250559277,0.004942360540871948,5,0.5,0.0,5
synthetic_wide_dense,DUMMY,off,hidden,full,20,0.5,0.0,5,0.0,0.0,5,0.33243847874720356,0.0020009556845635478,5,0.33112304250559277,0.004942360540871948,5,0.5,0.0,5
synthetic_wide_dense,DUMMY,off,hidden,full,50,0.5,0.0,5,0.0,0.0,5,0.33243847874720356,0.0020009556845635478,5,0.33112304250559277,0.004942360540871948,5,0.5,0.0,5
synthetic_wide_dense,DUMMY,off,hidden,full,100,0.5,0.0,5,0.0,0.0,5,0.33243847874720356,0.0020009556845635478,5,0.33112304250559277,0.004942360540871948,5,0.5,0.0,5
synthetic_wide_dense,GEMMA,off,hidden,32,10,0.5598879551820728,0.030640794513416295,5,0.1257173877901412,0.05652365159590928,5,0.541561186619972,0.054084074747292106,5,0.5416252891840746,0.05416982696066248,5,,,0
synthetic_wide_dense,GEMMA,off,hidden,32,20,0.5152444977991196,0.05476996143672952,5,0.031514460431568636,0.12286446098561624,5,0.4939924763844246,0.06287289397503884,5,0.4943591430510913,0.06322479228997714,5,,,0
synthetic_wide_dense,GEMMA,off,hidden,32,50,0.5613575430172069,0.05332516140903643,4,0.1301650245953655,0.10735404246173738,4,0.5474139743389224,0.05966138055456599,4,0.5479487790927424,0.059753550193250335,4,,,0
synthetic_wide_dense,GEMMA,off,hidden,32,100,0.5633333333333334,0.07023769168568496,3,0.1285377920890354,0.14446080326531638,3,0.5550966471526299,0.07820634187905016,3,0.5550966471526299,0.07820634187905016,3,,,0
synthetic_wide_dense,GEMMA,off,hidden,full,10,0.527922368947579,0.02489260889580271,5,0.05852660904545892,0.04868046554539607,5,0.5090106547963444,0.04616260162458386,5,0.5090671056020695,0.04619420023483288,5,,,0
synthetic_wide_dense,GEMMA,off,hidden,full,20,0.5189131652661064,0.07367234713355734,5,0.03767130853654716,0.1707320047565995,5,0.48558449453963837,0.0895399565236263,5,0.4862893556507495,0.08841590893842617,5,,,0
synthetic_wide_dense,GEMMA,off,hidden,full,50,0.5474829931972789,0.05274160232894637,5,0.09530788164930681,0.10767107393952176,5,0.5410021545660886,0.05985065141348983,5,0.5412649044640895,0.05979754668972478,5,,,0
synthetic_wide_dense,GEMMA,off,hidden,full,100,0.5518895558223289,0.05001285314174573,5,0.12165727927906386,0.1060252985521425,5,0.5229096245491451,0.0636563185637198,5,0.5229705219850425,0.06377173441596208,5,,,0
synthetic_wide_dense,LOCAL-LLAMA-3.1-8B,off,hidden,32,10,0.5,,1,0.0,,1,0.3333333333333333,,1,0.3333333333333332,,1,,,0
synthetic_wide_dense,LOCAL-LLAMA-3.1-8B,off,hidden,full,10,0.5091056422569027,0.031894907702394296,4,0.02166847970893567,0.0849655030935909,4,0.42201535545291546,0.08108966956856042,4,0.42124369929626093,0.08008123512759449,4,,,0
synthetic_wide_dense,LOCAL-LLAMA-3.1-8B,off,hidden,full,100,0.5066666666666667,0.005773502691896279,3,0.019831419565914134,0.01794322113884158,3,0.40310910921386817,0.06618942256953612,3,0.4031091092138681,0.06618942256953614,3,,,0
synthetic_wide_dense,LOCAL-MISTRAL-7B-FP16,off,hidden,32,10,0.5058831532613045,0.02280649672818262,5,0.00047731635684699903,0.09682676384948631,5,0.4043282312115279,0.09120205610262432,5,0.40440194916024585,0.09133843638831368,5,,,0
synthetic_wide_dense,LOCAL-MISTRAL-7B-FP16,off,hidden,32,20,0.5048827531012405,0.03451485501591138,5,0.002194379639486882,0.08556775677107663,5,0.4635855676775984,0.06562482886889744,5,0.4631725537640092,0.06527851518446068,5,,,0
synthetic_wide_dense,LOCAL-MISTRAL-7B-FP16,off,hidden,32,50,0.5302424969987996,0.046371262911119135,5,0.09116994621276278,0.11561069022278976,5,0.48531932107334824,0.06754605270717456,5,0.4852250854843758,0.0674704740878212,5,,,0
synthetic_wide_dense,LOCAL-MISTRAL-7B-FP16,off,hidden,32,100,0.49333333333333335,0.0057735026918962675,3,-0.0670025210172808,0.058025885318565944,3,0.33035048471290085,0.0025832226809379016,3,0.3303504847129008,0.002583222680937834,3,,,0
synthetic_wide_dense,LOCAL-MISTRAL-7B-FP16,off,hidden,full,10,0.5289251700680272,0.02912547516721477,5,0.07694566016253465,0.1142741776830128,5,0.4431952641462818,0.08549080370418202,5,0.44278837049348646,0.08493204579112848,5,,,0
synthetic_wide_dense,LOCAL-MISTRAL-7B-FP16,off,hidden,full,20,0.5024817927170868,0.02725511499480595,5,0.007940262084884662,0.07536808775844295,5,0.41331054193928374,0.05402832510126229,5,0.4141752665530354,0.05470644877539694,5,,,0
synthetic_wide_dense,LOCAL-MISTRAL-7B-FP16,off,hidden,full,50,0.5,0.0,4,0.0,0.0,4,0.3344370860927152,0.0022075055187637757,4,0.33612582781456946,0.0055849889624724385,4,,,0
synthetic_wide_dense,LOCAL-MISTRAL-SMALL-3.1-24B-FP16,off,hidden,32,10,0.522452981192477,0.07985802696791508,5,0.04569517682042522,0.16377827598509354,5,0.504568187882583,0.08609419561906391,5,0.5044308141452094,0.08579104688807218,5,,,0
synthetic_wide_dense,LOCAL-MISTRAL-SMALL-3.1-24B-FP16,off,hidden,32,20,0.49972148859543813,0.04936053355449337,5,0.0015159452227323192,0.10636064094686196,5,0.48661353541524893,0.046860604783278824,5,0.48676812478722953,0.04698663488493152,5,,,0
synthetic_wide_dense,LOCAL-MISTRAL-SMALL-3.1-24B-FP16,off,hidden,32,50,0.5283649459783912,0.05431262842200726,5,0.05886420890320222,0.11260754221632367,5,0.518213667409426,0.05636356559392895,5,0.5180719604851104,0.05624191001084935,5,,,0
synthetic_wide_dense,LOCAL-MISTRAL-SMALL-3.1-24B-FP16,off,hidden,32,100,0.5575742296918768,0.07064733864625619,5,0.13286832114603836,0.14145126567668267,5,0.4986780779884228,0.13232870400221525,5,0.4988339221442669,0.13258895387445355,5,,,0
synthetic_wide_dense,LOCAL-MISTRAL-SMALL-3.1-24B-FP16,off,hidden,full,10,0.5407242897158864,0.04087456691953873,5,0.08731935373562597,0.08086657437719395,5,0.5200751328108217,0.05420919780969636,5,0.519760026230655,0.05409352616734404,5,,,0
synthetic_wide_dense,LOCAL-MISTRAL-SMALL-3.1-24B-FP16,off,hidden,full,20,0.5332837134853942,0.020097608595820497,5,0.07031016585637702,0.04216809906754364,5,0.4996409855746343,0.06772777376296411,5,0.499995794164737,0.06795146044773138,5,,,0
synthetic_wide_dense,LOCAL-MISTRAL-SMALL-3.1-24B-FP16,off,hidden,full,50,0.5204425770308123,0.0293605823837219,5,0.048166349573570744,0.08191950376296726,5,0.46056668910881926,0.06313751762990484,5,0.4614428795850098,0.06302582026293252,5,,,0
synthetic_wide_dense,LOCAL-MISTRAL-SMALL-3.1-24B-FP16,off,hidden,full,100,0.498484993997599,0.04686523408152772,5,0.010406626719069778,0.1182728159854771,5,0.4029708783568866,0.0615231440783052,5,0.4037620093864892,0.06297635450445052,5,,,0
synthetic_wide_dense,LOCAL-QWEN3-32B-FP8,off,hidden,32,10,0.5057671068427372,0.04879921754586125,5,0.01069418145024122,0.09909070754622624,5,0.498367680205659,0.05342831068778918,5,0.49848304549557965,0.0536702583022643,5,,,0
synthetic_wide_dense,LOCAL-QWEN3-32B-FP8,off,hidden,32,20,0.5372877150860345,0.047033313590779995,5,0.07454012753824184,0.13317038648544696,5,0.49537522051774785,0.0908427198335009,5,0.4948127689191196,0.0904556245953381,5,,,0
synthetic_wide_dense,LOCAL-QWEN3-32B-FP8,off,hidden,32,50,0.5522929171668667,0.06963847095813674,5,0.12824803241313673,0.15661253604714376,5,0.518917373434416,0.08269074952023171,5,0.5188354786130591,0.08251763600797614,5,,,0
synthetic_wide_dense,LOCAL-QWEN3-32B-FP8,off,hidden,32,100,0.5455350140056023,0.0849334215835659,5,0.09268360334704602,0.176972142496854,5,0.5310830257311492,0.09511753634068136,5,0.5312469968429384,0.09544862547116108,5,,,0
synthetic_wide_dense,LOCAL-QWEN3-32B-FP8,off,hidden,full,10,0.5112476990796319,0.06330342471693724,5,-0.003722309772500776,0.16502138460887228,5,0.45431966599657014,0.10980003061746112,5,0.45465299932990344,0.11029104074492299,5,,,0
synthetic_wide_dense,LOCAL-QWEN3-32B-FP8,off,hidden,full,20,0.5241184473789515,0.05017011996421006,5,0.054138586510282805,0.09910341041255336,5,0.4851764601439685,0.08206462119903739,5,0.48513484349730973,0.08206808715247216,5,,,0
synthetic_wide_dense,LOCAL-QWEN3-32B-FP8,off,hidden,full,50,0.49512044817927164,0.05525471693259541,5,-0.00987582043946116,0.11086335442367208,5,0.4854088349486273,0.055998976194983195,5,0.48588481425387486,0.05597957540512132,5,,,0
synthetic_wide_dense,LOCAL-QWEN3-32B-FP8,off,hidden,full,100,0.5009227691076431,0.0356856441332272,5,0.01774894056025348,0.08603935637719456,5,0.43345205283404403,0.06727913555006627,5,0.43401108061182186,0.06798722811025605,5,,,0
synthetic_wide_dense,LOCAL-QWEN3-8B,off,hidden,32,10,0.5040816326530612,0.01957801383114944,5,0.009277811606990557,0.09893268652565688,5,0.3970750793815368,0.06170161275357146,5,0.3982873441532172,0.06137773836994226,5,,,0
synthetic_wide_dense,LOCAL-QWEN3-8B,off,hidden,32,20,0.5340856342537015,0.042868913550032625,5,0.07627047325354236,0.08255693835494189,5,0.43913479043651255,0.12873470697562697,5,0.43911758871634055,0.12871286004971835,5,,,0
synthetic_wide_dense,LOCAL-QWEN3-8B,off,hidden,32,50,0.5040408163265306,0.005533586066965699,5,0.027495438794296778,0.04459344592013649,5,0.3575930828884309,0.031963963809499146,5,0.35887308288843084,0.03221163015390553,5,,,0
synthetic_wide_dense,LOCAL-QWEN3-8B,off,hidden,32,100,0.5102040816326531,0.023887578567725037,5,0.06130980864959366,0.10824817238960346,5,0.38300537729662326,0.04552064954237069,5,0.3840322672002255,0.0472082349853851,5,,,0
synthetic_wide_dense,LOCAL-QWEN3-8B,off,hidden,full,10,0.522,0.04207136793592523,5,0.07446457475344495,0.10864811904345087,5,0.4369954468686674,0.08707424311516414,5,0.4383464402461509,0.08518124373408931,5,,,0
synthetic_wide_dense,LOCAL-QWEN3-8B,off,hidden,full,20,0.5251708683473388,0.0620252752954698,5,0.05567399475906282,0.13651321880032,5,0.41999013103788585,0.12904110914160946,5,0.42032304402653653,0.12969207026966686,5,,,0
synthetic_wide_dense,LOCAL-QWEN3-8B,off,hidden,full,50,0.493001200480192,0.01789038942047736,5,-0.042987229234370275,0.08414806662377536,5,0.3745380832791456,0.06530538637113813,5,0.37507347581453815,0.06644053684520439,5,,,0
synthetic_wide_dense,LOCAL-QWEN3-8B,off,hidden,full,100,0.49684273709483795,0.026555294803792026,5,-0.04412904703591336,0.1107744389411666,5,0.40863899056415376,0.08782823802931486,5,0.4092455839707472,0.08857682716706276,5,,,0
synthetic_wide_dense,QWEN,off,hidden,32,10,0.5181344537815126,0.09656367935517697,5,0.02070223314016295,0.20830407326863842,5,0.4715821773158175,0.1274790408705157,5,0.4715565670717199,0.12742673683714914,5,,,0
synthetic_wide_dense,QWEN,off,hidden,32,20,0.524609843937575,0.056817445324116735,5,0.0508421899306102,0.1196388965294997,5,0.514760266737964,0.059130129379170705,5,0.514543212474398,0.05868239326729982,5,,,0
synthetic_wide_dense,QWEN,off,hidden,32,50,0.5558487394957984,0.03885478388349925,5,0.11568427129130361,0.07427406307916684,5,0.5407789794370453,0.06158995002663451,5,0.540857174925767,0.0616984065157741,5,,,0
synthetic_wide_dense,QWEN,off,hidden,32,100,0.5128067226890757,0.07355539996919466,5,0.0452503379988457,0.16168561978241805,5,0.4761928149469622,0.06863556600069248,5,0.4767552665455903,0.06936250500634811,5,,,0
synthetic_wide_dense,QWEN,off,hidden,full,10,0.5243193277310925,0.03167596871220148,5,0.0493997910309048,0.0638138540740143,5,0.5013860714504148,0.06189834358644272,5,0.5012425682849039,0.06193943572928657,5,,,0
synthetic_wide_dense,QWEN,off,hidden,full,20,0.5045202080832333,0.02064342513772785,5,0.008396719550810821,0.04204429868689064,5,0.4935043962830675,0.028975173269088255,5,0.49326088978956106,0.028988790846692456,5,,,0
synthetic_wide_dense,QWEN,off,hidden,full,50,0.48766706682673067,0.051733468288687766,3,-0.0354689813540238,0.1349398551519002,3,0.44572959107489035,0.07396544108332463,3,0.4452535948828599,0.07354143544577109,3,,,0
synthetic_wide_dense,REALTABPFN-V2,off,hidden,32,10,0.517967987194878,0.04651282080296186,5,0.03708740958474136,0.09366815758463415,5,0.4663723814177211,0.08112822870621003,5,0.4664043942228432,0.08119406563376984,5,0.5816496358543418,0.09316448990111076,5
synthetic_wide_dense,REALTABPFN-V2,off,hidden,32,20,0.5465754301720688,0.08269710068291038,5,0.10168695921957618,0.17046714452826786,5,0.5096477027079243,0.09908401667828422,5,0.5094837315961349,0.09872198289730205,5,0.5977814965986396,0.11954727729144517,5
synthetic_wide_dense,REALTABPFN-V2,off,hidden,32,50,0.6399335734293717,0.04353205795329816,5,0.28455923733806754,0.084544587011901,5,0.6360588680728555,0.047192607982775615,5,0.6360985037449605,0.04722799853996941,5,0.7004613365346138,0.08826709091764429,5
synthetic_wide_dense,REALTABPFN-V2,off,hidden,32,100,0.6798991596638656,0.06507629978299924,5,0.3647904516824415,0.13199201466412866,5,0.6778784356248145,0.06529067312884294,5,0.6779201022914811,0.06533994392164927,5,0.7625077871148459,0.0945206917639896,5
synthetic_wide_dense,REALTABPFN-V2,off,hidden,full,10,0.5123977591036415,0.03780246494132755,5,0.049810189727959156,0.11590811065539225,5,0.4480400632521774,0.044618627423528845,5,0.44784770515156236,0.04452558628737545,5,0.5914384153661464,0.10722382524061519,5
synthetic_wide_dense,REALTABPFN-V2,off,hidden,full,20,0.6106146458583434,0.0967442606714526,5,0.2651441122157757,0.22898217838185622,5,0.5727928077230164,0.11398470582711356,5,0.5726100251852767,0.11378319089616122,5,0.6768588555422169,0.10190515029579725,5
synthetic_wide_dense,REALTABPFN-V2,off,hidden,full,50,0.7221328531412565,0.050985252896214577,5,0.4445217872148347,0.10178024038805823,5,0.7219209700081652,0.05124008190380229,5,0.7218937591238116,0.05128129543953873,5,0.8113016886754701,0.03526967964659408,5
synthetic_wide_dense,REALTABPFN-V2,off,hidden,full,100,0.8159415766306524,0.04457281406783085,5,0.6329122389588373,0.08982900075221276,5,0.8158486315513283,0.04447461702202648,5,0.8158762564137044,0.04443888680913413,5,0.9001907803121248,0.02566389259244234,5
synthetic_wide_dense,RF,off,hidden,32,10,0.5202849139655863,0.03207642867274276,5,0.03893634576515196,0.0757106495201223,5,0.4743127270374625,0.07048353632017938,5,0.47420674550394193,0.07032569291766788,5,0.5712914445778311,0.06477055401721472,5
synthetic_wide_dense,RF,off,hidden,32,20,0.5520888355342137,0.06027371409844994,5,0.10525558343421311,0.12165390533829391,5,0.5424719496817052,0.0688232110804522,5,0.5424563481215492,0.06880409336968238,5,0.5901333013205282,0.08960503778131063,5
synthetic_wide_dense,RF,off,hidden,32,50,0.6038959583833534,0.09436675333662155,5,0.2079921122564897,0.1892731821474034,5,0.6017995123054531,0.09727269227456183,5,0.60184758922853,0.09733310525080086,5,0.6461820248099239,0.11689574683940701,5
synthetic_wide_dense,RF,off,hidden,32,100,0.6638975590236094,0.08783911847277123,5,0.32856553161524626,0.17600961029014955,5,0.6631219484718012,0.08899647000522434,5,0.663166820266673,0.08903208384893337,5,0.716506362545018,0.10311953074649574,5
synthetic_wide_dense,RF,off,hidden,full,10,0.5520024009603841,0.020490680223016623,5,0.15863610187570149,0.07114487695335556,5,0.4879277845572039,0.041326840692787276,5,0.48794658643739186,0.04135075466836908,5,0.5813249139655862,0.04047353956907025,5
synthetic_wide_dense,RF,off,hidden,full,20,0.5602440976390557,0.05142174129014471,5,0.1265506479067803,0.1084774441717844,5,0.5469837668392439,0.05719558849363037,5,0.546893541275334,0.05719222052374826,5,0.6224892036814726,0.06243893268382504,5
synthetic_wide_dense,RF,off,hidden,full,50,0.6541736694677871,0.02090687887112017,5,0.31095805627246886,0.041415552665191,5,0.6525341958522057,0.021305671181361296,5,0.652494560180101,0.021265894366381915,5,0.7343794797919168,0.035304817526915354,5
synthetic_wide_dense,RF,off,hidden,full,100,0.743859943977591,0.021863147946051396,5,0.48978762118228375,0.044789751892238334,5,0.7434390104120737,0.02176700281756597,5,0.743489135725357,0.021784366790124948,5,0.8279490036014405,0.025399140073802836,5
synthetic_wide_nonlinear,DUMMY,off,hidden,32,10,0.5,0.0,5,0.0,0.0,5,0.33598233995584986,0.0024182011368881506,5,0.3400353200883001,0.006118048876327063,5,0.5,0.0,5
synthetic_wide_nonlinear,DUMMY,off,hidden,32,20,0.5,0.0,5,0.0,0.0,5,0.33598233995584986,0.0024182011368881506,5,0.3400353200883001,0.006118048876327063,5,0.5,0.0,5
synthetic_wide_nonlinear,DUMMY,off,hidden,32,50,0.5,0.0,5,0.0,0.0,5,0.33598233995584986,0.0024182011368881506,5,0.3400353200883001,0.006118048876327063,5,0.5,0.0,5
synthetic_wide_nonlinear,DUMMY,off,hidden,32,100,0.5,0.0,5,0.0,0.0,5,0.33598233995584986,0.0024182011368881506,5,0.3400353200883001,0.006118048876327063,5,0.5,0.0,5
synthetic_wide_nonlinear,DUMMY,off,hidden,full,10,0.5,0.0,5,0.0,0.0,5,0.33598233995584986,0.0024182011368881506,5,0.3400353200883001,0.006118048876327063,5,0.5,0.0,5
synthetic_wide_nonlinear,DUMMY,off,hidden,full,20,0.5,0.0,5,0.0,0.0,5,0.33598233995584986,0.0024182011368881506,5,0.3400353200883001,0.006118048876327063,5,0.5,0.0,5
synthetic_wide_nonlinear,DUMMY,off,hidden,full,50,0.5,0.0,5,0.0,0.0,5,0.33598233995584986,0.0024182011368881506,5,0.3400353200883001,0.006118048876327063,5,0.5,0.0,5
synthetic_wide_nonlinear,DUMMY,off,hidden,full,100,0.5,0.0,5,0.0,0.0,5,0.33598233995584986,0.0024182011368881506,5,0.3400353200883001,0.006118048876327063,5,0.5,0.0,5
synthetic_wide_nonlinear,GEMMA,off,hidden,32,10,0.5467282913165266,0.040473907897242,5,0.09419446221072943,0.08909603803131128,5,0.5198338732574972,0.07445175162960689,5,0.520687493981695,0.0726057090463006,5,,,0
synthetic_wide_nonlinear,GEMMA,off,hidden,32,20,0.5138495398159264,0.04731829018704806,5,0.028798398434155104,0.11085374338599416,5,0.49331883823849854,0.05843886085711025,5,0.4943980676355032,0.05920750107910027,5,,,0
synthetic_wide_nonlinear,GEMMA,off,hidden,32,100,0.5650260104041617,0.04357520780421301,2,0.14757439894359906,0.08993225501048689,2,0.5370804059328649,0.06021001715742046,2,0.539521647751156,0.059373191333627666,2,,,0
synthetic_wide_nonlinear,GEMMA,off,hidden,full,10,0.5220040016006402,0.04842808990522662,5,0.047556550375157505,0.09912825280087573,5,0.509131131994103,0.04947661124523483,5,0.5092241954344063,0.049116996587617257,5,,,0
synthetic_wide_nonlinear,GEMMA,off,hidden,full,20,0.5077615046018408,0.03281158759902623,5,0.02267740778142142,0.07516395469273493,5,0.4804812647650894,0.023344116839129438,5,0.48172072564252044,0.022977025226042575,5,,,0
synthetic_wide_nonlinear,GEMMA,off,hidden,full,50,0.5426140456182473,0.012083223193013014,4,0.09008171540805257,0.024128959934873864,4,0.5308301789418932,0.01695874621261238,4,0.5320206911399243,0.017153677776767916,4,,,0
synthetic_wide_nonlinear,GEMMA,off,hidden,full,100,0.5224881952781113,0.021901155927463445,5,0.0668602617914958,0.0822684940664205,5,0.4815665845149857,0.027778178532654307,5,0.48245359585120945,0.026948049249176653,5,,,0
synthetic_wide_nonlinear,LOCAL-LLAMA-3.1-8B,off,hidden,32,20,0.4353741496598639,,1,-0.1455378926385571,,1,0.4057724957555177,,1,0.4086247877758913,,1,,,0
synthetic_wide_nonlinear,LOCAL-LLAMA-3.1-8B,off,hidden,32,50,0.5208083233293317,,1,0.1061657908025054,,1,0.3967398280066743,,1,0.4024104736234116,,1,,,0
synthetic_wide_nonlinear,LOCAL-LLAMA-3.1-8B,off,hidden,32,100,0.5,,1,0.0,,1,0.3658041603247082,,1,0.3658041603247082,,1,,,0
synthetic_wide_nonlinear,LOCAL-LLAMA-3.1-8B,off,hidden,full,10,0.5066010404161665,0.021194473276896424,5,0.0678941195099029,0.09969835066251581,5,0.37679950669585416,0.019323878396299423,5,0.3802175920339395,0.020323871693846172,5,,,0
synthetic_wide_nonlinear,LOCAL-LLAMA-3.1-8B,off,hidden,full,100,0.5153061224489797,0.021646125954690214,2,0.0897081318302516,0.12686645668949534,2,0.43842802449359825,0.051111265184092876,2,0.4412970473626211,0.04705385413196219,2,,,0
synthetic_wide_nonlinear,LOCAL-MISTRAL-7B-FP16,off,hidden,32,10,0.4873181272509003,0.026431653850621052,5,-0.05158747829786344,0.12471731652556124,5,0.3732737557416418,0.059087996977230516,5,0.3762778960972253,0.05894038062283981,5,,,0
synthetic_wide_nonlinear,LOCAL-MISTRAL-7B-FP16,off,hidden,32,20,0.4828411364545818,0.036841239560872506,5,-0.03811541287865814,0.08398029986854191,5,0.4473844150067932,0.04256158340368385,5,0.4481699441228571,0.041400682353426005,5,,,0
synthetic_wide_nonlinear,LOCAL-MISTRAL-7B-FP16,off,hidden,32,50,0.5122456982793118,0.03166489373374966,5,0.04524802940903544,0.10844760108302028,5,0.437849229752919,0.06376263681625444,5,0.4379915042499105,0.06142034466889367,5,,,0
synthetic_wide_nonlinear,LOCAL-MISTRAL-7B-FP16,off,hidden,32,100,0.5034013605442177,0.005891329277445183,3,0.034178122026917765,0.05919824385791055,3,0.34369389256806476,0.014293003019020643,3,0.3480788815305371,0.016820809677004556,3,,,0
synthetic_wide_nonlinear,LOCAL-MISTRAL-7B-FP16,off,hidden,full,10,0.504359343737495,0.015161729401696704,5,0.002028643121643023,0.0853358966050523,5,0.39430975640081584,0.06694077840759276,5,0.39802380506752905,0.06414051486894938,5,,,0
synthetic_wide_nonlinear,LOCAL-MISTRAL-7B-FP16,off,hidden,full,20,0.45270908363345336,0.010575783084705038,5,-0.13545417684110628,0.05569589798236083,5,0.3916948347584034,0.05516296406443909,5,0.39263453286533223,0.05374931650890208,5,,,0
synthetic_wide_nonlinear,LOCAL-MISTRAL-7B-FP16,off,hidden,full,50,0.5,0.0,2,0.0,0.0,2,0.33554083885209707,0.003121884243649213,2,0.33891832229580565,0.007898367136432577,2,,,0
synthetic_wide_nonlinear,LOCAL-MISTRAL-SMALL-3.1-24B-FP16,off,hidden,32,10,0.5254493797519008,0.0569625679842792,5,0.05254329583632853,0.1283116473166248,5,0.509554811601228,0.0675198770550445,5,0.51089604123263,0.06693936430380419,5,,,0
synthetic_wide_nonlinear,LOCAL-MISTRAL-SMALL-3.1-24B-FP16,off,hidden,32,20,0.5232901160464185,0.06678317695183561,5,0.05005536840199556,0.13754724033991517,5,0.5064353962145857,0.06914836269214605,5,0.506913754965864,0.068692298895544,5,,,0
synthetic_wide_nonlinear,LOCAL-MISTRAL-SMALL-3.1-24B-FP16,off,hidden,32,50,0.5175686274509804,0.053432399656603825,5,0.024616668337243353,0.12408108982137628,5,0.4632967744332233,0.10090315310186496,5,0.46474174286557873,0.10012532530505382,5,,,0
synthetic_wide_nonlinear,LOCAL-MISTRAL-SMALL-3.1-24B-FP16,off,hidden,32,100,0.5186426570628251,0.026391074908568044,5,0.05372342150641386,0.07225739402939829,5,0.4578982403226175,0.05333145790380444,5,0.45757821971437423,0.05391682192992569,5,,,0
synthetic_wide_nonlinear,LOCAL-MISTRAL-SMALL-3.1-24B-FP16,off,hidden,full,10,0.5105698279311724,0.07727895505757004,5,0.022278036410107737,0.16846845744812577,5,0.48571446438206545,0.08504683337179433,5,0.4865263889130631,0.08496397412337477,5,,,0
synthetic_wide_nonlinear,LOCAL-MISTRAL-SMALL-3.1-24B-FP16,off,hidden,full,20,0.521765506202481,0.07162950533894757,5,0.044871100879529696,0.14435162679114066,5,0.5193649096720965,0.07033621148871792,5,0.5195399627543278,0.07027173479038169,5,,,0
synthetic_wide_nonlinear,LOCAL-MISTRAL-SMALL-3.1-24B-FP16,off,hidden,full,50,0.514328931572629,0.038149988146905546,5,0.02889449329158266,0.0805715467953366,5,0.4770092352052915,0.07540715815165974,5,0.4769427889478549,0.07513916089102098,5,,,0
synthetic_wide_nonlinear,LOCAL-MISTRAL-SMALL-3.1-24B-FP16,off,hidden,full,100,0.5153693477390956,0.04517850925809077,5,0.02045808206150198,0.13020842137017852,5,0.44454372419877847,0.08914340966803226,5,0.44631969189196974,0.08703661616058246,5,,,0
synthetic_wide_nonlinear,LOCAL-QWEN3-32B-FP8,off,hidden,32,10,0.5235254101640656,0.03737947014438079,5,0.04864776823937666,0.08863874948278137,5,0.4965090291024568,0.05472753941215787,5,0.49696095046941524,0.05278892006724675,5,,,0
synthetic_wide_nonlinear,LOCAL-QWEN3-32B-FP8,off,hidden,32,20,0.48771748699479794,0.04300145049571966,5,-0.0280368260975282,0.09891408896072483,5,0.46915326682251646,0.051900257714956405,5,0.47045732554358305,0.05131194022824078,5,,,0
synthetic_wide_nonlinear,LOCAL-QWEN3-32B-FP8,off,hidden,32,50,0.5196126450580232,0.09033887661203231,5,0.02970742801032188,0.19808569980293422,5,0.48999155944911765,0.11455473954891306,5,0.49130373436837455,0.11428030234473509,5,,,0
synthetic_wide_nonlinear,LOCAL-QWEN3-32B-FP8,off,hidden,32,100,0.5252933173269307,0.06054735325538077,5,0.06037298994294697,0.14212716366409434,5,0.49207794820691503,0.06451511513354077,5,0.49051126479954543,0.0644587470217383,5,,,0
synthetic_wide_nonlinear,LOCAL-QWEN3-32B-FP8,off,hidden,full,10,0.5314453781512605,0.038346710525040364,5,0.08099448803566117,0.08657589262552369,5,0.4869638601678806,0.056435102748703586,5,0.48737417085877943,0.055789098920172954,5,,,0
synthetic_wide_nonlinear,LOCAL-QWEN3-32B-FP8,off,hidden,full,20,0.5008803521408562,0.03593918604274055,5,0.001369214930991039,0.0753574340834985,5,0.48107011420703377,0.044640851852835825,5,0.4817118573452456,0.044576374736234166,5,,,0
synthetic_wide_nonlinear,LOCAL-QWEN3-32B-FP8,off,hidden,full,50,0.5237687074829932,0.021151675260132695,5,0.0656851021783772,0.05151796497754987,5,0.4800722560975922,0.05883117478170538,5,0.47803205924577635,0.060862610904304205,5,,,0
synthetic_wide_nonlinear,LOCAL-QWEN3-32B-FP8,off,hidden,full,100,0.5059247699079632,0.027061083966537534,5,0.048548257479700964,0.09070105818390746,5,0.41596926432577075,0.03956600553224605,5,0.41735684955501345,0.037693492107692045,5,,,0
synthetic_wide_nonlinear,LOCAL-QWEN3-8B,off,hidden,32,10,0.5081624649859944,0.01892910231896735,5,0.0146543174180381,0.04526155552217296,5,0.3975377323726176,0.08533457666371,5,0.400092460820994,0.08373970965836902,5,,,0
synthetic_wide_nonlinear,LOCAL-QWEN3-8B,off,hidden,32,20,0.5122400960384154,0.02670365797762275,5,0.02518547340315742,0.053535949112325835,5,0.390564047275264,0.09624389558427314,5,0.39437199014308355,0.09436457209540398,5,,,0
synthetic_wide_nonlinear,LOCAL-QWEN3-8B,off,hidden,32,50,0.505482993197279,0.026658009097742724,5,0.018068251341451458,0.0943512108688436,5,0.3887508775690912,0.06851403299183935,5,0.39149480104801826,0.06923430841965181,5,,,0
synthetic_wide_nonlinear,LOCAL-QWEN3-8B,off,hidden,32,100,0.49275710284113644,0.043680820894403394,5,0.002634506176214563,0.11958459244177003,5,0.4125604978344689,0.04408521548402172,5,0.414644697660676,0.0419920496837263,5,,,0
synthetic_wide_nonlinear,LOCAL-QWEN3-8B,off,hidden,full,10,0.5250492196878752,0.03315565329153652,5,0.07491151319086967,0.06616432457372044,5,0.4269975965576272,0.09381452128657672,5,0.42893777571683334,0.09253403560053897,5,,,0
synthetic_wide_nonlinear,LOCAL-QWEN3-8B,off,hidden,full,20,0.49800000000000005,0.004472135954999588,5,-0.00414246510667466,0.009262833572945458,5,0.3655622402711789,0.06469008293773283,5,0.36961522040362926,0.06258332673372925,5,,,0
synthetic_wide_nonlinear,LOCAL-QWEN3-8B,off,hidden,full,50,0.5034013605442177,0.013530204427681635,5,-0.015113023472143838,0.08088201145344935,5,0.39700220478225007,0.06417995429655589,5,0.399849984931925,0.06392216565971573,5,,,0
synthetic_wide_nonlinear,LOCAL-QWEN3-8B,off,hidden,full,100,0.4982408963585434,0.022759381043035046,5,0.0014563653185735797,0.060373726869297546,5,0.4201678485844793,0.055987112016723246,5,0.4225639282654593,0.05390186856407536,5,,,0
synthetic_wide_nonlinear,QWEN,off,hidden,32,10,0.535093237294918,0.03196058796564635,5,0.08625953450691423,0.07646460722536061,5,0.4982752939270914,0.04810619190814196,5,0.49982114676286793,0.04781493275506511,5,,,0
synthetic_wide_nonlinear,QWEN,off,hidden,32,20,0.5064465786314526,0.055439715347937776,5,0.014529277815678799,0.11375765055225884,5,0.503889199626394,0.0516503025348668,5,0.503760096421564,0.051352698239656026,5,,,0
synthetic_wide_nonlinear,QWEN,off,hidden,32,50,0.5187683073229292,0.029291581441007453,5,0.050382667336666784,0.06942859121201882,5,0.4767195431675426,0.06480855245332208,5,0.47859389731928975,0.0632150568471331,5,,,0
synthetic_wide_nonlinear,QWEN,off,hidden,32,100,0.5434949979991996,0.061364850054037884,5,0.09049059048907225,0.12207074379652424,5,0.5081345820379669,0.09175980659048298,5,0.5095810312394258,0.09044893266871032,5,,,0
synthetic_wide_nonlinear,QWEN,off,hidden,full,10,0.5209283713485394,0.043912350507511626,5,0.055652873712387516,0.10466024861655943,5,0.4922523592159333,0.0315146761585455,5,0.49383883466534356,0.03229110661266586,5,,,0
synthetic_wide_nonlinear,QWEN,off,hidden,full,20,0.5085226090436175,0.038163256117167435,5,0.015665706565309384,0.07981254617692472,5,0.4918930561617175,0.052540702854465396,5,0.49281776337168565,0.05103947456067286,5,,,0
synthetic_wide_nonlinear,QWEN,off,hidden,full,50,0.517046818727491,0.04535011586915955,5,0.04110675785821709,0.11520994198359591,5,0.4542197098509358,0.09218179322950766,5,0.45723238305186376,0.08974331037329626,5,,,0
synthetic_wide_nonlinear,REALTABPFN-V2,off,hidden,32,10,0.4845210084033614,0.029265265534084962,5,-0.029217459602991304,0.07933329287552324,5,0.39609379909103254,0.040089501363245066,5,0.39959687735680777,0.03761997034449042,5,0.5093251700680272,0.05954353090199382,5
synthetic_wide_nonlinear,REALTABPFN-V2,off,hidden,32,20,0.5225250100040016,0.04633826535716974,5,0.05822433694950928,0.10785996626083676,5,0.4876038778222774,0.05125124455177805,5,0.4894771422971342,0.0508714265472308,5,0.5607775910364146,0.08559278860058872,5
synthetic_wide_nonlinear,REALTABPFN-V2,off,hidden,32,50,0.5940248099239696,0.05319334176155086,5,0.1951210792926079,0.11152879540575357,5,0.586465679185355,0.05431470293945892,5,0.5865756474777207,0.05381862229578275,5,0.6435956622649059,0.09675976060865135,5
synthetic_wide_nonlinear,REALTABPFN-V2,off,hidden,32,100,0.6747691076430572,0.0517486259427468,5,0.3550811126714949,0.10141656009184088,5,0.6705890367463478,0.05566616133579736,5,0.6704052053602733,0.055573517852031275,5,0.7264657863145259,0.0752256291154059,5
synthetic_wide_nonlinear,REALTABPFN-V2,off,hidden,full,10,0.4788379351740696,0.0338677443087046,5,-0.05721176911704816,0.09510323693398524,5,0.3897647083665323,0.048545681207507865,5,0.3930819319430029,0.04676240701766808,5,0.4441437214885954,0.06680943349156002,5
synthetic_wide_nonlinear,REALTABPFN-V2,off,hidden,full,20,0.5104825930372149,0.047496719070982955,5,0.032364610298522924,0.12785031205046013,5,0.46759974950096767,0.05656097864068148,5,0.46959054269898315,0.05571563227368879,5,0.5221607362945178,0.0643277654908246,5
synthetic_wide_nonlinear,REALTABPFN-V2,off,hidden,full,50,0.5651348539415766,0.09085536986350733,5,0.13987823661326812,0.19495667243680875,5,0.5468061454116382,0.09609415322673341,5,0.5474809407223551,0.09484110343781861,5,0.6315100280112045,0.10418423658901266,5
synthetic_wide_nonlinear,REALTABPFN-V2,off,hidden,full,100,0.6499935974389756,0.06024508012965636,5,0.30351037634304223,0.1221078456647812,5,0.6474209529279296,0.061153786820238504,5,0.647550964708479,0.060525752206284936,5,0.7218936854741898,0.06044417282584911,5
synthetic_wide_nonlinear,RF,off,hidden,32,10,0.5002424969987995,0.0338207255831175,5,0.0009997923282684805,0.07807075197405383,5,0.4545093827963978,0.048185330555441816,5,0.45666608729191804,0.0473654426158535,5,0.5250883713485395,0.04009816382588367,5
synthetic_wide_nonlinear,RF,off,hidden,32,20,0.5572573029211685,0.060060259668732865,5,0.1157193412093945,0.12170441045977366,5,0.5545088992566669,0.06182303597877709,5,0.5548721205155304,0.06202758581712586,5,0.5569351260504202,0.07780642233687084,5
synthetic_wide_nonlinear,RF,off,hidden,32,50,0.5685738295318127,0.07075000697313887,5,0.1392134131332708,0.14326973255606038,5,0.5655274954503101,0.07022203632178972,5,0.5653698337588814,0.06995569605190478,5,0.6123029851940777,0.08933164624828734,5
synthetic_wide_nonlinear,RF,off,hidden,32,100,0.6062288915566227,0.08334691199749619,5,0.2129211914257124,0.16634185785273037,5,0.604660635255984,0.08511018069470228,5,0.6045906579964251,0.08535071229694759,5,0.6329969907963185,0.09200436319843697,5
synthetic_wide_nonlinear,RF,off,hidden,full,10,0.5076006402561024,0.025054494497378812,5,0.02581412975420332,0.08366560087825535,5,0.44206313860649155,0.040391501702888376,5,0.44466404669343607,0.03891956584122487,5,0.48975399759903954,0.03669500809468172,5
synthetic_wide_nonlinear,RF,off,hidden,full,20,0.5135654261704682,0.0458917490747312,5,0.027947703098188198,0.09977958811258474,5,0.4929163581871334,0.05577568384163885,5,0.4942400696662245,0.055290837691900276,5,0.5319280352140856,0.03789937878762136,5
synthetic_wide_nonlinear,RF,off,hidden,full,50,0.5794909963985594,0.07815479211870151,5,0.16037531328908,0.15701171618823348,5,0.5774408242980488,0.07877509215512857,5,0.5777394325680154,0.07854573269530567,5,0.6038189835934373,0.0798638992298739,5
synthetic_wide_nonlinear,RF,off,hidden,full,100,0.6277831132452981,0.05864045603740587,5,0.25609546981019626,0.1173228518522473,5,0.6272029803683807,0.05904605207676974,5,0.627369139921511,0.05873810599261969,5,0.6531919487795118,0.04172413874608081,5
synthetic_wide_sparse,DUMMY,off,hidden,32,10,0.5,0.0,5,0.0,0.0,5,0.33421633554083885,0.001974452960264694,5,0.3355673289183222,0.004995365989469763,5,0.5,0.0,5
synthetic_wide_sparse,DUMMY,off,hidden,32,20,0.5,0.0,5,0.0,0.0,5,0.33421633554083885,0.001974452960264694,5,0.3355673289183222,0.004995365989469763,5,0.5,0.0,5
synthetic_wide_sparse,DUMMY,off,hidden,32,50,0.5,0.0,5,0.0,0.0,5,0.33421633554083885,0.001974452960264694,5,0.3355673289183222,0.004995365989469763,5,0.5,0.0,5
synthetic_wide_sparse,DUMMY,off,hidden,32,100,0.5,0.0,5,0.0,0.0,5,0.33421633554083885,0.001974452960264694,5,0.3355673289183222,0.004995365989469763,5,0.5,0.0,5
synthetic_wide_sparse,DUMMY,off,hidden,full,10,0.5,0.0,5,0.0,0.0,5,0.33421633554083885,0.001974452960264694,5,0.3355673289183222,0.004995365989469763,5,0.5,0.0,5
synthetic_wide_sparse,DUMMY,off,hidden,full,20,0.5,0.0,5,0.0,0.0,5,0.33421633554083885,0.001974452960264694,5,0.3355673289183222,0.004995365989469763,5,0.5,0.0,5
synthetic_wide_sparse,DUMMY,off,hidden,full,50,0.5,0.0,5,0.0,0.0,5,0.33421633554083885,0.001974452960264694,5,0.3355673289183222,0.004995365989469763,5,0.5,0.0,5
synthetic_wide_sparse,DUMMY,off,hidden,full,100,0.5,0.0,5,0.0,0.0,5,0.33421633554083885,0.001974452960264694,5,0.3355673289183222,0.004995365989469763,5,0.5,0.0,5
synthetic_wide_sparse,GEMMA,off,hidden,32,10,0.5077607042817127,0.050686189772091925,5,0.021681730550470582,0.11099143136483537,5,0.489779568016683,0.04204849964448333,5,0.489917443607076,0.04212255283464375,5,,,0
synthetic_wide_sparse,GEMMA,off,hidden,32,20,0.5230428171268507,0.036004078662524946,5,0.048404182363080736,0.07363215560752995,5,0.5089959457435884,0.04149664974352905,5,0.5084946124102551,0.041667429069587314,5,,,0
synthetic_wide_sparse,GEMMA,off,hidden,32,50,0.49979991996798717,0.030002001534191552,3,-0.0027264523171051653,0.06409885265832371,3,0.4890937930180064,0.04451302731186837,3,0.48922734002655344,0.044559079348275174,3,,,0
synthetic_wide_sparse,GEMMA,off,hidden,32,100,0.4833933573429371,,1,-0.0353102337880099,,1,0.4663382594417077,,1,0.4646305418719211,,1,,,0
synthetic_wide_sparse,GEMMA,off,hidden,full,10,0.5778079231692677,0.03885383175253431,5,0.1733521056120469,0.088770152352042,5,0.5597301985399471,0.0386698420535462,5,0.5598265453886022,0.03879116738856076,5,,,0
synthetic_wide_sparse,GEMMA,off,hidden,full,20,0.5291636654661864,0.04429086305968276,5,0.06524441052791859,0.09442754237580656,5,0.5057924223715251,0.04682843364355176,5,0.5052333945937473,0.04691851342898026,5,,,0
synthetic_wide_sparse,GEMMA,off,hidden,full,50,0.5419239695878352,0.019196569872624972,5,0.0850394863839052,0.038809248924235366,5,0.5390598775304161,0.01891038860990558,5,0.5391139261741953,0.018948373995273438,5,,,0
synthetic_wide_sparse,GEMMA,off,hidden,full,100,0.48333333333333334,0.05131601439446891,3,-0.0366219375032205,0.1053780686695984,3,0.47298500003534366,0.05900990688378018,3,0.47298500003534366,0.05900990688378018,3,,,0
synthetic_wide_sparse,LOCAL-LLAMA-3.1-8B,off,hidden,32,10,0.5012004801920769,,1,0.0050539224119801,,1,0.3855799373040752,,1,0.3911097178683385,,1,,,0
synthetic_wide_sparse,LOCAL-LLAMA-3.1-8B,off,hidden,32,20,0.5,,1,0.0,,1,0.3658041603247082,,1,0.3658041603247082,,1,,,0
synthetic_wide_sparse,LOCAL-LLAMA-3.1-8B,off,hidden,full,10,0.4926810724289716,0.012368005399871415,5,-0.04299158899410358,0.05415629072017174,5,0.39826382064782095,0.07055663549370274,5,0.39900194819191864,0.0713430317803889,5,,,0
synthetic_wide_sparse,LOCAL-LLAMA-3.1-8B,off,hidden,full,100,0.492797118847539,0.01247575611694273,3,-0.026544861611207133,0.04597704899049541,3,0.37392966637911323,0.04708733343980363,3,0.3721882711793696,0.04779030707028981,3,,,0
synthetic_wide_sparse,LOCAL-MISTRAL-7B-FP16,off,hidden,32,10,0.501922368947579,0.05210178460697903,5,0.0032410899590353606,0.1078390598939929,5,0.4350395927871623,0.10151282522056199,5,0.43509604359288734,0.10157859688917285,5,,,0
synthetic_wide_sparse,LOCAL-MISTRAL-7B-FP16,off,hidden,32,20,0.5132380952380953,0.0331310186848061,5,0.02764242425809118,0.07595936571347321,5,0.46201460713135295,0.07156995425307518,5,0.4624479404646862,0.07154864914211617,5,,,0
synthetic_wide_sparse,LOCAL-MISTRAL-7B-FP16,off,hidden,32,50,0.4913197278911564,0.012597952553231881,5,-0.03348124723226194,0.05895349961624359,5,0.3958664662500985,0.0714393719920014,5,0.39623852081810185,0.07201084375444784,5,,,0
synthetic_wide_sparse,LOCAL-MISTRAL-7B-FP16,off,hidden,32,100,0.495,0.010000000000000004,4,-0.015386436372416575,0.03077287274483315,4,0.3523044702918475,0.027800325897063383,4,0.35230447029184747,0.02780032589706342,4,,,0
synthetic_wide_sparse,LOCAL-MISTRAL-7B-FP16,off,hidden,full,10,0.4990012004801921,0.010249293947070044,5,-0.006510149066055859,0.028761875910428437,5,0.3923915976547555,0.06102544505256966,5,0.39292699019014804,0.062046432574657105,5,,,0
synthetic_wide_sparse,LOCAL-MISTRAL-7B-FP16,off,hidden,full,20,0.49703961584633854,0.016425887125044822,5,-0.00681339533821648,0.03802495093682402,5,0.43612517261800166,0.061959481378267775,5,0.43558117261800167,0.061752953349814746,5,,,0
synthetic_wide_sparse,LOCAL-MISTRAL-7B-FP16,off,hidden,full,50,0.49800000000000005,0.004472135954999588,5,-0.01172420763521098,0.02621612525465381,5,0.3348515194351769,0.006206122120619043,5,0.33353608319356604,0.008177686639510066,5,,,0
synthetic_wide_sparse,LOCAL-MISTRAL-SMALL-3.1-24B-FP16,off,hidden,32,10,0.5294813925570228,0.050142895353918145,5,0.054001259884143185,0.10732660409131438,5,0.5072869397530182,0.08304618620286035,5,0.5075611135596277,0.08306131098685503,5,,,0
synthetic_wide_sparse,LOCAL-MISTRAL-SMALL-3.1-24B-FP16,off,hidden,32,20,0.5205546218487396,0.05221827372682008,5,0.04262289193845535,0.1082398589558185,5,0.5107026838281296,0.05519292645496793,5,0.5104011885580654,0.05581153910589666,5,,,0
synthetic_wide_sparse,LOCAL-MISTRAL-SMALL-3.1-24B-FP16,off,hidden,32,50,0.5448835534213685,0.040312129676170365,5,0.10414983568920302,0.1007990840311325,5,0.5229916116230514,0.03681301301344681,5,0.5235615428382496,0.03655722132357926,5,,,0
synthetic_wide_sparse,LOCAL-MISTRAL-SMALL-3.1-24B-FP16,off,hidden,32,100,0.4871948779511805,0.03962140524294688,5,-0.023656051726549318,0.10737593797204366,5,0.4117241173025389,0.038879283205674506,5,0.4110022044299545,0.03969484083700614,5,,,0
synthetic_wide_sparse,LOCAL-MISTRAL-SMALL-3.1-24B-FP16,off,hidden,full,10,0.5215270108043217,0.051872058284117055,5,0.04552657279631094,0.11898838687892958,5,0.48616307935491304,0.06858200385884125,5,0.4863799443737311,0.06896522074128282,5,,,0
synthetic_wide_sparse,LOCAL-MISTRAL-SMALL-3.1-24B-FP16,off,hidden,full,20,0.5429267707082833,0.03259352293041637,5,0.10277684058355016,0.06484260881962584,5,0.49881308410182273,0.06634997016674937,5,0.49842468561506365,0.06591648473806425,5,,,0
synthetic_wide_sparse,LOCAL-MISTRAL-SMALL-3.1-24B-FP16,off,hidden,full,50,0.48735974389755904,0.045308298978336596,5,-0.04432443738031646,0.12569801787636287,5,0.4400557211476211,0.07922625372909267,5,0.43930025038115267,0.07939167884652375,5,,,0
synthetic_wide_sparse,LOCAL-MISTRAL-SMALL-3.1-24B-FP16,off,hidden,full,100,0.48395918367346935,0.01671514537671146,5,-0.048726624016885524,0.08486937278896599,5,0.3746192216337758,0.052885787241014774,5,0.37332192433647854,0.054483391775459855,5,,,0
synthetic_wide_sparse,LOCAL-QWEN3-32B-FP8,off,hidden,32,10,0.5111980792316927,0.06773011919417976,5,0.022389589198590836,0.1407041349654104,5,0.4896220342134197,0.0761796850876449,5,0.4889507818932975,0.0769427918971128,5,,,0
synthetic_wide_sparse,LOCAL-QWEN3-32B-FP8,off,hidden,32,20,0.5316430572228892,0.058425150279553764,5,0.06575748561615942,0.13085561277287913,5,0.500538770476863,0.08192574384849824,5,0.5007246290627216,0.08202546421457713,5,,,0
synthetic_wide_sparse,LOCAL-QWEN3-32B-FP8,off,hidden,32,50,0.5278815526210484,0.07191967113722737,5,0.04023629762486276,0.18606799652108783,5,0.4866751239807795,0.11511428727484675,5,0.48675204705770253,0.11514160595373153,5,,,0
synthetic_wide_sparse,LOCAL-QWEN3-32B-FP8,off,hidden,32,100,0.48511484593837534,0.038544911540317334,5,-0.019260837440731,0.11936776379278959,5,0.425901246728211,0.032552326189020125,5,0.4252372406878703,0.03360739534306577,5,,,0
synthetic_wide_sparse,LOCAL-QWEN3-32B-FP8,off,hidden,full,10,0.5538063225290116,0.04204281768863255,5,0.11006210996099312,0.08657895323645633,5,0.5502649183044095,0.04074996280392706,5,0.5503660824954976,0.04083806032303028,5,,,0
synthetic_wide_sparse,LOCAL-QWEN3-32B-FP8,off,hidden,full,20,0.5104809923969589,0.014182974597370649,5,0.02425269112157294,0.03202048297237372,5,0.47337303332014197,0.0534582572573475,5,0.47315479260751936,0.05330397893316072,5,,,0
synthetic_wide_sparse,LOCAL-QWEN3-32B-FP8,off,hidden,full,50,0.5251196478591437,0.03378014192710285,5,0.0537344850170158,0.07059071933670513,5,0.5036902057026772,0.04570019930522138,5,0.5030960950350039,0.046585084096298954,5,,,0
synthetic_wide_sparse,LOCAL-QWEN3-32B-FP8,off,hidden,full,100,0.48127651060424165,0.031022719115119224,5,-0.03764500845280354,0.10260427461798853,5,0.41457307669794546,0.06935179095955488,5,0.4138185684558833,0.06968494155375901,5,,,0
synthetic_wide_sparse,LOCAL-QWEN3-8B,off,hidden,32,10,0.4879607843137254,0.022756335966168884,5,-0.020451535382644943,0.0778030503137928,5,0.3823519097814861,0.03373382867327721,5,0.38110450853408484,0.03529402600570239,5,,,0
synthetic_wide_sparse,LOCAL-QWEN3-8B,off,hidden,32,20,0.49072348939575827,0.0478858367265172,5,-0.004268262032231865,0.1347843369062312,5,0.39483596458518394,0.0648315484818472,5,0.3955025564379502,0.06612324109321278,5,,,0
synthetic_wide_sparse,LOCAL-QWEN3-8B,off,hidden,32,50,0.5039591836734694,0.02795419291074469,5,-0.0005703299641922399,0.0946515172343085,5,0.4082388857949389,0.09652069784774635,5,0.4069415884976416,0.09796333675872372,5,,,0
synthetic_wide_sparse,LOCAL-QWEN3-8B,off,hidden,32,100,0.49152300920368147,0.06256115972023411,5,-0.013863828954274082,0.1418443153067215,5,0.4579163199876103,0.06501835741630514,5,0.4571103878824081,0.06508149560766373,5,,,0
synthetic_wide_sparse,LOCAL-QWEN3-8B,off,hidden,full,10,0.502,0.004472135954999596,5,0.01172420763521098,0.026216125254653805,5,0.3467770553499311,0.01670991615450625,5,0.3454616191083203,0.01862251621682363,5,,,0
synthetic_wide_sparse,LOCAL-QWEN3-8B,off,hidden,full,20,0.5147619047619048,0.028183879537062313,5,0.031007318979439664,0.06003760895977514,5,0.46109002108529984,0.08034271911422362,5,0.46073284870001663,0.08010829978040492,5,,,0
synthetic_wide_sparse,LOCAL-QWEN3-8B,off,hidden,full,50,0.5472404961984794,0.039937915459711704,5,0.09622506925110173,0.07906547773505299,5,0.5311529590850462,0.059767996855152106,5,0.5304936184257055,0.06088719097445984,5,,,0
synthetic_wide_sparse,LOCAL-QWEN3-8B,off,hidden,full,100,0.5176814725890356,0.024877995528234526,5,0.04760715952862864,0.06359565488380306,5,0.44891628012781737,0.057761278953670045,5,0.44795029863965785,0.058588639268362636,5,,,0
synthetic_wide_sparse,QWEN,off,hidden,32,10,0.5456790716286515,0.048222867470594045,5,0.10937135050799854,0.11162052513544486,5,0.5164935516803156,0.05735684799805019,5,0.516678650984681,0.057234537234885786,5,,,0
synthetic_wide_sparse,QWEN,off,hidden,32,20,0.5581656662665067,0.0753333074712274,5,0.1269893623330352,0.1672489116668927,5,0.5513168917039818,0.06821751798884695,5,0.551265245222148,0.0682002992537711,5,,,0
synthetic_wide_sparse,QWEN,off,hidden,32,50,0.5631628651460584,0.06952504631465495,5,0.1452274608657489,0.14087019297474207,5,0.5330599421465703,0.08661931982812725,5,0.5334853309654017,0.08652346792499346,5,,,0
synthetic_wide_sparse,QWEN,off,hidden,32,100,0.46919647859143654,0.048716693940416195,5,-0.06367848691145694,0.10754147063311648,5,0.39401782800935076,0.035023561387440304,5,0.3933212454129974,0.03492181155982888,5,,,0
synthetic_wide_sparse,QWEN,off,hidden,full,10,0.5605706282513006,0.04744984749167799,5,0.1418369043456261,0.09958314002154449,5,0.5318220935190101,0.05344615689990975,5,0.5316263860630036,0.05302602958034097,5,,,0
synthetic_wide_sparse,QWEN,off,hidden,full,20,0.5517262905162065,0.021241820085436337,5,0.11359171728117934,0.05175887762378853,5,0.5365584103095147,0.023126030731259767,5,0.5366936760099977,0.023423926519574013,5,,,0
synthetic_wide_sparse,QWEN,off,hidden,full,50,0.5251972789115646,0.05239849957880521,5,0.05111039046771941,0.10842225012879643,5,0.5032805577274322,0.06645394432075799,5,0.5037462968214796,0.065954463985979,5,,,0
synthetic_wide_sparse,REALTABPFN-V2,off,hidden,32,10,0.5458407362945178,0.10219814361392683,5,0.09426703949959445,0.23467851898328193,5,0.48404058673897443,0.14156659536090363,5,0.48413883235300953,0.14158821825296625,5,0.5650001600640255,0.16270044495957617,5
synthetic_wide_sparse,REALTABPFN-V2,off,hidden,32,20,0.5965218087234894,0.16288713197873111,5,0.1914870050617568,0.33788747880504616,5,0.5812693261087757,0.1776612736053798,5,0.5810355598750094,0.17777431372466093,5,0.6247624169667867,0.21688323277344487,5
synthetic_wide_sparse,REALTABPFN-V2,off,hidden,32,50,0.6123321328531413,0.19506948552300307,5,0.2226317061232126,0.4024595292038763,5,0.6005536412851764,0.20727507485362157,5,0.6004551587206102,0.20724684668842236,5,0.6659777511004401,0.24908983847023802,5
synthetic_wide_sparse,REALTABPFN-V2,off,hidden,32,100,0.6542553021208483,0.196858586520225,5,0.3119074415562418,0.39845271611203237,5,0.650284800737948,0.1998490088753569,5,0.6502226453494769,0.19983391881438214,5,0.7049414485794318,0.23526380244564649,5
synthetic_wide_sparse,REALTABPFN-V2,off,hidden,full,10,0.5838191276510605,0.10751568889211757,5,0.2014730618513822,0.21427282705219902,5,0.5030059890756848,0.17268770773195175,5,0.5030686145273107,0.17279473829040382,5,0.6760266986794717,0.13068581730168474,5
synthetic_wide_sparse,REALTABPFN-V2,off,hidden,full,20,0.7059007603041216,0.08755941916003446,5,0.42320526528087343,0.17247406506608254,5,0.6977888173406507,0.09990007051891482,5,0.6978272788791122,0.09992985714175626,5,0.803787707082833,0.08313862856639379,5
synthetic_wide_sparse,REALTABPFN-V2,off,hidden,full,50,0.8556686674669868,0.04772038957203758,5,0.7196183739508205,0.09337826339425097,5,0.8550028326698251,0.048297019793012506,5,0.8550593983263909,0.04830243068198263,5,0.9354751660664264,0.04382673073956988,5
synthetic_wide_sparse,REALTABPFN-V2,off,hidden,full,100,0.8797094837935175,0.033281900539079944,5,0.7655542765926489,0.06183110323949449,5,0.8793518415211338,0.033765839346209116,5,0.8793990236967565,0.033747810530454385,5,0.9687181752701081,0.021594289346363916,5
synthetic_wide_sparse,RF,off,hidden,32,10,0.5075582232893158,0.058325810779263174,5,0.008352165130647796,0.15723268182281083,5,0.44261886038426007,0.08733332187368788,5,0.4428721071375068,0.08744304641211868,5,0.5116004161664665,0.11689009086403565,5
synthetic_wide_sparse,RF,off,hidden,32,20,0.5422000800320128,0.061230643935326276,5,0.08507428300594888,0.126994865913346,5,0.5298075470667394,0.07176013543819502,5,0.5297274188616112,0.07180306899499589,5,0.5334805602240896,0.10422885835858765,5
synthetic_wide_sparse,RF,off,hidden,32,50,0.5917719087635054,0.10313673884106045,5,0.18792197214432002,0.21541020194091318,5,0.5845016612014836,0.10857730026900556,5,0.58460014376605,0.1086498063300324,5,0.6102510284113645,0.1475500202157638,5
synthetic_wide_sparse,RF,off,hidden,32,100,0.6161232492997198,0.15184419180529307,5,0.23427238044276089,0.30665271543271544,5,0.6135815491847627,0.15341414911079637,5,0.6135447344588724,0.15343629647827778,5,0.6412854261704681,0.18799285986361722,5
synthetic_wide_sparse,RF,off,hidden,full,10,0.5556918767507002,0.05964952419004162,5,0.1552697168432228,0.13875833959828093,5,0.4705022801938645,0.10967693340382022,5,0.47062930912823286,0.10993273508419277,5,0.5951753341336534,0.07976958214320874,5
synthetic_wide_sparse,RF,off,hidden,full,20,0.6555334133653462,0.08009218428302045,5,0.3365618024133348,0.17145420493565933,5,0.6426036754252328,0.0849891349752257,5,0.6427782253184278,0.08504578160135683,5,0.7080995598239295,0.07576747286894524,5
synthetic_wide_sparse,RF,off,hidden,full,50,0.7236638655462185,0.0496658774777675,5,0.45872667026654435,0.10333964786180296,5,0.7207090256644497,0.0500744497638719,5,0.7207898337452578,0.050230403401899444,5,0.7981496278511405,0.05912305242308892,5
synthetic_wide_sparse,RF,off,hidden,full,100,0.781748699479792,0.054049164270289225,5,0.5729357037518821,0.10612109264722573,5,0.7798733486809184,0.05603809232774982,5,0.7799184372477461,0.05611780731075009,5,0.8662708283313325,0.04806635013016096,5
synthetic_xor,DUMMY,off,hidden,full,10,0.5,0.0,5,0.0,0.0,5,0.3428992215442878,0.0036875913823196634,5,0.35795155691142433,0.0097411471573971,5,0.5,0.0,5
synthetic_xor,DUMMY,off,hidden,full,20,0.5,0.0,5,0.0,0.0,5,0.3428992215442878,0.0036875913823196634,5,0.35795155691142433,0.0097411471573971,5,0.5,0.0,5
synthetic_xor,DUMMY,off,hidden,full,50,0.5,0.0,5,0.0,0.0,5,0.3428992215442878,0.0036875913823196634,5,0.35795155691142433,0.0097411471573971,5,0.5,0.0,5
synthetic_xor,DUMMY,off,hidden,full,100,0.5,0.0,5,0.0,0.0,5,0.3428992215442878,0.0036875913823196634,5,0.35795155691142433,0.0097411471573971,5,0.5,0.0,5
synthetic_xor,GEMMA,off,hidden,full,10,0.683108504398827,0.05196076714900576,5,0.38063947776856527,0.10700095169451493,5,0.6798074669068584,0.05403964562119991,5,0.6816373251692724,0.05403584807754525,5,,,0
synthetic_xor,GEMMA,off,hidden,full,20,0.7601707779886148,0.07098832587832113,5,0.5298422556955216,0.14646276458209193,5,0.7573393901335078,0.07093116436532539,5,0.757542191917192,0.07095345264780567,5,,,0
synthetic_xor,GEMMA,off,hidden,full,50,0.8336777643608763,0.07466494295380055,5,0.6687913718881964,0.14962362926577122,5,0.8311904582872325,0.07526503302453201,5,0.8310637436040661,0.07535805390762809,5,,,0
synthetic_xor,GEMMA,off,hidden,full,100,0.8514127997239951,0.05451371711193514,5,0.705851374251612,0.11118232279952582,5,0.8496415132862986,0.05376552519504304,5,0.8497543557367603,0.05358504426815335,5,,,0
synthetic_xor,LOCAL-GEMMA-3-27B,off,hidden,full,10,0.6908837904663331,0.08338650337346185,5,0.42597840593441455,0.1442181675254614,5,0.6680577170233367,0.10348713802509944,5,0.6691196714770569,0.10036782712074215,5,,,0
synthetic_xor,LOCAL-GEMMA-3-27B,off,hidden,full,20,0.8058553274682307,0.019040248955631063,5,0.6187799724607445,0.03797108783305192,5,0.8021854257056458,0.018118460173973238,5,0.8019884330487201,0.01818176484990493,5,,,0
synthetic_xor,LOCAL-GEMMA-3-27B,off,hidden,full,50,0.8634788108791904,0.041170678847543156,5,0.7347975007444568,0.08107169195299813,5,0.8588805676980703,0.0417080674306834,5,0.8585542944035419,0.04183054822975803,5,,,0
synthetic_xor,LOCAL-GEMMA-3-27B,off,hidden,full,100,0.875794376401587,0.023055918711109156,5,0.761289482269063,0.048309059591125865,5,0.8713384634226464,0.023258066630342814,5,0.8710819272813459,0.023240963600285516,5,,,0
synthetic_xor,LOCAL-LLAMA-3.1-8B,off,hidden,full,10,0.5044206773618538,0.01949220478682571,5,0.0010904173284366826,0.08828551111325184,5,0.36392433560903814,0.05333119159439297,5,0.37755591815390427,0.05454401286173288,5,,,0
synthetic_xor,LOCAL-LLAMA-3.1-8B,off,hidden,full,20,0.52244091771606,0.04758198069588217,5,0.07366932689262803,0.15555378471021805,5,0.4704785730495056,0.06887923513919138,5,0.47750892455543337,0.06714822283728897,5,,,0
synthetic_xor,LOCAL-LLAMA-3.1-8B,off,hidden,full,50,0.5516928296245184,0.06419860785803465,5,0.14154299846998297,0.14311957592961957,5,0.4488822616445054,0.13377076060390666,5,0.4442492693047881,0.13959773278296544,5,,,0
synthetic_xor,LOCAL-LLAMA-3.1-8B,off,hidden,full,100,0.5199049316696375,0.017243935663614266,3,0.11426248678699157,0.09899060749701158,3,0.3661448306757231,0.03477460080028333,3,0.3542326528882593,0.03409863715858486,3,,,0
synthetic_xor,LOCAL-MISTRAL-7B-FP16,off,hidden,full,10,0.5632511068943706,0.08213878425673761,5,0.1378786773939614,0.1652802741293415,5,0.5115376004194321,0.126360117871211,5,0.5098791037427368,0.12851810856592347,5,,,0
synthetic_xor,LOCAL-MISTRAL-7B-FP16,off,hidden,full,20,0.5099246736817895,0.05217760393506795,5,0.010190079581739198,0.1148317193297591,5,0.4314848907020905,0.09841710319753198,5,0.4342865939325513,0.09348345396570976,5,,,0
synthetic_xor,LOCAL-MISTRAL-7B-FP16,off,hidden,full,50,0.5166666666666667,,1,0.1341246360271594,,1,0.3827735284336547,,1,0.402664615896242,,1,,,0
synthetic_xor,LOCAL-MISTRAL-7B-FP16,off,hidden,full,100,0.5671634753608188,0.06768610445797928,5,0.18994807262672864,0.17309680764224125,5,0.5217937413952043,0.08276113374124926,5,0.5267136735256109,0.07786718536124208,5,,,0
synthetic_xor,LOCAL-MISTRAL-SMALL-3.1-24B-FP16,off,hidden,full,10,0.7405203841067218,0.08085363382104199,5,0.5049422640628138,0.1460913938584652,5,0.7334006229303448,0.08943776413924438,5,0.7348740561687062,0.08823120335862192,5,,,0
synthetic_xor,LOCAL-MISTRAL-SMALL-3.1-24B-FP16,off,hidden,full,20,0.8112897475705825,0.061621637664564764,5,0.6344576699124334,0.11800594852101341,5,0.8073601472341279,0.06504041955421858,5,0.8071481799882466,0.06564894821354371,5,,,0
synthetic_xor,LOCAL-MISTRAL-SMALL-3.1-24B-FP16,off,hidden,full,50,0.8299171985509746,0.0811737660909191,5,0.6635781442049875,0.16143326338227973,5,0.8274545582472841,0.0810688744248708,5,0.8274811082478266,0.08105796921472717,5,,,0
synthetic_xor,LOCAL-MISTRAL-SMALL-3.1-24B-FP16,off,hidden,full,100,0.8620188603300558,0.07290039522403519,5,0.7274195688326115,0.14110407419118912,5,0.8589359126845222,0.07465560360389266,5,0.8587363410597559,0.0749173558014816,5,,,0
synthetic_xor,LOCAL-QWEN3-30B-A3B,off,hidden,full,10,0.6185101489276063,0.08840639841107015,5,0.24886216423750068,0.1844512285235159,5,0.6104007532666694,0.09007312831498981,5,0.6124641208634328,0.08864411766629622,5,,,0
synthetic_xor,LOCAL-QWEN3-30B-A3B,off,hidden,full,20,0.6027646483813467,0.026965857606539644,5,0.2580334887100223,0.05064057416410341,5,0.5688784388778872,0.041484801794738166,5,0.5750320216198122,0.04039417947472224,5,,,0
synthetic_xor,LOCAL-QWEN3-30B-A3B,off,hidden,full,50,0.6782669196710943,0.060163079541568895,5,0.40907585282354486,0.08584011535337836,5,0.6581249195941414,0.09341599394500161,5,0.6618414815882343,0.09196378437197024,5,,,0
synthetic_xor,LOCAL-QWEN3-30B-A3B,off,hidden,full,100,0.6786015755275717,0.031383294787634734,5,0.3972471364163931,0.0524598165976955,5,0.6670374245911083,0.0400263322377564,5,0.670555649254408,0.03903994548350782,5,,,0
synthetic_xor,LOCAL-QWEN3-32B-FP8,off,hidden,full,10,0.7281634178598125,0.06222709179796114,5,0.4634680264822563,0.12811498187286094,5,0.7281657975076812,0.06210323883238238,5,0.7294638709847162,0.06150429580067551,5,,,0
synthetic_xor,LOCAL-QWEN3-32B-FP8,off,hidden,full,20,0.8313288482548444,0.0700097107684826,5,0.6633356637955665,0.1396092887362362,5,0.8308886364614277,0.07028728123354883,5,0.8311245914017323,0.07035677546994758,5,,,0
synthetic_xor,LOCAL-QWEN3-32B-FP8,off,hidden,full,50,0.7851848657351503,0.0628776522529084,5,0.5767468732966963,0.11695927191579586,5,0.78438701666245,0.06558762199455313,5,0.7853365138186347,0.06493283336169413,5,,,0
synthetic_xor,LOCAL-QWEN3-32B-FP8,off,hidden,full,100,0.8663498361221322,0.07139113278689052,5,0.7449750065901769,0.13720181729155573,5,0.866593584701943,0.07011118322472187,5,0.8673555114928927,0.06946046173578568,5,,,0
synthetic_xor,LOCAL-QWEN3-8B,off,hidden,full,10,0.6399884997987465,0.08743370060633339,5,0.3154499213793619,0.17959436543215074,5,0.6145816499766749,0.0934638237314841,5,0.6115724513292621,0.09459824883865393,5,,,0
synthetic_xor,LOCAL-QWEN3-8B,off,hidden,full,20,0.6879115634523604,0.09516844514083071,5,0.40766763055422633,0.15170363302720763,5,0.6608502589592341,0.1343526648220426,5,0.6579986378355256,0.13960126633490919,5,,,0
synthetic_xor,LOCAL-QWEN3-8B,off,hidden,full,50,0.76133862342591,0.09309798351281726,5,0.5641743438838451,0.1553655158836375,5,0.7389756967225195,0.11805179254022168,5,0.7369612800573287,0.11992166345144079,5,,,0
synthetic_xor,LOCAL-QWEN3-8B,off,hidden,full,100,0.7263193605888103,0.06783013552112867,5,0.49142977432545126,0.08658059556624494,5,0.7040771220690663,0.10014188758760348,5,0.7015498946652732,0.10430796395975724,5,,,0
synthetic_xor,QWEN,off,hidden,full,10,0.6910252429417515,0.11201024274099784,5,0.4084144987859687,0.22778344714697715,5,0.6841884347456084,0.11520090809775857,5,0.6865897121337542,0.1140312164188628,5,,,0
synthetic_xor,QWEN,off,hidden,full,20,0.7591702604795584,0.07650683674379498,5,0.5355115309329304,0.15359469532141629,5,0.7523243713776887,0.08028804608206831,5,0.7518396881617635,0.08115923131758508,5,,,0
synthetic_xor,QWEN,off,hidden,full,50,0.805784026220459,0.061720904029110304,5,0.615392759327374,0.1202109030937436,5,0.80252943918044,0.06453061151003013,5,0.8022503699164311,0.06491428235563061,5,,,0
synthetic_xor,QWEN,off,hidden,full,100,0.8178442872750272,0.051562504685442496,5,0.654192097585564,0.1025602615536998,5,0.8104307436458236,0.05382328164546691,5,0.8097000286484439,0.05424821762053452,5,,,0
synthetic_xor,REALTABPFN-V2,off,hidden,full,10,0.5617072048760854,0.04734556204322609,5,0.17684534317003958,0.11062522623833292,5,0.48244991677941373,0.10877335761123931,5,0.4901528333610564,0.10642306169669485,5,0.6301385774251049,0.13392384506682592,5
synthetic_xor,REALTABPFN-V2,off,hidden,full,20,0.6756753493186131,0.15378567135037807,5,0.3759352010534832,0.3131829393365606,5,0.6574453176740982,0.17211835477844128,5,0.6602117476456515,0.17027401157908825,5,0.7845089414064746,0.15698057772742416,5
synthetic_xor,REALTABPFN-V2,off,hidden,full,50,0.8871709504916335,0.025145294937537546,5,0.7787144964784594,0.04670325799251893,5,0.8868530068530068,0.02363589447392373,5,0.8871322558822559,0.023451475628633422,5,0.9559812546719566,0.02872092187589025,5
synthetic_xor,REALTABPFN-V2,off,hidden,full,100,0.9342263239606693,0.030315483722262903,5,0.8711800822616134,0.06133388780677673,5,0.9341345481653164,0.030058339936433642,5,0.9342857366921473,0.030022216489188874,5,0.9696693692139613,0.023894348791180825,5
synthetic_xor,RF,off,hidden,full,10,0.5472060261054568,0.06585155368617938,5,0.1167677344782875,0.1554160130927322,5,0.5214091792676049,0.07145201851613572,5,0.5246832165338948,0.07192029025133048,5,0.5923822666896671,0.07164846315117003,5
synthetic_xor,RF,off,hidden,full,20,0.6082973952044161,0.08968107210488992,5,0.2256630224629948,0.18265999102779068,5,0.5996173333257927,0.0955868595104774,5,0.6019039732500573,0.09466603563213602,5,0.6322045885803002,0.07057384980442168,5
synthetic_xor,RF,off,hidden,full,50,0.6864194123397159,0.09098677942083684,5,0.37724160809133434,0.18716098925539262,5,0.6857152856013814,0.09052255073546826,5,0.6864996588526333,0.09031363380094443,5,0.776767293427635,0.08233531674474208,5
synthetic_xor,RF,off,hidden,full,100,0.862212063711115,0.09945039802194441,5,0.728954383368964,0.19548978129458133,5,0.861025288423475,0.09903099250085044,5,0.8615896725029355,0.0979505923585767,5,0.9108978782128687,0.05916805981732393,5
taiwanese_bankruptcy_prediction,DUMMY,off,hidden,full,50,0.5,0.0,5,0.0,0.0,5,0.4897959183673469,0.0,5,0.9404081632653061,0.0,5,0.5,0.0,5
taiwanese_bankruptcy_prediction,DUMMY,off,visible,full,50,0.5,0.0,5,0.0,0.0,5,0.4897959183673469,0.0,5,0.9404081632653061,0.0,5,0.5,0.0,5
taiwanese_bankruptcy_prediction,GEMMA,off,hidden,full,50,0.5815972222222222,0.14133053464537718,3,0.18746685252796494,0.32470211331345733,3,0.5858447005745303,0.16636137078795918,3,0.9495837298650028,0.01589254753890712,3,,,0
taiwanese_bankruptcy_prediction,GEMMA,off,visible,full,50,0.59375,0.099641283696401,5,0.21432839735259632,0.20813704067030944,5,0.5997646798331513,0.10384543842793356,5,0.9471037408352061,0.008598453587348577,5,,,0
taiwanese_bankruptcy_prediction,REALTABPFN-V2,off,hidden,full,50,0.5177083333333334,0.04852422791188387,5,0.02752826432875864,0.09023567499942224,5,0.5088187820339352,0.04698996052163044,5,0.9360431726162666,0.004384106903909374,5,0.9046875,0.05164529337824503,5
taiwanese_bankruptcy_prediction,REALTABPFN-V2,off,visible,full,50,0.5177083333333334,0.04852422791188387,5,0.02752826432875864,0.09023567499942224,5,0.5088187820339352,0.04698996052163044,5,0.9360431726162666,0.004384106903909374,5,0.9046875,0.05164529337824503,5
taiwanese_bankruptcy_prediction,RF,off,hidden,full,50,0.5479166666666667,0.11007957585689246,5,0.1083770618174679,0.25396226341260575,5,0.546901901454085,0.129160458598978,5,0.9449087936489861,0.013054471129524323,5,0.85546875,0.13038074522769255,5
taiwanese_bankruptcy_prediction,RF,off,visible,full,50,0.5479166666666667,0.11007957585689246,5,0.1083770618174679,0.25396226341260575,5,0.546901901454085,0.129160458598978,5,0.9449087936489861,0.013054471129524323,5,0.85546875,0.13038074522769255,5
website_phishing,DUMMY,off,hidden,full,50,0.3333333333333333,0.0,5,0.0,0.0,5,0.22807017543859648,0.0,5,0.3557894736842105,0.0,5,0.5,0.0,5
website_phishing,DUMMY,off,visible,full,50,0.3333333333333333,0.0,5,0.0,0.0,5,0.22807017543859648,0.0,5,0.3557894736842105,0.0,5,0.5,0.0,5
website_phishing,GEMMA,off,hidden,full,50,0.6551282051282051,0.052376149271321774,5,0.6601399412404181,0.09268894602259986,5,0.6654892381236832,0.05985108289241354,5,0.7994271921654634,0.051011425968946124,5,,,0
website_phishing,GEMMA,off,visible,full,50,0.6394871794871795,0.05339901342823179,5,0.6444002498338555,0.07227767420655966,5,0.6427347337320283,0.05832904640490277,5,0.7928918458946691,0.040929979198762956,5,,,0
website_phishing,LOCAL-GEMMA-3-27B,off,hidden,full,50,0.5907692307692308,0.035600304167306404,5,0.649703363282669,0.056751942710085164,5,0.574205721507537,0.04390147618016137,5,0.7807721193012881,0.030138825610966813,5,,,0
website_phishing,LOCAL-MISTRAL-7B-FP16,off,hidden,full,50,0.5806410256410256,0.030660196770555925,5,0.6344078025319236,0.07005878954241038,5,0.5641524529119465,0.030329674664090697,5,0.7719739344853268,0.03314471204079882,5,,,0
website_phishing,LOCAL-MISTRAL-7B-FP16,off,visible,full,50,0.2816666666666666,0.09338271798576518,5,0.01269088667255584,0.1396257200308355,5,0.22983767091419655,0.056170068968742964,5,0.3366036228134376,0.07910269423338895,5,,,0
website_phishing,LOCAL-MISTRAL-SMALL-3.1-24B-FP16,off,hidden,full,50,0.6153846153846154,0.04991774957418412,5,0.6432355466645749,0.06490639482615874,5,0.6156277893891288,0.06412372370934412,5,0.7843969642223361,0.03998234557598294,5,,,0
website_phishing,LOCAL-MISTRAL-SMALL-3.1-24B-FP16,off,visible,full,50,0.601025641025641,0.051582851785167895,5,0.5975408449391973,0.07416965076539342,5,0.5998021431742175,0.06267927282759765,5,0.7641424616643611,0.04295912161004044,5,,,0
website_phishing,LOCAL-QWEN3-30B-A3B,off,hidden,full,50,0.573076923076923,0.023324878716231123,5,0.6309855477637927,0.05010789992614193,5,0.5504462291052329,0.019385916904387995,5,0.7641200705108752,0.025242463624834052,5,,,0
website_phishing,LOCAL-QWEN3-30B-A3B,off,visible,full,50,0.5321794871794872,0.09554013548501178,5,0.5245335870464233,0.17165698645607683,5,0.5241441712084471,0.11942042388419023,5,0.6998122048980318,0.11870765258366012,5,,,0
website_phishing,LOCAL-QWEN3-32B-FP8,off,hidden,full,50,0.5976923076923077,0.03362666790234107,5,0.6491407171246546,0.06782951761783577,5,0.582203119294437,0.04287176429977435,5,0.7784596703598423,0.03546841994816342,5,,,0
website_phishing,LOCAL-QWEN3-32B-FP8,off,visible,full,50,0.5874358974358974,0.06553150920148917,5,0.6249196647422257,0.0843367903598672,5,0.5740175634236518,0.08249833464928924,5,0.768553316026267,0.05069813565354722,5,,,0
website_phishing,LOCAL-QWEN3-8B,off,hidden,full,50,0.5900000000000001,0.04373467609907641,5,0.6458584931734286,0.08656616270276536,5,0.5699791999257824,0.05262330418621502,5,0.7726400974392524,0.04685581742136987,5,,,0
website_phishing,LOCAL-QWEN3-8B,off,visible,full,50,0.4980769230769231,0.052714372446790135,5,0.4710447188094357,0.1274328435379901,5,0.4811046026642611,0.0632948891474783,5,0.6640532500863172,0.07522446919206338,5,,,0
website_phishing,QWEN,off,hidden,full,50,0.5803846153846154,0.03951963368272573,5,0.6271306686486685,0.06689971232520246,5,0.565382362023491,0.0485682195947417,5,0.7684689612456743,0.036186967055419295,5,,,0
website_phishing,QWEN,off,visible,full,50,0.5738461538461539,0.0287834075404285,5,0.6292395620565612,0.06289092307126262,5,0.5503266255842095,0.02588998780883947,5,0.7635279691437538,0.033797465441844844,5,,,0
website_phishing,REALTABPFN-V2,off,hidden,full,50,0.6012820512820513,0.022458779540198506,5,0.6909709225613919,0.057519918991769635,5,0.574772246767665,0.021969651799935437,5,0.7961214645868916,0.02905894489936582,5,0.908055615942029,0.027822318735809114,5
website_phishing,REALTABPFN-V2,off,visible,full,50,0.6012820512820513,0.022458779540198506,5,0.6909709225613919,0.057519918991769635,5,0.574772246767665,0.021969651799935437,5,0.7961214645868916,0.02905894489936582,5,0.908055615942029,0.027822318735809114,5
website_phishing,RF,off,hidden,full,50,0.6506410256410257,0.06220426416209265,5,0.6643420759201433,0.06743870036672744,5,0.6613081702144219,0.07862853864787427,5,0.7985698247643177,0.040048937433173136,5,0.9062563405797102,0.029979135987176886,5
website_phishing,RF,off,visible,full,50,0.6506410256410257,0.06220426416209265,5,0.6643420759201433,0.06743870036672744,5,0.6613081702144219,0.07862853864787427,5,0.7985698247643177,0.040048937433173136,5,0.9062563405797102,0.029979135987176886,5
